User_ID,UTC_Time,Account,Operation,Coin,Change,Remark,Symbol,Qty,Type,Open date,Adj cost per share,Adj cost,
,,,,,,,BTC,2.15154,Buy,2024/12/31,92792.06,199645.86,
360673752,2025/1/2 16:46,Spot,Deposit,USDT,53654.4299,,USDT,53654.4299,Buy,2025/1/2,1,53654.4299,
360673752,2025/1/3 6:42,Spot,Transaction Spend,USDT,-9138.150945,,BTC,0.55465,Buy,2025/1/3,80224.48319,44496.5096,
360673752,2025/1/3 6:42,Spot,Transaction Spend,USDT,-26991.87379,,,,,2025/1/3,,,
360673752,2025/1/3 6:42,Spot,Transaction Buy,BTC,0.09109,,,,,2025/1/3,,,
360673752,2025/1/3 6:42,Spot,Transaction Spend,USDT,-8808.403911,,,,,2025/1/3,,,
360673752,2025/1/3 6:42,Spot,Transaction Fee,BTC,-0.0000945,,,,,2025/1/3,,,
360673752,2025/1/3 6:42,Spot,Transaction Buy,BTC,0.0945,,,,,2025/1/3,,,
360673752,2025/1/3 6:42,Spot,Transaction Buy,BTC,0.27913,,,,,2025/1/3,,,
360673752,2025/1/3 6:42,Spot,Transaction Fee,BTC,-0.00009109,,,,,2025/1/3,,,
360673752,2025/1/3 6:42,Spot,Transaction Buy,BTC,0.08993,,,,,2025/1/3,,,
360673752,2025/1/3 6:42,Spot,Transaction Fee,BTC,-0.00027913,,,,,2025/1/3,,,
360673752,2025/1/3 6:42,Spot,Transaction Spend,USDT,-8696.231899,,,,,2025/1/3,,,
360673752,2025/1/3 6:42,Spot,Transaction Fee,BTC,-0.00008993,,,,,2025/1/3,,,
360673752,2025/1/3 9:00,Funding,P2P Trading,USDT,6887.05,P2P - 22708420214230765568,,,,2025/1/3,,,
360673752,2025/1/3 9:01,Funding,Transfer Between Main and Funding Wallet,USDT,-6887.05,,,,,2025/1/3,,,
360673752,2025/1/3 9:01,Spot,Transfer Between Main and Funding Wallet,USDT,6887.05,,,,,2025/1/3,,,
360673752,2025/1/3 9:01,Spot,Transaction Buy,BTC,0.07181,,,,,2025/1/3,,,
360673752,2025/1/3 9:01,Spot,Transaction Spend,USDT,-6906.058181,,,,,2025/1/3,,,
360673752,2025/1/3 9:01,Spot,Transaction Fee,BTC,-0.00007181,,,,,2025/1/3,,,
360673752,2025/4/4 1:20,Spot,Transaction Sold,BTC,-0.015,,,,,2025/4/4,,,
360673752,2025/4/4 1:20,Spot,Transaction Fee,USDT,-1.2482745,,,,,2025/4/4,,,
360673752,2025/4/4 1:20,Spot,Transaction Revenue,USDT,1248.2745,,,,,2025/4/4,,,
360673752,2025/4/4 1:33,Spot,Lead Portfolio (Spot) - Create,USDT,-1248.2,Binance Copy Trading,,,,2025/4/4,,,
360673752,2025/4/4 1:33,Spot Lead,Lead Portfolio (Spot) - Create,USDT,1248.2,Binance Copy Trading,,,,2025/4/4,,,
360673752,2025/4/4 1:53,Spot Lead,Transaction Buy,BTC,0.00007,,,,,2025/4/4,,,
360673752,2025/4/4 1:53,Spot Lead,Transaction Fee,BTC,-9.00E-07,,,,,2025/4/4,,,
360673752,2025/4/4 1:53,Spot Lead,Transaction Fee,BTC,-8.90E-07,,,,,2025/4/4,,,
360673752,2025/4/4 1:53,Spot Lead,Transaction Fee,BTC,-1.00E-07,,,,,2025/4/4,,,
360673752,2025/4/4 1:53,Spot Lead,Transaction Spend,USDT,-6.6293672,,,,,2025/4/4,,,
360673752,2025/4/4 1:53,Spot Lead,Transaction Spend,USDT,-5.8005717,,,,,2025/4/4,,,
360673752,2025/4/4 1:53,Spot Lead,Transaction Spend,USDT,-8.286464,,,,,2025/4/4,,,
360673752,2025/4/4 1:53,Spot Lead,Transaction Buy,BTC,0.00007,,,,,2025/4/4,,,
360673752,2025/4/4 1:53,Spot Lead,Transaction Fee,BTC,-0.00000143,,,,,2025/4/4,,,
360673752,2025/4/4 1:53,Spot Lead,Transaction Buy,BTC,0.0001,,,,,2025/4/4,,,
360673752,2025/4/4 1:53,Spot Lead,Transaction Spend,USDT,-5.8005255,,,,,2025/4/4,,,
360673752,2025/4/4 1:53,Spot Lead,Transaction Fee,BTC,-7.00E-08,,,,,2025/4/4,,,
360673752,2025/4/4 1:53,Spot Lead,Transaction Spend,USDT,-5.8005248,,,,,2025/4/4,,,
360673752,2025/4/4 1:53,Spot Lead,Transaction Fee,BTC,-7.00E-08,,,,,2025/4/4,,,
360673752,2025/4/4 1:53,Spot Lead,Transaction Spend,USDT,-118.4964352,,,,,2025/4/4,,,
360673752,2025/4/4 1:53,Spot Lead,Transaction Buy,BTC,0.00007,,,,,2025/4/4,,,
360673752,2025/4/4 1:53,Spot Lead,Transaction Fee,BTC,-1.40E-07,,,,,2025/4/4,,,
360673752,2025/4/4 1:53,Spot Lead,Transaction Spend,USDT,-74.578185,,,,,2025/4/4,,,
360673752,2025/4/4 1:53,Spot Lead,Transaction Buy,BTC,0.0001,,,,,2025/4/4,,,
360673752,2025/4/4 1:53,Spot Lead,Transaction Buy,BTC,0.00302,,,,,2025/4/4,,,
360673752,2025/4/4 1:53,Spot Lead,Transaction Buy,BTC,0.00007,,,,,2025/4/4,,,
360673752,2025/4/4 1:53,Spot Lead,Transaction Buy,BTC,0.00014,,,,,2025/4/4,,,
360673752,2025/4/4 1:53,Spot Lead,Transaction Buy,BTC,0.00007,,,,,2025/4/4,,,
360673752,2025/4/4 1:53,Spot Lead,Transaction Fee,BTC,-1.00E-07,,,,,2025/4/4,,,
360673752,2025/4/4 1:53,Spot Lead,Transaction Fee,BTC,-1.40E-07,,,,,2025/4/4,,,
360673752,2025/4/4 1:53,Spot Lead,Transaction Spend,USDT,-5.8006963,,,,,2025/4/4,,,
360673752,2025/4/4 1:53,Spot Lead,Transaction Buy,BTC,0.00014,,,,,2025/4/4,,,
360673752,2025/4/4 1:53,Spot Lead,Transaction Buy,BTC,0.00007,,,,,2025/4/4,,,
360673752,2025/4/4 1:53,Spot Lead,Transaction Buy,BTC,0.0009,,,,,2025/4/4,,,
360673752,2025/4/4 1:53,Spot Lead,Transaction Buy,BTC,0.00007,,,,,2025/4/4,,,
360673752,2025/4/4 1:53,Spot Lead,Transaction Buy,BTC,0.00007,,,,,2025/4/4,,,
360673752,2025/4/4 1:53,Spot Lead,Transaction Buy,BTC,0.00007,,,,,2025/4/4,,,
360673752,2025/4/4 1:53,Spot Lead,Transaction Spend,USDT,-8.286464,,,,,2025/4/4,,,
360673752,2025/4/4 1:53,Spot Lead,Transaction Fee,BTC,-7.00E-08,,,,,2025/4/4,,,
360673752,2025/4/4 1:53,Spot Lead,Transaction Buy,BTC,0.00008,,,,,2025/4/4,,,
360673752,2025/4/4 1:53,Spot Lead,Transaction Spend,USDT,-5.8005787,,,,,2025/4/4,,,
360673752,2025/4/4 1:53,Spot Lead,Transaction Buy,BTC,0.00007,,,,,2025/4/4,,,
360673752,2025/4/4 1:53,Spot Lead,Transaction Buy,BTC,0.00269,,,,,2025/4/4,,,
360673752,2025/4/4 1:53,Spot Lead,Transaction Fee,BTC,-7.00E-08,,,,,2025/4/4,,,
360673752,2025/4/4 1:53,Spot Lead,Transaction Spend,USDT,-5.8006298,,,,,2025/4/4,,,
360673752,2025/4/4 1:53,Spot Lead,Transaction Fee,BTC,-1.00E-07,,,,,2025/4/4,,,
360673752,2025/4/4 1:53,Spot Lead,Transaction Spend,USDT,-5.8006963,,,,,2025/4/4,,,
360673752,2025/4/4 1:53,Spot Lead,Transaction Buy,BTC,0.00007,,,,,2025/4/4,,,
360673752,2025/4/4 1:53,Spot Lead,Transaction Fee,BTC,-8.00E-08,,,,,2025/4/4,,,
360673752,2025/4/4 1:53,Spot Lead,Transaction Spend,USDT,-5.8005717,,,,,2025/4/4,,,
360673752,2025/4/4 1:53,Spot Lead,Transaction Fee,BTC,-7.00E-08,,,,,2025/4/4,,,
360673752,2025/4/4 1:53,Spot Lead,Transaction Spend,USDT,-5.8005255,,,,,2025/4/4,,,
360673752,2025/4/4 1:53,Spot Lead,Transaction Spend,USDT,-11.6010496,,,,,2025/4/4,,,
360673752,2025/4/4 1:53,Spot Lead,Transaction Fee,BTC,-7.00E-08,,,,,2025/4/4,,,
360673752,2025/4/4 1:53,Spot Lead,Transaction Fee,BTC,-7.00E-08,,,,,2025/4/4,,,
360673752,2025/4/4 1:53,Spot Lead,Transaction Fee,BTC,-8.00E-08,,,,,2025/4/4,,,
360673752,2025/4/4 1:53,Spot Lead,Transaction Fee,BTC,-1.60E-07,,,,,2025/4/4,,,
360673752,2025/4/4 1:53,Spot Lead,Transaction Spend,USDT,-5.8006151,,,,,2025/4/4,,,
360673752,2025/4/4 1:53,Spot Lead,Transaction Spend,USDT,-74.578185,,,,,2025/4/4,,,
360673752,2025/4/4 1:53,Spot Lead,Transaction Spend,USDT,-13.2583424,,,,,2025/4/4,,,
360673752,2025/4/4 1:53,Spot Lead,Transaction Spend,USDT,-222.9058816,,,,,2025/4/4,,,
360673752,2025/4/4 1:53,Spot Lead,Transaction Spend,USDT,-5.8005248,,,,,2025/4/4,,,
360673752,2025/4/4 1:53,Spot Lead,Transaction Buy,BTC,0.00007,,,,,2025/4/4,,,
360673752,2025/4/4 1:53,Spot Lead,Transaction Buy,BTC,0.00007,,,,,2025/4/4,,,
360673752,2025/4/4 1:53,Spot Lead,Transaction Spend,USDT,-149.9849984,,,,,2025/4/4,,,
360673752,2025/4/4 1:53,Spot Lead,Transaction Spend,USDT,-24.0307456,,,,,2025/4/4,,,
360673752,2025/4/4 1:53,Spot Lead,Transaction Buy,BTC,0.00007,,,,,2025/4/4,,,
360673752,2025/4/4 1:53,Spot Lead,Transaction Buy,BTC,0.00007,,,,,2025/4/4,,,
360673752,2025/4/4 1:53,Spot Lead,Transaction Spend,USDT,-11.6010496,,,,,2025/4/4,,,
360673752,2025/4/4 1:53,Spot Lead,Transaction Fee,BTC,-2.90E-07,,,,,2025/4/4,,,
360673752,2025/4/4 1:53,Spot Lead,Transaction Spend,USDT,-11.601051,,,,,2025/4/4,,,
360673752,2025/4/4 1:53,Spot Lead,Transaction Buy,BTC,0.0009,,,,,2025/4/4,,,
360673752,2025/4/4 1:53,Spot Lead,Transaction Fee,BTC,-7.00E-08,,,,,2025/4/4,,,
360673752,2025/4/4 1:53,Spot Lead,Transaction Fee,BTC,-7.00E-08,,,,,2025/4/4,,,
360673752,2025/4/4 1:53,Spot Lead,Transaction Fee,BTC,-0.00000269,,,,,2025/4/4,,,
360673752,2025/4/4 1:53,Spot Lead,Transaction Fee,BTC,-7.00E-08,,,,,2025/4/4,,,
360673752,2025/4/4 1:53,Spot Lead,Transaction Buy,BTC,0.00029,,,,,2025/4/4,,,
360673752,2025/4/4 1:53,Spot Lead,Transaction Spend,USDT,-5.8005255,,,,,2025/4/4,,,
360673752,2025/4/4 1:53,Spot Lead,Transaction Spend,USDT,-6.6292744,,,,,2025/4/4,,,
360673752,2025/4/4 1:53,Spot Lead,Transaction Fee,BTC,-7.00E-08,,,,,2025/4/4,,,
360673752,2025/4/4 1:53,Spot Lead,Transaction Fee,BTC,-8.90E-07,,,,,2025/4/4,,,
360673752,2025/4/4 1:53,Spot Lead,Transaction Fee,BTC,-1.40E-07,,,,,2025/4/4,,,
360673752,2025/4/4 1:53,Spot Lead,Transaction Buy,BTC,0.00089,,,,,2025/4/4,,,
360673752,2025/4/4 1:53,Spot Lead,Transaction Spend,USDT,-5.80062,,,,,2025/4/4,,,
360673752,2025/4/4 1:53,Spot Lead,Transaction Fee,BTC,-7.00E-08,,,,,2025/4/4,,,
360673752,2025/4/4 1:53,Spot Lead,Transaction Fee,BTC,-0.00000181,,,,,2025/4/4,,,
360673752,2025/4/4 1:53,Spot Lead,Transaction Spend,USDT,-5.8006193,,,,,2025/4/4,,,
360673752,2025/4/4 1:53,Spot Lead,Transaction Fee,BTC,-7.00E-08,,,,,2025/4/4,,,
360673752,2025/4/4 1:53,Spot Lead,Transaction Buy,BTC,0.00007,,,,,2025/4/4,,,
360673752,2025/4/4 1:53,Spot Lead,Transaction Buy,BTC,0.00089,,,,,2025/4/4,,,
360673752,2025/4/4 1:53,Spot Lead,Transaction Buy,BTC,0.00016,,,,,2025/4/4,,,
360673752,2025/4/4 1:53,Spot Lead,Transaction Buy,BTC,0.00143,,,,,2025/4/4,,,
360673752,2025/4/4 1:53,Spot Lead,Transaction Spend,USDT,-73.7495296,,,,,2025/4/4,,,
360673752,2025/4/4 1:53,Spot Lead,Transaction Spend,USDT,-5.8006963,,,,,2025/4/4,,,
360673752,2025/4/4 1:53,Spot Lead,Transaction Fee,BTC,-7.00E-08,,,,,2025/4/4,,,
360673752,2025/4/4 1:53,Spot Lead,Transaction Buy,BTC,0.00007,,,,,2025/4/4,,,
360673752,2025/4/4 1:53,Spot Lead,Transaction Fee,BTC,-0.00000302,,,,,2025/4/4,,,
360673752,2025/4/4 1:53,Spot Lead,Transaction Fee,BTC,-7.00E-08,,,,,2025/4/4,,,
360673752,2025/4/4 1:53,Spot Lead,Transaction Spend,USDT,-73.7495296,,,,,2025/4/4,,,
360673752,2025/4/4 1:53,Spot Lead,Transaction Buy,BTC,0.00014,,,,,2025/4/4,,,
360673752,2025/4/4 1:53,Spot Lead,Transaction Spend,USDT,-250.258642,,,,,2025/4/4,,,
360673752,2025/4/4 1:53,Spot Lead,Transaction Spend,USDT,-5.800578,,,,,2025/4/4,,,
360673752,2025/4/4 1:53,Spot Lead,Transaction Spend,USDT,-8.286464,,,,,2025/4/4,,,
360673752,2025/4/4 1:53,Spot Lead,Transaction Fee,BTC,-7.00E-08,,,,,2025/4/4,,,
360673752,2025/4/4 1:53,Spot Lead,Transaction Fee,BTC,-7.00E-08,,,,,2025/4/4,,,
360673752,2025/4/4 1:53,Spot Lead,Transaction Fee,BTC,-9.00E-07,,,,,2025/4/4,,,
360673752,2025/4/4 1:53,Spot Lead,Transaction Buy,BTC,0.0001,,,,,2025/4/4,,,
360673752,2025/4/4 1:53,Spot Lead,Transaction Buy,BTC,0.00181,,,,,2025/4/4,,,
360673752,2025/4/4 1:53,Spot Lead,Transaction Buy,BTC,0.00008,,,,,2025/4/4,,,
360673752,2025/4/4 1:53,Spot Lead,Transaction Spend,USDT,-5.8005248,,,,,2025/4/4,,,
360673752,2025/4/16 6:18,Spot,Transaction Sold,BTC,-0.00007,,,,,2025/4/16,,,
360673752,2025/4/16 6:18,Spot,Transaction Sold,BTC,-0.015,,,,,2025/4/16,,,
360673752,2025/4/16 6:18,Spot,Transaction Fee,USDT,-0.00835353,,,,,2025/4/16,,,
360673752,2025/4/16 6:18,Spot,Transaction Revenue,USDT,74.3464348,,,,,2025/4/16,,,
360673752,2025/4/16 6:18,Spot,Transaction Revenue,USDT,8.353532,,,,,2025/4/16,,,
360673752,2025/4/16 6:18,Spot,Transaction Sold,BTC,-0.00007,,,,,2025/4/16,,,
360673752,2025/4/16 6:18,Spot,Transaction Sold,BTC,-0.00006,,,,,2025/4/16,,,
360673752,2025/4/16 6:18,Spot,Transaction Fee,USDT,-0.00501212,,,,,2025/4/16,,,
360673752,2025/4/16 6:18,Spot,Transaction Fee,USDT,-0.07434643,,,,,2025/4/16,,,
360673752,2025/4/16 6:18,Spot,Transaction Sold,BTC,-0.00007,,,,,2025/4/16,,,
360673752,2025/4/16 6:18,Spot,Transaction Sold,BTC,-0.0001,,,,,2025/4/16,,,
360673752,2025/4/16 6:18,Spot,Transaction Fee,USDT,-0.00584747,,,,,2025/4/16,,,
360673752,2025/4/16 6:18,Spot,Transaction Revenue,USDT,5.8474724,,,,,2025/4/16,,,
360673752,2025/4/16 6:18,Spot,Transaction Revenue,USDT,5.0121192,,,,,2025/4/16,,,
360673752,2025/4/16 6:18,Spot,Transaction Revenue,USDT,20.88383,,,,,2025/4/16,,,
360673752,2025/4/16 6:18,Spot,Transaction Sold,BTC,-0.00007,,,,,2025/4/16,,,
360673752,2025/4/16 6:18,Spot,Transaction Fee,USDT,-0.00584747,,,,,2025/4/16,,,
360673752,2025/4/16 6:18,Spot,Transaction Fee,USDT,-0.00584747,,,,,2025/4/16,,,
360673752,2025/4/16 6:18,Spot,Transaction Revenue,USDT,5.8474724,,,,,2025/4/16,,,
360673752,2025/4/16 6:18,Spot,Transaction Sold,BTC,-0.00007,,,,,2025/4/16,,,
360673752,2025/4/16 6:18,Spot,Transaction Fee,USDT,-0.02004848,,,,,2025/4/16,,,
360673752,2025/4/16 6:18,Spot,Transaction Sold,BTC,-0.00007,,,,,2025/4/16,,,
360673752,2025/4/16 6:18,Spot,Transaction Sold,BTC,-0.02394,,,,,2025/4/16,,,
360673752,2025/4/16 6:18,Spot,Transaction Fee,USDT,-0.00584747,,,,,2025/4/16,,,
360673752,2025/4/16 6:18,Spot,Transaction Revenue,USDT,86.8767328,,,,,2025/4/16,,,
360673752,2025/4/16 6:18,Spot,Transaction Revenue,USDT,20.0484768,,,,,2025/4/16,,,
360673752,2025/4/16 6:18,Spot,Transaction Sold,BTC,-0.00075,,,,,2025/4/16,,,
360673752,2025/4/16 6:18,Spot,Transaction Sold,BTC,-0.00007,,,,,2025/4/16,,,
360673752,2025/4/16 6:18,Spot,Transaction Revenue,USDT,5.8474724,,,,,2025/4/16,,,
360673752,2025/4/16 6:18,Spot,Transaction Revenue,USDT,1253.0298,,,,,2025/4/16,,,
360673752,2025/4/16 6:18,Spot,Transaction Sold,BTC,-0.00006,,,,,2025/4/16,,,
360673752,2025/4/16 6:18,Spot,Transaction Fee,USDT,-0.00584747,,,,,2025/4/16,,,
360673752,2025/4/16 6:18,Spot,Transaction Sold,BTC,-0.00025,,,,,2025/4/16,,,
360673752,2025/4/16 6:18,Spot,Transaction Sold,BTC,-0.00007,,,,,2025/4/16,,,
360673752,2025/4/16 6:18,Spot,Transaction Fee,USDT,-0.00584747,,,,,2025/4/16,,,
360673752,2025/4/16 6:18,Spot,Transaction Revenue,USDT,5.8474724,,,,,2025/4/16,,,
360673752,2025/4/16 6:18,Spot,Transaction Fee,USDT,-1.2530298,,,,,2025/4/16,,,
360673752,2025/4/16 6:18,Spot,Transaction Fee,USDT,-0.00584747,,,,,2025/4/16,,,
360673752,2025/4/16 6:18,Spot,Transaction Revenue,USDT,8.353532,,,,,2025/4/16,,,
360673752,2025/4/16 6:18,Spot,Transaction Revenue,USDT,20.0484768,,,,,2025/4/16,,,
360673752,2025/4/16 6:18,Spot,Transaction Revenue,USDT,19.2131236,,,,,2025/4/16,,,
360673752,2025/4/16 6:18,Spot,Transaction Revenue,USDT,5.8474724,,,,,2025/4/16,,,
360673752,2025/4/16 6:18,Spot,Transaction Fee,USDT,-0.00584747,,,,,2025/4/16,,,
360673752,2025/4/16 6:18,Spot,Transaction Fee,USDT,-0.00584747,,,,,2025/4/16,,,
360673752,2025/4/16 6:18,Spot,Transaction Sold,BTC,-0.00007,,,,,2025/4/16,,,
360673752,2025/4/16 6:18,Spot,Transaction Sold,BTC,-0.00023,,,,,2025/4/16,,,
360673752,2025/4/16 6:18,Spot,Transaction Sold,BTC,-0.00007,,,,,2025/4/16,,,
360673752,2025/4/16 6:18,Spot,Transaction Fee,USDT,-0.00501212,,,,,2025/4/16,,,
360673752,2025/4/16 6:18,Spot,Transaction Fee,USDT,-0.00835353,,,,,2025/4/16,,,
360673752,2025/4/16 6:18,Spot,Transaction Fee,USDT,-0.02088383,,,,,2025/4/16,,,
360673752,2025/4/16 6:18,Spot,Transaction Revenue,USDT,5.0121192,,,,,2025/4/16,,,
360673752,2025/4/16 6:18,Spot,Transaction Revenue,USDT,5.8474724,,,,,2025/4/16,,,
360673752,2025/4/16 6:18,Spot,Transaction Fee,USDT,-1.99983556,,,,,2025/4/16,,,
360673752,2025/4/16 6:18,Spot,Transaction Fee,USDT,-0.00584747,,,,,2025/4/16,,,
360673752,2025/4/16 6:18,Spot,Transaction Revenue,USDT,1999.835561,,,,,2025/4/16,,,
360673752,2025/4/16 6:18,Spot,Transaction Fee,USDT,-0.00584747,,,,,2025/4/16,,,
360673752,2025/4/16 6:18,Spot,Transaction Sold,BTC,-0.00104,,,,,2025/4/16,,,
360673752,2025/4/16 6:18,Spot,Transaction Fee,USDT,-0.00584747,,,,,2025/4/16,,,
360673752,2025/4/16 6:18,Spot,Transaction Revenue,USDT,5.8474724,,,,,2025/4/16,,,
360673752,2025/4/16 6:18,Spot,Transaction Sold,BTC,-0.00025,,,,,2025/4/16,,,
360673752,2025/4/16 6:18,Spot,Transaction Sold,BTC,-0.00007,,,,,2025/4/16,,,
360673752,2025/4/16 6:18,Spot,Transaction Sold,BTC,-0.00024,,,,,2025/4/16,,,
360673752,2025/4/16 6:18,Spot,Transaction Revenue,USDT,5.8474724,,,,,2025/4/16,,,
360673752,2025/4/16 6:18,Spot,Transaction Revenue,USDT,5.8474724,,,,,2025/4/16,,,
360673752,2025/4/16 6:18,Spot,Transaction Revenue,USDT,5.8474724,,,,,2025/4/16,,,
360673752,2025/4/16 6:18,Spot,Transaction Revenue,USDT,5.8474724,,,,,2025/4/16,,,
360673752,2025/4/16 6:18,Spot,Transaction Sold,BTC,-0.00006,,,,,2025/4/16,,,
360673752,2025/4/16 6:18,Spot,Transaction Sold,BTC,-0.0001,,,,,2025/4/16,,,
360673752,2025/4/16 6:18,Spot,Transaction Revenue,USDT,20.88383,,,,,2025/4/16,,,
360673752,2025/4/16 6:18,Spot,Transaction Revenue,USDT,8.353532,,,,,2025/4/16,,,
360673752,2025/4/16 6:18,Spot,Transaction Fee,USDT,-0.02088383,,,,,2025/4/16,,,
360673752,2025/4/16 6:18,Spot,Transaction Fee,USDT,-0.01921312,,,,,2025/4/16,,,
360673752,2025/4/16 6:18,Spot,Transaction Sold,BTC,-0.00007,,,,,2025/4/16,,,
360673752,2025/4/16 6:18,Spot,Transaction Fee,USDT,-0.00835353,,,,,2025/4/16,,,
360673752,2025/4/16 6:18,Spot,Transaction Revenue,USDT,5.0121192,,,,,2025/4/16,,,
360673752,2025/4/16 6:18,Spot,Transaction Fee,USDT,-0.00584747,,,,,2025/4/16,,,
360673752,2025/4/16 6:18,Spot,Transaction Sold,BTC,-0.0001,,,,,2025/4/16,,,
360673752,2025/4/16 6:18,Spot,Transaction Sold,BTC,-0.0001,,,,,2025/4/16,,,
360673752,2025/4/16 6:18,Spot,Transaction Sold,BTC,-0.00007,,,,,2025/4/16,,,
360673752,2025/4/16 6:18,Spot,Transaction Fee,USDT,-0.02004848,,,,,2025/4/16,,,
360673752,2025/4/16 6:18,Spot,Transaction Fee,USDT,-0.00584747,,,,,2025/4/16,,,
360673752,2025/4/16 6:18,Spot,Transaction Fee,USDT,-0.00584747,,,,,2025/4/16,,,
360673752,2025/4/16 6:18,Spot,Transaction Revenue,USDT,5.8474724,,,,,2025/4/16,,,
360673752,2025/4/16 6:18,Spot,Transaction Revenue,USDT,5.8474724,,,,,2025/4/16,,,
360673752,2025/4/16 6:18,Spot,Transaction Fee,USDT,-0.06265149,,,,,2025/4/16,,,
360673752,2025/4/16 6:18,Spot,Transaction Revenue,USDT,5.8474724,,,,,2025/4/16,,,
360673752,2025/4/16 6:18,Spot,Transaction Revenue,USDT,62.65149,,,,,2025/4/16,,,
360673752,2025/4/16 6:18,Spot,Transaction Sold,BTC,-0.00007,,,,,2025/4/16,,,
360673752,2025/4/16 6:18,Spot,Transaction Revenue,USDT,8.353532,,,,,2025/4/16,,,
360673752,2025/4/16 6:18,Spot,Transaction Fee,USDT,-0.00501212,,,,,2025/4/16,,,
360673752,2025/4/16 6:18,Spot,Transaction Sold,BTC,-0.00089,,,,,2025/4/16,,,
360673752,2025/4/16 6:18,Spot,Transaction Sold,BTC,-0.00007,,,,,2025/4/16,,,
360673752,2025/4/16 6:18,Spot,Transaction Fee,USDT,-0.08687673,,,,,2025/4/16,,,
360673752,2025/4/16 6:18,Spot,Transaction Fee,USDT,-0.00835353,,,,,2025/4/16,,,
360673752,2025/4/16 6:18,Spot,Transaction Revenue,USDT,5.8474724,,,,,2025/4/16,,,
360673752,2025/4/16 6:18,Spot,Transaction Sold,BTC,-0.00024,,,,,2025/4/16,,,
360673752,2025/4/16 6:18,Spot,Transaction Revenue,USDT,50.121192,,,,,2025/4/16,,,
360673752,2025/4/16 6:18,Spot,Transaction Sold,BTC,-0.0006,,,,,2025/4/16,,,
360673752,2025/4/16 6:18,Spot,Transaction Fee,USDT,-0.09940703,,,,,2025/4/16,,,
360673752,2025/4/16 6:18,Spot,Transaction Revenue,USDT,99.4070308,,,,,2025/4/16,,,
360673752,2025/4/16 6:18,Spot,Transaction Fee,USDT,-0.05012119,,,,,2025/4/16,,,
360673752,2025/4/16 6:18,Spot,Transaction Sold,BTC,-0.00119,,,,,2025/4/16,,,
360673752,2025/4/16 6:18,Spot,Transaction Sold,BTC,-0.00008,,,,,2025/4/16,,,
360673752,2025/4/16 6:18,Spot,Transaction Fee,USDT,-0.00668283,,,,,2025/4/16,,,
360673752,2025/4/16 6:18,Spot,Transaction Revenue,USDT,6.6828256,,,,,2025/4/16,,,
360673752,2025/4/16 6:18,Spot,Transaction Sold,BTC,-0.00008,,,,,2025/4/16,,,
360673752,2025/4/16 6:18,Spot,Transaction Fee,USDT,-0.00668283,,,,,2025/4/16,,,
360673752,2025/4/16 6:18,Spot,Transaction Revenue,USDT,6.6828256,,,,,2025/4/16,,,
360673752,2025/4/16 6:18,Spot,Transaction Revenue,USDT,10.0242384,,,,,2025/4/16,,,
360673752,2025/4/16 6:18,Spot,Transaction Sold,BTC,-0.00029,,,,,2025/4/16,,,
360673752,2025/4/16 6:18,Spot,Transaction Fee,USDT,-0.02422524,,,,,2025/4/16,,,
360673752,2025/4/16 6:18,Spot,Transaction Fee,USDT,-0.01002424,,,,,2025/4/16,,,
360673752,2025/4/16 6:18,Spot,Transaction Sold,BTC,-0.00081,,,,,2025/4/16,,,
360673752,2025/4/16 6:18,Spot,Transaction Revenue,USDT,24.2252428,,,,,2025/4/16,,,
360673752,2025/4/16 6:18,Spot,Transaction Sold,BTC,-0.00012,,,,,2025/4/16,,,
360673752,2025/4/16 6:18,Spot,Transaction Fee,USDT,-0.03842625,,,,,2025/4/16,,,
360673752,2025/4/16 6:18,Spot,Transaction Sold,BTC,-0.00046,,,,,2025/4/16,,,
360673752,2025/4/16 6:18,Spot,Transaction Fee,USDT,-0.06766361,,,,,2025/4/16,,,
360673752,2025/4/16 6:18,Spot,Transaction Revenue,USDT,67.6636092,,,,,2025/4/16,,,
360673752,2025/4/16 6:18,Spot,Transaction Revenue,USDT,38.4262472,,,,,2025/4/16,,,
360673752,2025/4/16 6:18,Spot,Transaction Revenue,USDT,10.8595916,,,,,2025/4/16,,,
360673752,2025/4/16 6:18,Spot,Transaction Fee,USDT,-0.01085959,,,,,2025/4/16,,,
360673752,2025/4/16 6:18,Spot,Transaction Sold,BTC,-0.00013,,,,,2025/4/16,,,
360673752,2025/4/16 6:18,Spot,Transaction Revenue,USDT,10.0242384,,,,,2025/4/16,,,
360673752,2025/4/16 6:18,Spot,Transaction Fee,USDT,-0.01002424,,,,,2025/4/16,,,
360673752,2025/4/16 6:18,Spot,Transaction Sold,BTC,-0.00012,,,,,2025/4/16,,,
360673752,2025/4/16 6:18,Spot,Transaction Sold,BTC,-0.00008,,,,,2025/4/16,,,
360673752,2025/4/16 6:18,Spot,Transaction Revenue,USDT,6.6828256,,,,,2025/4/16,,,
360673752,2025/4/16 6:18,Spot,Transaction Fee,USDT,-0.01002424,,,,,2025/4/16,,,
360673752,2025/4/16 6:18,Spot,Transaction Fee,USDT,-0.00668283,,,,,2025/4/16,,,
360673752,2025/4/16 6:18,Spot,Transaction Revenue,USDT,6.6828256,,,,,2025/4/16,,,
360673752,2025/4/16 6:18,Spot,Transaction Revenue,USDT,10.0242384,,,,,2025/4/16,,,
360673752,2025/4/16 6:18,Spot,Transaction Sold,BTC,-0.00008,,,,,2025/4/16,,,
360673752,2025/4/16 6:18,Spot,Transaction Fee,USDT,-0.0517919,,,,,2025/4/16,,,
360673752,2025/4/16 6:18,Spot,Transaction Sold,BTC,-0.00062,,,,,2025/4/16,,,
360673752,2025/4/16 6:18,Spot,Transaction Sold,BTC,-0.00012,,,,,2025/4/16,,,
360673752,2025/4/16 6:18,Spot,Transaction Revenue,USDT,51.7918984,,,,,2025/4/16,,,
360673752,2025/4/16 6:18,Spot,Transaction Fee,USDT,-0.00668283,,,,,2025/4/16,,,
360673752,2025/4/16 6:18,Spot,Transaction Revenue,USDT,499.5412136,,,,,2025/4/16,,,
360673752,2025/4/16 6:18,Spot,Transaction Fee,USDT,-0.49954121,,,,,2025/4/16,,,
360673752,2025/4/16 6:18,Spot,Transaction Revenue,USDT,14.2010044,,,,,2025/4/16,,,
360673752,2025/4/16 6:18,Spot,Transaction Sold,BTC,-0.00017,,,,,2025/4/16,,,
360673752,2025/4/16 6:18,Spot,Transaction Sold,BTC,-0.00598,,,,,2025/4/16,,,
360673752,2025/4/16 6:18,Spot,Transaction Fee,USDT,-0.014201,,,,,2025/4/16,,,
360673752,2025/4/16 6:18,Spot,Transaction Sold,BTC,-0.0172,,,,,2025/4/16,,,
360673752,2025/4/16 6:18,Spot,Transaction Fee,USDT,-1.4368075,,,,,2025/4/16,,,
360673752,2025/4/16 6:18,Spot,Transaction Revenue,USDT,1436.807504,,,,,2025/4/16,,,
360673752,2025/4/16 6:18,Spot,Transaction Sold,BTC,-0.00179,,,,,2025/4/16,,,
360673752,2025/4/16 6:18,Spot,Transaction Fee,USDT,-0.32662306,,,,,2025/4/16,,,
360673752,2025/4/16 6:18,Spot,Transaction Sold,BTC,-0.00006,,,,,2025/4/16,,,
360673752,2025/4/16 6:18,Spot,Transaction Fee,USDT,-0.05095655,,,,,2025/4/16,,,
360673752,2025/4/16 6:18,Spot,Transaction Sold,BTC,-0.00024,,,,,2025/4/16,,,
360673752,2025/4/16 6:18,Spot,Transaction Sold,BTC,-0.08784,,,,,2025/4/16,,,
360673752,2025/4/16 6:18,Spot,Transaction Fee,USDT,-0.00501212,,,,,2025/4/16,,,
360673752,2025/4/16 6:18,Spot,Transaction Fee,USDT,-0.00584747,,,,,2025/4/16,,,
360673752,2025/4/16 6:18,Spot,Transaction Sold,BTC,-0.00391,,,,,2025/4/16,,,
360673752,2025/4/16 6:18,Spot,Transaction Fee,USDT,-0.00584747,,,,,2025/4/16,,,
360673752,2025/4/16 6:18,Spot,Transaction Fee,USDT,-16.77806701,,,,,2025/4/16,,,
360673752,2025/4/16 6:18,Spot,Transaction Fee,USDT,-0.02004847,,,,,2025/4/16,,,
360673752,2025/4/16 6:18,Spot,Transaction Fee,USDT,-0.41517049,,,,,2025/4/16,,,
360673752,2025/4/16 6:18,Spot,Transaction Revenue,USDT,415.1704907,,,,,2025/4/16,,,
360673752,2025/4/16 6:18,Spot,Transaction Fee,USDT,-0.70086125,,,,,2025/4/16,,,
360673752,2025/4/16 6:18,Spot,Transaction Fee,USDT,-7.39036888,,,,,2025/4/16,,,
360673752,2025/4/16 6:18,Spot,Transaction Revenue,USDT,5.8474717,,,,,2025/4/16,,,
360673752,2025/4/16 6:18,Spot,Transaction Revenue,USDT,700.8612509,,,,,2025/4/16,,,
360673752,2025/4/16 6:18,Spot,Transaction Revenue,USDT,5.8474717,,,,,2025/4/16,,,
360673752,2025/4/16 6:18,Spot,Transaction Fee,USDT,-29.84716626,,,,,2025/4/16,,,
360673752,2025/4/16 6:18,Spot,Transaction Fee,USDT,-7.33774163,,,,,2025/4/16,,,
360673752,2025/4/16 6:18,Spot,Transaction Revenue,USDT,20.0484744,,,,,2025/4/16,,,
360673752,2025/4/16 6:18,Spot,Transaction Revenue,USDT,16778.06701,,,,,2025/4/16,,,
360673752,2025/4/16 6:18,Spot,Transaction Fee,USDT,-0.1495282,,,,,2025/4/16,,,
360673752,2025/4/16 6:18,Spot,Transaction Revenue,USDT,20.0484744,,,,,2025/4/16,,,
360673752,2025/4/16 6:18,Spot,Transaction Sold,BTC,-0.00024,,,,,2025/4/16,,,
360673752,2025/4/16 6:18,Spot,Transaction Revenue,USDT,5.0121186,,,,,2025/4/16,,,
360673752,2025/4/16 6:18,Spot,Transaction Revenue,USDT,5.8474717,,,,,2025/4/16,,,
360673752,2025/4/16 6:18,Spot,Transaction Fee,USDT,-0.00501212,,,,,2025/4/16,,,
360673752,2025/4/16 6:18,Spot,Transaction Sold,BTC,-0.00025,,,,,2025/4/16,,,
360673752,2025/4/16 6:18,Spot,Transaction Fee,USDT,-0.00584747,,,,,2025/4/16,,,
360673752,2025/4/16 6:18,Spot,Transaction Revenue,USDT,7337.74163,,,,,2025/4/16,,,
360673752,2025/4/16 6:18,Spot,Transaction Sold,BTC,-0.00024,,,,,2025/4/16,,,
360673752,2025/4/16 6:18,Spot,Transaction Fee,USDT,-16.76135995,,,,,2025/4/16,,,
360673752,2025/4/16 6:18,Spot,Transaction Sold,BTC,-0.00006,,,,,2025/4/16,,,
360673752,2025/4/16 6:18,Spot,Transaction Fee,USDT,-0.02088383,,,,,2025/4/16,,,
360673752,2025/4/16 6:18,Spot,Transaction Sold,BTC,-0.20085,,,,,2025/4/16,,,
360673752,2025/4/16 6:18,Spot,Transaction Fee,USDT,-0.00584747,,,,,2025/4/16,,,
360673752,2025/4/16 6:18,Spot,Transaction Sold,BTC,-0.00061,,,,,2025/4/16,,,
360673752,2025/4/16 6:18,Spot,Transaction Revenue,USDT,7390.368876,,,,,2025/4/16,,,
360673752,2025/4/16 6:18,Spot,Transaction Sold,BTC,-0.3573,,,,,2025/4/16,,,
360673752,2025/4/16 6:18,Spot,Transaction Revenue,USDT,50.9565452,,,,,2025/4/16,,,
360673752,2025/4/16 6:18,Spot,Transaction Sold,BTC,-0.00497,,,,,2025/4/16,,,
360673752,2025/4/16 6:18,Spot,Transaction Fee,USDT,-0.02004847,,,,,2025/4/16,,,
360673752,2025/4/16 6:18,Spot,Transaction Revenue,USDT,20.8838275,,,,,2025/4/16,,,
360673752,2025/4/16 6:18,Spot,Transaction Revenue,USDT,149.5282049,,,,,2025/4/16,,,
360673752,2025/4/16 6:18,Spot,Transaction Sold,BTC,-0.08847,,,,,2025/4/16,,,
360673752,2025/4/16 6:18,Spot,Transaction Revenue,USDT,16761.35995,,,,,2025/4/16,,,
360673752,2025/4/16 6:18,Spot,Transaction Sold,BTC,-0.00007,,,,,2025/4/16,,,
360673752,2025/4/16 6:18,Spot,Transaction Sold,BTC,-0.00007,,,,,2025/4/16,,,
360673752,2025/4/16 6:18,Spot,Transaction Sold,BTC,-0.20065,,,,,2025/4/16,,,
360673752,2025/4/16 6:18,Spot,Transaction Revenue,USDT,5.0121186,,,,,2025/4/16,,,
360673752,2025/4/16 6:18,Spot,Transaction Revenue,USDT,20.0484744,,,,,2025/4/16,,,
360673752,2025/4/16 6:18,Spot,Transaction Sold,BTC,-0.00839,,,,,2025/4/16,,,
360673752,2025/4/16 6:18,Spot,Transaction Fee,USDT,-0.02004847,,,,,2025/4/16,,,
360673752,2025/4/16 6:18,Spot,Transaction Sold,BTC,-0.00007,,,,,2025/4/16,,,
360673752,2025/4/16 6:18,Spot,Transaction Sold,BTC,-0.00007,,,,,2025/4/16,,,
360673752,2025/4/16 6:18,Spot,Transaction Revenue,USDT,5.8474717,,,,,2025/4/16,,,
360673752,2025/4/16 6:18,Spot,Transaction Revenue,USDT,29847.16626,,,,,2025/4/16,,,
360673752,2025/4/16 6:18,Spot,Transaction Revenue,USDT,326.6230621,,,,,2025/4/16,,,
360673752,2025/4/16 6:21,Spot,Lead Portfolio (Spot) - Deposit,USDT,-85850.18042,Binance Copy Trading,,,,2025/4/16,,,
360673752,2025/4/16 6:21,Spot Lead,Lead Portfolio (Spot) - Deposit,USDT,85850.18042,Binance Copy Trading,,,,2025/4/16,,,
360673752,2025/4/21 10:39,Spot Lead,Transaction Buy,BTC,0.13725,,,,,2025/4/21,,,
360673752,2025/4/21 10:39,Spot Lead,Transaction Fee,BTC,-0.0003237,,,,,2025/4/21,,,
360673752,2025/4/21 10:39,Spot Lead,Transaction Fee,BTC,-0.00023377,,,,,2025/4/21,,,
360673752,2025/4/21 10:39,Spot Lead,Transaction Spend,USDT,-20403.45261,,,,,2025/4/21,,,
360673752,2025/4/21 10:39,Spot Lead,Transaction Fee,BTC,-0.00016771,,,,,2025/4/21,,,
360673752,2025/4/21 10:39,Spot Lead,Transaction Spend,USDT,-14637.73383,,,,,2025/4/21,,,
360673752,2025/4/21 10:39,Spot Lead,Transaction Fee,BTC,-0.00013725,,,,,2025/4/21,,,
360673752,2025/4/21 10:39,Spot Lead,Transaction Buy,BTC,0.16771,,,,,2025/4/21,,,
360673752,2025/4/21 10:39,Spot Lead,Transaction Fee,BTC,-0.00011757,,,,,2025/4/21,,,
360673752,2025/4/21 10:39,Spot Lead,Transaction Buy,BTC,0.3237,,,,,2025/4/21,,,
360673752,2025/4/21 10:39,Spot Lead,Transaction Spend,USDT,-11979.18412,,,,,2025/4/21,,,
360673752,2025/4/21 10:39,Spot Lead,Transaction Spend,USDT,-28252.54571,,,,,2025/4/21,,,
360673752,2025/4/21 10:39,Spot Lead,Transaction Buy,BTC,0.11757,,,,,2025/4/21,,,
360673752,2025/4/21 10:39,Spot Lead,Transaction Buy,BTC,0.23377,,,,,2025/4/21,,,
360673752,2025/4/21 10:39,Spot Lead,Transaction Spend,USDT,-10261.51313,,,,,2025/4/21,,,
360673752,2025/4/21 10:39,Spot Lead,Transaction Buy,BTC,0.00362,,,,,2025/4/21,,,
360673752,2025/4/21 10:39,Spot Lead,Transaction Fee,BTC,-0.00000362,,,,,2025/4/21,,,
360673752,2025/4/21 10:39,Spot Lead,Transaction Spend,USDT,-315.982741,,,,,2025/4/21,,,
360673752,2025/4/28 5:31,Spot,Copy Portfolio (Spot) - Leader Trading Fee Comission,BTC,0.00000484,Binance Copy Trading,,,,2025/4/28,,,
360673752,2025/4/30 14:13,Spot,Transaction Revenue,USDT,41.0412244,,,,,2025/4/30,,,
360673752,2025/4/30 14:13,Spot,Transaction Fee,USDT,-0.01119306,,,,,2025/4/30,,,
360673752,2025/4/30 14:13,Spot,Transaction Fee,USDT,-0.00559653,,,,,2025/4/30,,,
360673752,2025/4/30 14:13,Spot,Transaction Revenue,USDT,11.1930612,,,,,2025/4/30,,,
360673752,2025/4/30 14:13,Spot,Transaction Sold,BTC,-0.00044,,,,,2025/4/30,,,
360673752,2025/4/30 14:13,Spot,Transaction Revenue,USDT,4826.074887,,,,,2025/4/30,,,
360673752,2025/4/30 14:13,Spot,Transaction Sold,BTC,-0.00012,,,,,2025/4/30,,,
360673752,2025/4/30 14:13,Spot,Transaction Revenue,USDT,5.5965306,,,,,2025/4/30,,,
360673752,2025/4/30 14:13,Spot,Transaction Sold,BTC,-0.00006,,,,,2025/4/30,,,
360673752,2025/4/30 14:13,Spot,Transaction Fee,USDT,-0.04104122,,,,,2025/4/30,,,
360673752,2025/4/30 14:13,Spot,Transaction Sold,BTC,-0.05174,,,,,2025/4/30,,,
360673752,2025/4/30 14:13,Spot,Transaction Fee,USDT,-4.82607489,,,,,2025/4/30,,,
360673752,2025/4/30 14:13,Spot,Transaction Sold,BTC,-0.00373,,,,,2025/4/30,,,
360673752,2025/4/30 14:13,Spot,Transaction Revenue,USDT,10.2603061,,,,,2025/4/30,,,
360673752,2025/4/30 14:13,Spot,Transaction Sold,BTC,-0.00011,,,,,2025/4/30,,,
360673752,2025/4/30 14:13,Spot,Transaction Fee,USDT,-1.4355101,,,,,2025/4/30,,,
360673752,2025/4/30 14:13,Spot,Transaction Sold,BTC,-0.01063,,,,,2025/4/30,,,
360673752,2025/4/30 14:13,Spot,Transaction Sold,BTC,-0.01539,,,,,2025/4/30,,,
360673752,2025/4/30 14:13,Spot,Transaction Fee,USDT,-0.99151867,,,,,2025/4/30,,,
360673752,2025/4/30 14:13,Spot,Transaction Fee,USDT,-0.01026031,,,,,2025/4/30,,,
360673752,2025/4/30 14:13,Spot,Transaction Fee,USDT,-0.34791765,,,,,2025/4/30,,,
360673752,2025/4/30 14:13,Spot,Transaction Revenue,USDT,991.5186713,,,,,2025/4/30,,,
360673752,2025/4/30 14:13,Spot,Transaction Revenue,USDT,347.9176523,,,,,2025/4/30,,,
360673752,2025/4/30 14:13,Spot,Transaction Revenue,USDT,1435.510099,,,,,2025/4/30,,,
360673752,2025/4/30 14:13,Spot,Transaction Fee,USDT,-0.01678959,,,,,2025/4/30,,,
360673752,2025/4/30 14:13,Spot,Transaction Sold,BTC,-0.00018,,,,,2025/4/30,,,
360673752,2025/4/30 14:13,Spot,Transaction Sold,BTC,-0.00022,,,,,2025/4/30,,,
360673752,2025/4/30 14:13,Spot,Transaction Revenue,USDT,20.5206122,,,,,2025/4/30,,,
360673752,2025/4/30 14:13,Spot,Transaction Revenue,USDT,16.7895918,,,,,2025/4/30,,,
360673752,2025/4/30 14:13,Spot,Transaction Fee,USDT,-0.02052061,,,,,2025/4/30,,,
360673752,2025/4/30 14:13,Spot,Transaction Sold,BTC,-0.00107,,,,,2025/4/30,,,
360673752,2025/4/30 14:13,Spot,Transaction Fee,USDT,-0.03544469,,,,,2025/4/30,,,
360673752,2025/4/30 14:13,Spot,Transaction Fee,USDT,-0.0998048,,,,,2025/4/30,,,
360673752,2025/4/30 14:13,Spot,Transaction Revenue,USDT,99.8047957,,,,,2025/4/30,,,
360673752,2025/4/30 14:13,Spot,Transaction Revenue,USDT,35.4446938,,,,,2025/4/30,,,
360673752,2025/4/30 14:13,Spot,Transaction Sold,BTC,-0.00038,,,,,2025/4/30,,,
360673752,2025/4/30 14:13,Spot,Transaction Fee,USDT,-0.06902388,,,,,2025/4/30,,,
360673752,2025/4/30 14:13,Spot,Transaction Fee,USDT,-1.98770112,,,,,2025/4/30,,,
360673752,2025/4/30 14:13,Spot,Transaction Sold,BTC,-0.00031,,,,,2025/4/30,,,
360673752,2025/4/30 14:13,Spot,Transaction Sold,BTC,-0.00428,,,,,2025/4/30,,,
360673752,2025/4/30 14:13,Spot,Transaction Revenue,USDT,1987.701118,,,,,2025/4/30,,,
360673752,2025/4/30 14:13,Spot,Transaction Fee,USDT,-0.02891541,,,,,2025/4/30,,,
360673752,2025/4/30 14:13,Spot,Transaction Revenue,USDT,28.9154081,,,,,2025/4/30,,,
360673752,2025/4/30 14:13,Spot,Transaction Revenue,USDT,256.5076525,,,,,2025/4/30,,,
360673752,2025/4/30 14:13,Spot,Transaction Sold,BTC,-0.02131,,,,,2025/4/30,,,
360673752,2025/4/30 14:13,Spot,Transaction Sold,BTC,-0.0003,,,,,2025/4/30,,,
360673752,2025/4/30 14:13,Spot,Transaction Sold,BTC,-0.00275,,,,,2025/4/30,,,
360673752,2025/4/30 14:13,Spot,Transaction Revenue,USDT,14.9240816,,,,,2025/4/30,,,
360673752,2025/4/30 14:13,Spot,Transaction Sold,BTC,-0.00074,,,,,2025/4/30,,,
360673752,2025/4/30 14:13,Spot,Transaction Fee,USDT,-0.25650765,,,,,2025/4/30,,,
360673752,2025/4/30 14:13,Spot,Transaction Fee,USDT,-0.39921918,,,,,2025/4/30,,,
360673752,2025/4/30 14:13,Spot,Transaction Revenue,USDT,399.2191828,,,,,2025/4/30,,,
360673752,2025/4/30 14:13,Spot,Transaction Fee,USDT,-0.01492408,,,,,2025/4/30,,,
360673752,2025/4/30 14:13,Spot,Transaction Fee,USDT,-0.02798265,,,,,2025/4/30,,,
360673752,2025/4/30 14:13,Spot,Transaction Revenue,USDT,69.0238774,,,,,2025/4/30,,,
360673752,2025/4/30 14:13,Spot,Transaction Sold,BTC,-0.00016,,,,,2025/4/30,,,
360673752,2025/4/30 14:13,Spot,Transaction Revenue,USDT,27.982653,,,,,2025/4/30,,,
360673752,2025/4/30 14:13,Spot,Transaction Revenue,USDT,36.3774489,,,,,2025/4/30,,,
360673752,2025/4/30 14:13,Spot,Transaction Fee,USDT,-0.03637745,,,,,2025/4/30,,,
360673752,2025/4/30 14:13,Spot,Transaction Sold,BTC,-0.00039,,,,,2025/4/30,,,
360673752,2025/4/30 14:13,Spot,Transaction Sold,BTC,-0.00006,,,,,2025/4/30,,,
360673752,2025/4/30 14:13,Spot,Transaction Fee,USDT,-0.00559653,,,,,2025/4/30,,,
360673752,2025/4/30 14:13,Spot,Transaction Revenue,USDT,37.310204,,,,,2025/4/30,,,
360673752,2025/4/30 14:13,Spot,Transaction Fee,USDT,-0.0373102,,,,,2025/4/30,,,
360673752,2025/4/30 14:13,Spot,Transaction Sold,BTC,-0.0004,,,,,2025/4/30,,,
360673752,2025/4/30 14:13,Spot,Transaction Revenue,USDT,5.5965306,,,,,2025/4/30,,,
360673752,2025/4/30 14:13,Spot,Transaction Fee,USDT,-0.04104122,,,,,2025/4/30,,,
360673752,2025/4/30 14:13,Spot,Transaction Revenue,USDT,25699.26852,,,,,2025/4/30,,,
360673752,2025/4/30 14:13,Spot,Transaction Fee,USDT,-0.16603041,,,,,2025/4/30,,,
360673752,2025/4/30 14:13,Spot,Transaction Sold,BTC,-0.18473,,,,,2025/4/30,,,
360673752,2025/4/30 14:13,Spot,Transaction Revenue,USDT,41.0412244,,,,,2025/4/30,,,
360673752,2025/4/30 14:13,Spot,Transaction Fee,USDT,-35.22269809,,,,,2025/4/30,,,
360673752,2025/4/30 14:13,Spot,Transaction Revenue,USDT,4210.456521,,,,,2025/4/30,,,
360673752,2025/4/30 14:13,Spot,Transaction Fee,USDT,-4.21045652,,,,,2025/4/30,,,
360673752,2025/4/30 14:13,Spot,Transaction Sold,BTC,-0.04514,,,,,2025/4/30,,,
360673752,2025/4/30 14:13,Spot,Transaction Revenue,USDT,35222.69809,,,,,2025/4/30,,,
360673752,2025/4/30 14:13,Spot,Transaction Sold,BTC,-0.37762,,,,,2025/4/30,,,
360673752,2025/4/30 14:13,Spot,Transaction Fee,USDT,-17.23078496,,,,,2025/4/30,,,
360673752,2025/4/30 14:13,Spot,Transaction Revenue,USDT,17230.78496,,,,,2025/4/30,,,
360673752,2025/4/30 14:13,Spot,Transaction Sold,BTC,-0.27552,,,,,2025/4/30,,,
360673752,2025/4/30 14:13,Spot,Transaction Fee,USDT,-25.69926852,,,,,2025/4/30,,,
360673752,2025/4/30 14:13,Spot,Transaction Revenue,USDT,166.0304078,,,,,2025/4/30,,,
360673752,2025/4/30 14:13,Spot,Transaction Sold,BTC,-0.00178,,,,,2025/4/30,,,
360673752,2025/4/30 14:13,Spot,Transaction Sold,BTC,-0.00044,,,,,2025/4/30,,,
360673752,2025/5/1 10:52,Spot,Lead Portfolio (Spot) - Deposit,USDT,-93182.23449,Binance Copy Trading,,,,2025/5/1,,,
360673752,2025/5/1 10:52,Spot Lead,Lead Portfolio (Spot) - Deposit,USDT,93182.23449,Binance Copy Trading,,,,2025/5/1,,,
360673752,2025/5/1 10:55,Spot Lead,Transaction Buy,BTC,0.06,,,,,2025/5/1,,,
360673752,2025/5/1 10:55,Spot Lead,Transaction Spend,USDT,-5770.0926,,,,,2025/5/1,,,
360673752,2025/5/1 10:55,Spot Lead,Transaction Fee,BTC,-0.00006,,,,,2025/5/1,,,
360673752,2025/5/1 10:55,Spot Lead,Transaction Buy,BTC,0.00012,,,,,2025/5/1,,,
360673752,2025/5/1 10:55,Spot Lead,Transaction Fee,BTC,-0.00000504,,,,,2025/5/1,,,
360673752,2025/5/1 10:55,Spot Lead,Transaction Buy,BTC,0.00504,,,,,2025/5/1,,,
360673752,2025/5/1 10:55,Spot Lead,Transaction Spend,USDT,-484.6877784,,,,,2025/5/1,,,
360673752,2025/5/1 10:55,Spot Lead,Transaction Spend,USDT,-11.5401852,,,,,2025/5/1,,,
360673752,2025/5/1 10:55,Spot Lead,Transaction Fee,BTC,-1.20E-07,,,,,2025/5/1,,,
360673752,2025/5/1 10:55,Spot Lead,Transaction Buy,BTC,0.00463,,,,,2025/5/1,,,
360673752,2025/5/1 10:55,Spot Lead,Transaction Spend,USDT,-630.8634576,,,,,2025/5/1,,,
360673752,2025/5/1 10:55,Spot Lead,Transaction Spend,USDT,-12.5018673,,,,,2025/5/1,,,
360673752,2025/5/1 10:55,Spot Lead,Transaction Fee,BTC,-1.30E-07,,,,,2025/5/1,,,
360673752,2025/5/1 10:55,Spot Lead,Transaction Buy,BTC,0.00656,,,,,2025/5/1,,,
360673752,2025/5/1 10:55,Spot Lead,Transaction Spend,USDT,-445.2588123,,,,,2025/5/1,,,
360673752,2025/5/1 10:55,Spot Lead,Transaction Fee,BTC,-0.00000656,,,,,2025/5/1,,,
360673752,2025/5/1 10:55,Spot Lead,Transaction Buy,BTC,0.00013,,,,,2025/5/1,,,
360673752,2025/5/1 10:55,Spot Lead,Transaction Fee,BTC,-0.00000463,,,,,2025/5/1,,,
360673752,2025/5/1 10:55,Spot Lead,Transaction Fee,BTC,-8.00E-08,,,,,2025/5/1,,,
360673752,2025/5/1 10:55,Spot Lead,Transaction Fee,BTC,-8.00E-08,,,,,2025/5/1,,,
360673752,2025/5/1 10:55,Spot Lead,Transaction Buy,BTC,0.00008,,,,,2025/5/1,,,
360673752,2025/5/1 10:55,Spot Lead,Transaction Fee,BTC,-8.00E-08,,,,,2025/5/1,,,
360673752,2025/5/1 10:55,Spot Lead,Transaction Buy,BTC,0.00031,,,,,2025/5/1,,,
360673752,2025/5/1 10:55,Spot Lead,Transaction Spend,USDT,-7.6934568,,,,,2025/5/1,,,
360673752,2025/5/1 10:55,Spot Lead,Transaction Spend,USDT,-7.6934568,,,,,2025/5/1,,,
360673752,2025/5/1 10:55,Spot Lead,Transaction Fee,BTC,-3.10E-07,,,,,2025/5/1,,,
360673752,2025/5/1 10:55,Spot Lead,Transaction Fee,BTC,-3.10E-07,,,,,2025/5/1,,,
360673752,2025/5/1 10:55,Spot Lead,Transaction Spend,USDT,-29.8121451,,,,,2025/5/1,,,
360673752,2025/5/1 10:55,Spot Lead,Transaction Spend,USDT,-39.4289661,,,,,2025/5/1,,,
360673752,2025/5/1 10:55,Spot Lead,Transaction Spend,USDT,-7.6934568,,,,,2025/5/1,,,
360673752,2025/5/1 10:55,Spot Lead,Transaction Buy,BTC,0.00031,,,,,2025/5/1,,,
360673752,2025/5/1 10:55,Spot Lead,Transaction Fee,BTC,-8.00E-08,,,,,2025/5/1,,,
360673752,2025/5/1 10:55,Spot Lead,Transaction Buy,BTC,0.00008,,,,,2025/5/1,,,
360673752,2025/5/1 10:55,Spot Lead,Transaction Fee,BTC,-4.10E-07,,,,,2025/5/1,,,
360673752,2025/5/1 10:55,Spot Lead,Transaction Spend,USDT,-29.8121451,,,,,2025/5/1,,,
360673752,2025/5/1 10:55,Spot Lead,Transaction Buy,BTC,0.00008,,,,,2025/5/1,,,
360673752,2025/5/1 10:55,Spot Lead,Transaction Buy,BTC,0.00041,,,,,2025/5/1,,,
360673752,2025/5/1 10:55,Spot Lead,Transaction Spend,USDT,-7.6934568,,,,,2025/5/1,,,
360673752,2025/5/1 10:55,Spot Lead,Transaction Buy,BTC,0.00008,,,,,2025/5/1,,,
360673752,2025/5/1 10:55,Spot Lead,Transaction Fee,BTC,-3.10E-07,,,,,2025/5/1,,,
360673752,2025/5/1 10:55,Spot Lead,Transaction Buy,BTC,0.00008,,,,,2025/5/1,,,
360673752,2025/5/1 10:55,Spot Lead,Transaction Spend,USDT,-7.6934568,,,,,2025/5/1,,,
360673752,2025/5/1 10:55,Spot Lead,Transaction Spend,USDT,-29.8121451,,,,,2025/5/1,,,
360673752,2025/5/1 10:55,Spot Lead,Transaction Buy,BTC,0.00008,,,,,2025/5/1,,,
360673752,2025/5/1 10:55,Spot Lead,Transaction Fee,BTC,-8.00E-08,,,,,2025/5/1,,,
360673752,2025/5/1 10:55,Spot Lead,Transaction Spend,USDT,-7.6934568,,,,,2025/5/1,,,
360673752,2025/5/1 10:55,Spot Lead,Transaction Fee,BTC,-8.00E-08,,,,,2025/5/1,,,
360673752,2025/5/1 10:55,Spot Lead,Transaction Buy,BTC,0.00031,,,,,2025/5/1,,,
360673752,2025/5/1 10:55,Spot Lead,Transaction Fee,BTC,-9.10E-07,,,,,2025/5/1,,,
360673752,2025/5/1 10:55,Spot Lead,Transaction Spend,USDT,-87.5130711,,,,,2025/5/1,,,
360673752,2025/5/1 10:55,Spot Lead,Transaction Buy,BTC,0.00091,,,,,2025/5/1,,,
360673752,2025/5/1 10:55,Spot Lead,Transaction Spend,USDT,-38.467284,,,,,2025/5/1,,,
360673752,2025/5/1 10:55,Spot Lead,Transaction Fee,BTC,-4.00E-07,,,,,2025/5/1,,,
360673752,2025/5/1 10:55,Spot Lead,Transaction Buy,BTC,0.0004,,,,,2025/5/1,,,
360673752,2025/5/1 10:56,Spot Lead,Transaction Spend,USDT,-561.6708184,,,,,2025/5/1,,,
360673752,2025/5/1 10:56,Spot Lead,Transaction Buy,BTC,0.15544,,,,,2025/5/1,,,
360673752,2025/5/1 10:56,Spot Lead,Transaction Spend,USDT,-40030.58699,,,,,2025/5/1,,,
360673752,2025/5/1 10:56,Spot Lead,Transaction Spend,USDT,-14949.67671,,,,,2025/5/1,,,
360673752,2025/5/1 10:56,Spot Lead,Transaction Buy,BTC,0.41622,,,,,2025/5/1,,,
360673752,2025/5/1 10:56,Spot Lead,Transaction Fee,BTC,-0.00000584,,,,,2025/5/1,,,
360673752,2025/5/1 10:56,Spot Lead,Transaction Buy,BTC,0.13695,,,,,2025/5/1,,,
360673752,2025/5/1 10:56,Spot Lead,Transaction Fee,BTC,-0.00013695,,,,,2025/5/1,,,
360673752,2025/5/1 10:56,Spot Lead,Transaction Fee,BTC,-0.00041622,,,,,2025/5/1,,,
360673752,2025/5/1 10:56,Spot Lead,Transaction Fee,BTC,-0.00017478,,,,,2025/5/1,,,
360673752,2025/5/1 10:56,Spot Lead,Transaction Spend,USDT,-16809.73042,,,,,2025/5/1,,,
360673752,2025/5/1 10:56,Spot Lead,Transaction Fee,BTC,-0.00015544,,,,,2025/5/1,,,
360673752,2025/5/1 10:56,Spot Lead,Transaction Buy,BTC,0.00584,,,,,2025/5/1,,,
360673752,2025/5/1 10:56,Spot Lead,Transaction Buy,BTC,0.17478,,,,,2025/5/1,,,
360673752,2025/5/1 10:56,Spot Lead,Transaction Spend,USDT,-13171.37304,,,,,2025/5/1,,,
360673752,2025/5/5 5:30,Spot,Copy Portfolio (Spot) - Leader Trading Fee Comission,USDT,0.37336171,Binance Copy Trading,,,,2025/5/5,,,
360673752,2025/5/5 5:31,Spot,Copy Portfolio (Spot) - Leader Trading Fee Comission,BTC,0.00002381,Binance Copy Trading,,,,2025/5/5,,,
360673752,2025/5/6 14:35,Spot,Transaction Revenue,USDT,4720.75,,,,,2025/5/6,,,
360673752,2025/5/6 14:35,Spot,Transaction Fee,USDT,-4.72075,,,,,2025/5/6,,,
360673752,2025/5/6 14:35,Spot,Transaction Sold,BTC,-0.05,,,,,2025/5/6,,,
360673752,2025/5/6 14:36,Spot Lead,Lead Portfolio (Spot) - Deposit,USDT,4716.402612,Binance Copy Trading,,,,2025/5/6,,,
360673752,2025/5/6 14:36,Spot,Lead Portfolio (Spot) - Deposit,USDT,-4716.402612,Binance Copy Trading,,,,2025/5/6,,,
360673752,2025/5/6 14:36,Spot Lead,Transaction Buy,BTC,0.00091,,,,,2025/5/6,,,
360673752,2025/5/6 14:36,Spot Lead,Transaction Buy,BTC,0.00045,,,,,2025/5/6,,,
360673752,2025/5/6 14:36,Spot Lead,Transaction Buy,BTC,0.00006,,,,,2025/5/6,,,
360673752,2025/5/6 14:36,Spot Lead,Transaction Fee,BTC,-1.00E-07,,,,,2025/5/6,,,
360673752,2025/5/6 14:36,Spot Lead,Transaction Spend,USDT,-90.6118176,,,,,2025/5/6,,,
360673752,2025/5/6 14:36,Spot Lead,Transaction Buy,BTC,0.0001,,,,,2025/5/6,,,
360673752,2025/5/6 14:36,Spot Lead,Transaction Buy,BTC,0.00096,,,,,2025/5/6,,,
360673752,2025/5/6 14:36,Spot Lead,Transaction Buy,BTC,0.00384,,,,,2025/5/6,,,
360673752,2025/5/6 14:36,Spot Lead,Transaction Spend,USDT,-5.6632386,,,,,2025/5/6,,,
360673752,2025/5/6 14:36,Spot Lead,Transaction Spend,USDT,-5.6632386,,,,,2025/5/6,,,
360673752,2025/5/6 14:36,Spot Lead,Transaction Spend,USDT,-150.0758229,,,,,2025/5/6,,,
360673752,2025/5/6 14:36,Spot Lead,Transaction Spend,USDT,-2.8316193,,,,,2025/5/6,,,
360673752,2025/5/6 14:36,Spot Lead,Transaction Fee,BTC,-6.00E-08,,,,,2025/5/6,,,
360673752,2025/5/6 14:36,Spot Lead,Transaction Buy,BTC,0.00036,,,,,2025/5/6,,,
360673752,2025/5/6 14:36,Spot Lead,Transaction Fee,BTC,-6.00E-08,,,,,2025/5/6,,,
360673752,2025/5/6 14:36,Spot Lead,Transaction Spend,USDT,-42.4742895,,,,,2025/5/6,,,
360673752,2025/5/6 14:36,Spot Lead,Transaction Fee,BTC,-0.00000384,,,,,2025/5/6,,,
360673752,2025/5/6 14:36,Spot Lead,Transaction Fee,BTC,-6.00E-08,,,,,2025/5/6,,,
360673752,2025/5/6 14:36,Spot Lead,Transaction Buy,BTC,0.00006,,,,,2025/5/6,,,
360673752,2025/5/6 14:36,Spot Lead,Transaction Fee,BTC,-6.00E-08,,,,,2025/5/6,,,
360673752,2025/5/6 14:36,Spot Lead,Transaction Fee,BTC,-0.0000334,,,,,2025/5/6,,,
360673752,2025/5/6 14:36,Spot Lead,Transaction Fee,BTC,-4.50E-07,,,,,2025/5/6,,,
360673752,2025/5/6 14:36,Spot Lead,Transaction Buy,BTC,0.00006,,,,,2025/5/6,,,
360673752,2025/5/6 14:36,Spot Lead,Transaction Spend,USDT,-362.4472704,,,,,2025/5/6,,,
360673752,2025/5/6 14:36,Spot Lead,Transaction Buy,BTC,0.00006,,,,,2025/5/6,,,
360673752,2025/5/6 14:36,Spot Lead,Transaction Fee,BTC,-0.00000424,,,,,2025/5/6,,,
360673752,2025/5/6 14:36,Spot Lead,Transaction Fee,BTC,-6.00E-08,,,,,2025/5/6,,,
360673752,2025/5/6 14:36,Spot Lead,Transaction Buy,BTC,0.00006,,,,,2025/5/6,,,
360673752,2025/5/6 14:36,Spot Lead,Transaction Spend,USDT,-5.6632386,,,,,2025/5/6,,,
360673752,2025/5/6 14:36,Spot Lead,Transaction Buy,BTC,0.00006,,,,,2025/5/6,,,
360673752,2025/5/6 14:36,Spot Lead,Transaction Fee,BTC,-0.00000159,,,,,2025/5/6,,,
360673752,2025/5/6 14:36,Spot Lead,Transaction Fee,BTC,-6.00E-08,,,,,2025/5/6,,,
360673752,2025/5/6 14:36,Spot Lead,Transaction Spend,USDT,-3152.536154,,,,,2025/5/6,,,
360673752,2025/5/6 14:36,Spot Lead,Transaction Buy,BTC,0.00006,,,,,2025/5/6,,,
360673752,2025/5/6 14:36,Spot Lead,Transaction Spend,USDT,-5.6632386,,,,,2025/5/6,,,
360673752,2025/5/6 14:36,Spot Lead,Transaction Fee,BTC,-3.60E-07,,,,,2025/5/6,,,
360673752,2025/5/6 14:36,Spot Lead,Transaction Buy,BTC,0.00006,,,,,2025/5/6,,,
360673752,2025/5/6 14:36,Spot Lead,Transaction Spend,USDT,-149.1319498,,,,,2025/5/6,,,
360673752,2025/5/6 14:36,Spot Lead,Transaction Spend,USDT,-85.8924521,,,,,2025/5/6,,,
360673752,2025/5/6 14:36,Spot Lead,Transaction Buy,BTC,0.00159,,,,,2025/5/6,,,
360673752,2025/5/6 14:36,Spot Lead,Transaction Spend,USDT,-400.2021944,,,,,2025/5/6,,,
360673752,2025/5/6 14:36,Spot Lead,Transaction Spend,USDT,-5.6632386,,,,,2025/5/6,,,
360673752,2025/5/6 14:36,Spot Lead,Transaction Spend,USDT,-33.9794316,,,,,2025/5/6,,,
360673752,2025/5/6 14:36,Spot Lead,Transaction Buy,BTC,0.00424,,,,,2025/5/6,,,
360673752,2025/5/6 14:36,Spot Lead,Transaction Buy,BTC,0.00006,,,,,2025/5/6,,,
360673752,2025/5/6 14:36,Spot Lead,Transaction Fee,BTC,-6.00E-08,,,,,2025/5/6,,,
360673752,2025/5/6 14:36,Spot Lead,Transaction Fee,BTC,-6.00E-08,,,,,2025/5/6,,,
360673752,2025/5/6 14:36,Spot Lead,Transaction Fee,BTC,-4.50E-07,,,,,2025/5/6,,,
360673752,2025/5/6 14:36,Spot Lead,Transaction Buy,BTC,0.00044,,,,,2025/5/6,,,
360673752,2025/5/6 14:36,Spot Lead,Transaction Fee,BTC,-6.00E-08,,,,,2025/5/6,,,
360673752,2025/5/6 14:36,Spot Lead,Transaction Fee,BTC,-9.10E-07,,,,,2025/5/6,,,
360673752,2025/5/6 14:36,Spot Lead,Transaction Spend,USDT,-41.5304164,,,,,2025/5/6,,,
360673752,2025/5/6 14:36,Spot Lead,Transaction Fee,BTC,-6.00E-08,,,,,2025/5/6,,,
360673752,2025/5/6 14:36,Spot Lead,Transaction Fee,BTC,-6.00E-08,,,,,2025/5/6,,,
360673752,2025/5/6 14:36,Spot Lead,Transaction Buy,BTC,0.00006,,,,,2025/5/6,,,
360673752,2025/5/6 14:36,Spot Lead,Transaction Spend,USDT,-5.6632386,,,,,2025/5/6,,,
360673752,2025/5/6 14:36,Spot Lead,Transaction Buy,BTC,0.00045,,,,,2025/5/6,,,
360673752,2025/5/6 14:36,Spot Lead,Transaction Spend,USDT,-5.6632386,,,,,2025/5/6,,,
360673752,2025/5/6 14:36,Spot Lead,Transaction Buy,BTC,0.00003,,,,,2025/5/6,,,
360673752,2025/5/6 14:36,Spot Lead,Transaction Buy,BTC,0.00006,,,,,2025/5/6,,,
360673752,2025/5/6 14:36,Spot Lead,Transaction Spend,USDT,-5.6632386,,,,,2025/5/6,,,
360673752,2025/5/6 14:36,Spot Lead,Transaction Buy,BTC,0.00092,,,,,2025/5/6,,,
360673752,2025/5/6 14:36,Spot Lead,Transaction Fee,BTC,-3.00E-08,,,,,2025/5/6,,,
360673752,2025/5/6 14:36,Spot Lead,Transaction Spend,USDT,-5.6632386,,,,,2025/5/6,,,
360673752,2025/5/6 14:36,Spot Lead,Transaction Buy,BTC,0.00006,,,,,2025/5/6,,,
360673752,2025/5/6 14:36,Spot Lead,Transaction Spend,USDT,-5.6632386,,,,,2025/5/6,,,
360673752,2025/5/6 14:36,Spot Lead,Transaction Spend,USDT,-9.438731,,,,,2025/5/6,,,
360673752,2025/5/6 14:36,Spot Lead,Transaction Spend,USDT,-42.4742895,,,,,2025/5/6,,,
360673752,2025/5/6 14:36,Spot Lead,Transaction Buy,BTC,0.0334,,,,,2025/5/6,,,
360673752,2025/5/6 14:36,Spot Lead,Transaction Fee,BTC,-9.20E-07,,,,,2025/5/6,,,
360673752,2025/5/6 14:36,Spot Lead,Transaction Fee,BTC,-6.00E-08,,,,,2025/5/6,,,
360673752,2025/5/6 14:36,Spot Lead,Transaction Spend,USDT,-5.6632386,,,,,2025/5/6,,,
360673752,2025/5/6 14:36,Spot Lead,Transaction Spend,USDT,-5.6632386,,,,,2025/5/6,,,
360673752,2025/5/6 14:36,Spot Lead,Transaction Buy,BTC,0.00158,,,,,2025/5/6,,,
360673752,2025/5/6 14:36,Spot Lead,Transaction Fee,BTC,-0.00000158,,,,,2025/5/6,,,
360673752,2025/5/6 14:36,Spot Lead,Transaction Fee,BTC,-4.40E-07,,,,,2025/5/6,,,
360673752,2025/5/6 14:36,Spot Lead,Transaction Fee,BTC,-9.60E-07,,,,,2025/5/6,,,
360673752,2025/5/6 14:36,Spot Lead,Transaction Spend,USDT,-86.8363252,,,,,2025/5/6,,,
360673752,2025/5/7 0:03,Spot,Copy Portfolio (Spot) - Profit Sharing with Leader,USDT,0.1463333,Binance Copy Trading,,,,2025/5/7,,,
360673752,2025/5/7 5:15,Spot,Copy Portfolio (Spot) - Profit Sharing with Leader,USDT,0.19495074,Binance Copy Trading,,,,2025/5/7,,,
360673752,2025/5/7 14:22,Spot,Copy Portfolio (Spot) - Profit Sharing with Leader,USDT,0.02129526,Binance Copy Trading,,,,2025/5/7,,,
360673752,2025/5/7 17:15,Spot,Copy Portfolio (Spot) - Profit Sharing with Leader,USDT,0.37872364,Binance Copy Trading,,,,2025/5/7,,,
360673752,2025/5/8 17:08,Spot,Copy Portfolio (Spot) - Profit Sharing with Leader,USDT,1.72185627,Binance Copy Trading,,,,2025/5/8,,,
360673752,2025/5/9 9:07,Spot,Transaction Sold,BTC,-0.02726,,,,,2025/5/9,,,
360673752,2025/5/9 9:07,Spot,Transaction Revenue,USDT,5.155439,,,,,2025/5/9,,,
360673752,2025/5/9 9:07,Spot,Transaction Fee,USDT,-1.47754882,,,,,2025/5/9,,,
360673752,2025/5/9 9:07,Spot,Transaction Revenue,USDT,1623.963285,,,,,2025/5/9,,,
360673752,2025/5/9 9:07,Spot,Transaction Sold,BTC,-0.00045,,,,,2025/5/9,,,
360673752,2025/5/9 9:07,Spot,Transaction Revenue,USDT,5.155439,,,,,2025/5/9,,,
360673752,2025/5/9 9:07,Spot,Transaction Revenue,USDT,6.1865268,,,,,2025/5/9,,,
360673752,2025/5/9 9:07,Spot,Transaction Fee,USDT,-1.99927924,,,,,2025/5/9,,,
360673752,2025/5/9 9:07,Spot,Transaction Sold,BTC,-0.01794,,,,,2025/5/9,,,
360673752,2025/5/9 9:07,Spot,Transaction Revenue,USDT,103.10878,,,,,2025/5/9,,,
360673752,2025/5/9 9:07,Spot,Transaction Fee,USDT,-0.00618653,,,,,2025/5/9,,,
360673752,2025/5/9 9:07,Spot,Transaction Revenue,USDT,5.155439,,,,,2025/5/9,,,
360673752,2025/5/9 9:07,Spot,Transaction Revenue,USDT,1477.548817,,,,,2025/5/9,,,
360673752,2025/5/9 9:07,Spot,Transaction Fee,USDT,-0.00618653,,,,,2025/5/9,,,
360673752,2025/5/9 9:07,Spot,Transaction Revenue,USDT,499.0464952,,,,,2025/5/9,,,
360673752,2025/5/9 9:07,Spot,Transaction Sold,BTC,-0.022,,,,,2025/5/9,,,
360673752,2025/5/9 9:07,Spot,Transaction Fee,USDT,-0.00515544,,,,,2025/5/9,,,
360673752,2025/5/9 9:07,Spot,Transaction Sold,BTC,-0.00145,,,,,2025/5/9,,,
360673752,2025/5/9 9:07,Spot,Transaction Sold,BTC,-0.00005,,,,,2025/5/9,,,
360673752,2025/5/9 9:07,Spot,Transaction Fee,USDT,-0.00515544,,,,,2025/5/9,,,
360673752,2025/5/9 9:07,Spot,Transaction Sold,BTC,-0.06614,,,,,2025/5/9,,,
360673752,2025/5/9 9:07,Spot,Transaction Revenue,USDT,18202.82402,,,,,2025/5/9,,,
360673752,2025/5/9 9:07,Spot,Transaction Revenue,USDT,6.1865268,,,,,2025/5/9,,,
360673752,2025/5/9 9:07,Spot,Transaction Sold,BTC,-0.16217,,,,,2025/5/9,,,
360673752,2025/5/9 9:07,Spot,Transaction Fee,USDT,-0.00618653,,,,,2025/5/9,,,
360673752,2025/5/9 9:07,Spot,Transaction Sold,BTC,-0.00005,,,,,2025/5/9,,,
360673752,2025/5/9 9:07,Spot,Transaction Fee,USDT,-0.00618653,,,,,2025/5/9,,,
360673752,2025/5/9 9:07,Spot,Transaction Revenue,USDT,6.1865268,,,,,2025/5/9,,,
360673752,2025/5/9 9:07,Spot,Transaction Sold,BTC,-0.00005,,,,,2025/5/9,,,
360673752,2025/5/9 9:07,Spot,Transaction Revenue,USDT,5.155439,,,,,2025/5/9,,,
360673752,2025/5/9 9:07,Spot,Transaction Fee,USDT,-0.00618653,,,,,2025/5/9,,,
360673752,2025/5/9 9:07,Spot,Transaction Revenue,USDT,6.1865268,,,,,2025/5/9,,,
360673752,2025/5/9 9:07,Spot,Transaction Sold,BTC,-0.01939,,,,,2025/5/9,,,
360673752,2025/5/9 9:07,Spot,Transaction Fee,USDT,-2.99324788,,,,,2025/5/9,,,
360673752,2025/5/9 9:07,Spot,Transaction Sold,BTC,-0.00006,,,,,2025/5/9,,,
360673752,2025/5/9 9:07,Spot,Transaction Revenue,USDT,6.1865268,,,,,2025/5/9,,,
360673752,2025/5/9 9:07,Spot,Transaction Fee,USDT,-0.00515544,,,,,2025/5/9,,,
360673752,2025/5/9 9:07,Spot,Transaction Sold,BTC,-0.001,,,,,2025/5/9,,,
360673752,2025/5/9 9:07,Spot,Transaction Revenue,USDT,2268.39316,,,,,2025/5/9,,,
360673752,2025/5/9 9:07,Spot,Transaction Sold,BTC,-0.00005,,,,,2025/5/9,,,
360673752,2025/5/9 9:07,Spot,Transaction Sold,BTC,-0.03967,,,,,2025/5/9,,,
360673752,2025/5/9 9:07,Spot,Transaction Fee,USDT,-6.81961471,,,,,2025/5/9,,,
360673752,2025/5/9 9:07,Spot,Transaction Sold,BTC,-0.00006,,,,,2025/5/9,,,
360673752,2025/5/9 9:07,Spot,Transaction Fee,USDT,-0.00618653,,,,,2025/5/9,,,
360673752,2025/5/9 9:07,Spot,Transaction Revenue,USDT,6.1865268,,,,,2025/5/9,,,
360673752,2025/5/9 9:07,Spot,Transaction Sold,BTC,-0.00006,,,,,2025/5/9,,,
360673752,2025/5/9 9:07,Spot,Transaction Fee,USDT,-0.00515544,,,,,2025/5/9,,,
360673752,2025/5/9 9:07,Spot,Transaction Sold,BTC,-0.00005,,,,,2025/5/9,,,
360673752,2025/5/9 9:07,Spot,Transaction Fee,USDT,-0.04536786,,,,,2025/5/9,,,
360673752,2025/5/9 9:07,Spot,Transaction Revenue,USDT,6.1865268,,,,,2025/5/9,,,
360673752,2025/5/9 9:07,Spot,Transaction Fee,USDT,-2.26839316,,,,,2025/5/9,,,
360673752,2025/5/9 9:07,Spot,Transaction Fee,USDT,-0.10310878,,,,,2025/5/9,,,
360673752,2025/5/9 9:07,Spot,Transaction Fee,USDT,-0.00618653,,,,,2025/5/9,,,
360673752,2025/5/9 9:07,Spot,Transaction Revenue,USDT,5.155439,,,,,2025/5/9,,,
360673752,2025/5/9 9:07,Spot,Transaction Fee,USDT,-0.00618653,,,,,2025/5/9,,,
360673752,2025/5/9 9:07,Spot,Transaction Sold,BTC,-0.00006,,,,,2025/5/9,,,
360673752,2025/5/9 9:07,Spot,Transaction Sold,BTC,-0.02903,,,,,2025/5/9,,,
360673752,2025/5/9 9:07,Spot,Transaction Revenue,USDT,1849.771513,,,,,2025/5/9,,,
360673752,2025/5/9 9:07,Spot,Transaction Sold,BTC,-0.00044,,,,,2025/5/9,,,
360673752,2025/5/9 9:07,Spot,Transaction Sold,BTC,-0.01363,,,,,2025/5/9,,,
360673752,2025/5/9 9:07,Spot,Transaction Fee,USDT,-2.48904595,,,,,2025/5/9,,,
360673752,2025/5/9 9:07,Spot,Transaction Revenue,USDT,45.3678632,,,,,2025/5/9,,,
360673752,2025/5/9 9:07,Spot,Transaction Revenue,USDT,149.507731,,,,,2025/5/9,,,
360673752,2025/5/9 9:07,Spot,Transaction Fee,USDT,-0.00618653,,,,,2025/5/9,,,
360673752,2025/5/9 9:07,Spot,Transaction Revenue,USDT,4090.325303,,,,,2025/5/9,,,
360673752,2025/5/9 9:07,Spot,Transaction Fee,USDT,-0.00618653,,,,,2025/5/9,,,
360673752,2025/5/9 9:07,Spot,Transaction Fee,USDT,-0.00618653,,,,,2025/5/9,,,
360673752,2025/5/9 9:07,Spot,Transaction Revenue,USDT,6.1865268,,,,,2025/5/9,,,
360673752,2025/5/9 9:07,Spot,Transaction Sold,BTC,-0.00005,,,,,2025/5/9,,,
360673752,2025/5/9 9:07,Spot,Transaction Sold,BTC,-0.02822,,,,,2025/5/9,,,
360673752,2025/5/9 9:07,Spot,Transaction Revenue,USDT,6.1865268,,,,,2025/5/9,,,
360673752,2025/5/9 9:07,Spot,Transaction Revenue,USDT,1999.279244,,,,,2025/5/9,,,
360673752,2025/5/9 9:07,Spot,Transaction Fee,USDT,-2.90972977,,,,,2025/5/9,,,
360673752,2025/5/9 9:07,Spot,Transaction Fee,USDT,-1.84977151,,,,,2025/5/9,,,
360673752,2025/5/9 9:07,Spot,Transaction Revenue,USDT,1405.372671,,,,,2025/5/9,,,
360673752,2025/5/9 9:07,Spot,Transaction Fee,USDT,-2.81074534,,,,,2025/5/9,,,
360673752,2025/5/9 9:07,Spot,Transaction Sold,BTC,-0.00006,,,,,2025/5/9,,,
360673752,2025/5/9 9:07,Spot,Transaction Fee,USDT,-0.04639895,,,,,2025/5/9,,,
360673752,2025/5/9 9:07,Spot,Transaction Sold,BTC,-0.02414,,,,,2025/5/9,,,
360673752,2025/5/9 9:07,Spot,Transaction Sold,BTC,-0.17654,,,,,2025/5/9,,,
360673752,2025/5/9 9:07,Spot,Transaction Sold,BTC,-0.00005,,,,,2025/5/9,,,
360673752,2025/5/9 9:07,Spot,Transaction Sold,BTC,-0.00006,,,,,2025/5/9,,,
360673752,2025/5/9 9:07,Spot,Transaction Sold,BTC,-0.00006,,,,,2025/5/9,,,
360673752,2025/5/9 9:07,Spot,Transaction Sold,BTC,-0.00005,,,,,2025/5/9,,,
360673752,2025/5/9 9:07,Spot,Transaction Fee,USDT,-0.04639895,,,,,2025/5/9,,,
360673752,2025/5/9 9:07,Spot,Transaction Revenue,USDT,5.155439,,,,,2025/5/9,,,
360673752,2025/5/9 9:07,Spot,Transaction Fee,USDT,-0.00618653,,,,,2025/5/9,,,
360673752,2025/5/9 9:07,Spot,Transaction Fee,USDT,-0.00515544,,,,,2025/5/9,,,
360673752,2025/5/9 9:07,Spot,Transaction Revenue,USDT,2993.247883,,,,,2025/5/9,,,
360673752,2025/5/9 9:07,Spot,Transaction Sold,BTC,-0.00006,,,,,2025/5/9,,,
360673752,2025/5/9 9:07,Spot,Transaction Sold,BTC,-0.00006,,,,,2025/5/9,,,
360673752,2025/5/9 9:07,Spot,Transaction Fee,USDT,-4.0903253,,,,,2025/5/9,,,
360673752,2025/5/9 9:07,Spot,Transaction Revenue,USDT,46.398951,,,,,2025/5/9,,,
360673752,2025/5/9 9:07,Spot,Transaction Revenue,USDT,6.1865268,,,,,2025/5/9,,,
360673752,2025/5/9 9:07,Spot,Transaction Revenue,USDT,6.1865268,,,,,2025/5/9,,,
360673752,2025/5/9 9:07,Spot,Transaction Sold,BTC,-0.00006,,,,,2025/5/9,,,
360673752,2025/5/9 9:07,Spot,Transaction Fee,USDT,-0.00515544,,,,,2025/5/9,,,
360673752,2025/5/9 9:07,Spot,Transaction Revenue,USDT,5.155439,,,,,2025/5/9,,,
360673752,2025/5/9 9:07,Spot,Transaction Sold,BTC,-0.01697,,,,,2025/5/9,,,
360673752,2025/5/9 9:07,Spot,Transaction Fee,USDT,-18.20282402,,,,,2025/5/9,,,
360673752,2025/5/9 9:07,Spot,Transaction Sold,BTC,-0.00006,,,,,2025/5/9,,,
360673752,2025/5/9 9:07,Spot,Transaction Revenue,USDT,46.398951,,,,,2025/5/9,,,
360673752,2025/5/9 9:07,Spot,Transaction Revenue,USDT,6.1865268,,,,,2025/5/9,,,
360673752,2025/5/9 9:07,Spot,Transaction Fee,USDT,-0.00618653,,,,,2025/5/9,,,
360673752,2025/5/9 9:07,Spot,Transaction Sold,BTC,-0.0001,,,,,2025/5/9,,,
360673752,2025/5/9 9:07,Spot,Transaction Fee,USDT,-0.00618653,,,,,2025/5/9,,,
360673752,2025/5/9 9:07,Spot,Transaction Revenue,USDT,5.155439,,,,,2025/5/9,,,
360673752,2025/5/9 9:07,Spot,Transaction Fee,USDT,-0.00515544,,,,,2025/5/9,,,
360673752,2025/5/9 9:07,Spot,Transaction Revenue,USDT,6.1865268,,,,,2025/5/9,,,
360673752,2025/5/9 9:07,Spot,Transaction Fee,USDT,-0.00618653,,,,,2025/5/9,,,
360673752,2025/5/9 9:07,Spot,Transaction Revenue,USDT,6.1865268,,,,,2025/5/9,,,
360673752,2025/5/9 9:07,Spot,Transaction Fee,USDT,-1.40537267,,,,,2025/5/9,,,
360673752,2025/5/9 9:07,Spot,Transaction Sold,BTC,-0.00006,,,,,2025/5/9,,,
360673752,2025/5/9 9:07,Spot,Transaction Sold,BTC,-0.00006,,,,,2025/5/9,,,
360673752,2025/5/9 9:07,Spot,Transaction Revenue,USDT,5.155439,,,,,2025/5/9,,,
360673752,2025/5/9 9:07,Spot,Transaction Sold,BTC,-0.00005,,,,,2025/5/9,,,
360673752,2025/5/9 9:07,Spot,Transaction Revenue,USDT,16721.15085,,,,,2025/5/9,,,
360673752,2025/5/9 9:07,Spot,Transaction Revenue,USDT,5.155439,,,,,2025/5/9,,,
360673752,2025/5/9 9:07,Spot,Transaction Revenue,USDT,6.1865268,,,,,2025/5/9,,,
360673752,2025/5/9 9:07,Spot,Transaction Sold,BTC,-0.00006,,,,,2025/5/9,,,
360673752,2025/5/9 9:07,Spot,Transaction Revenue,USDT,1749.755997,,,,,2025/5/9,,,
360673752,2025/5/9 9:07,Spot,Transaction Sold,BTC,-0.00484,,,,,2025/5/9,,,
360673752,2025/5/9 9:07,Spot,Transaction Fee,USDT,-0.01031088,,,,,2025/5/9,,,
360673752,2025/5/9 9:07,Spot,Transaction Revenue,USDT,6.1865268,,,,,2025/5/9,,,
360673752,2025/5/9 9:07,Spot,Transaction Fee,USDT,-16.72115085,,,,,2025/5/9,,,
360673752,2025/5/9 9:07,Spot,Transaction Revenue,USDT,6.1865268,,,,,2025/5/9,,,
360673752,2025/5/9 9:07,Spot,Transaction Revenue,USDT,2489.045949,,,,,2025/5/9,,,
360673752,2025/5/9 9:07,Spot,Transaction Fee,USDT,-0.00618653,,,,,2025/5/9,,,
360673752,2025/5/9 9:07,Spot,Transaction Fee,USDT,-0.00618653,,,,,2025/5/9,,,
360673752,2025/5/9 9:07,Spot,Transaction Fee,USDT,-1.749756,,,,,2025/5/9,,,
360673752,2025/5/9 9:07,Spot,Transaction Fee,USDT,-0.00618653,,,,,2025/5/9,,,
360673752,2025/5/9 9:07,Spot,Transaction Revenue,USDT,6819.614709,,,,,2025/5/9,,,
360673752,2025/5/9 9:07,Spot,Transaction Revenue,USDT,10.310878,,,,,2025/5/9,,,
360673752,2025/5/9 9:07,Spot,Transaction Sold,BTC,-0.00006,,,,,2025/5/9,,,
360673752,2025/5/9 9:07,Spot,Transaction Revenue,USDT,2810.745343,,,,,2025/5/9,,,
360673752,2025/5/9 9:07,Spot,Transaction Fee,USDT,-0.00515544,,,,,2025/5/9,,,
360673752,2025/5/9 9:07,Spot,Transaction Revenue,USDT,2909.729772,,,,,2025/5/9,,,
360673752,2025/5/9 9:07,Spot,Transaction Fee,USDT,-1.62396329,,,,,2025/5/9,,,
360673752,2025/5/9 9:07,Spot,Transaction Fee,USDT,-0.00618653,,,,,2025/5/9,,,
360673752,2025/5/9 9:07,Spot,Transaction Revenue,USDT,6.1865268,,,,,2025/5/9,,,
360673752,2025/5/9 9:07,Spot,Transaction Fee,USDT,-0.00618653,,,,,2025/5/9,,,
360673752,2025/5/9 9:07,Spot,Transaction Revenue,USDT,6.1865268,,,,,2025/5/9,,,
360673752,2025/5/9 9:07,Spot,Transaction Fee,USDT,-0.00515544,,,,,2025/5/9,,,
360673752,2025/5/9 9:07,Spot,Transaction Fee,USDT,-0.4990465,,,,,2025/5/9,,,
360673752,2025/5/9 9:07,Spot,Transaction Fee,USDT,-0.14950773,,,,,2025/5/9,,,
360673752,2025/5/9 9:07,Spot,Transaction Sold,BTC,-0.00006,,,,,2025/5/9,,,
360673752,2025/5/9 9:07,Spot,Transaction Sold,BTC,-0.00006,,,,,2025/5/9,,,
360673752,2025/5/9 9:07,Spot,Transaction Fee,USDT,-0.00515544,,,,,2025/5/9,,,
360673752,2025/5/9 9:07,Spot,Transaction Sold,BTC,-0.01433,,,,,2025/5/9,,,
360673752,2025/5/9 9:07,Spot,Transaction Sold,BTC,-0.00006,,,,,2025/5/9,,,
360673752,2025/5/9 9:07,Spot,Transaction Revenue,USDT,6.1865268,,,,,2025/5/9,,,
360673752,2025/5/9 9:07,Spot,Transaction Revenue,USDT,5.155439,,,,,2025/5/9,,,
360673752,2025/5/9 9:07,Spot,Transaction Sold,BTC,-0.00005,,,,,2025/5/9,,,
360673752,2025/5/9 9:07,Spot,Transaction Fee,USDT,-0.00515544,,,,,2025/5/9,,,
360673752,2025/5/9 9:07,Spot,Transaction Sold,BTC,-0.01575,,,,,2025/5/9,,,
360673752,2025/5/9 9:07,Spot,Transaction Sold,BTC,-0.00006,,,,,2025/5/9,,,
360673752,2025/5/9 9:07,Spot,Transaction Sold,BTC,-0.00006,,,,,2025/5/9,,,
360673752,2025/5/9 9:07,Spot,Transaction Sold,BTC,-0.00045,,,,,2025/5/9,,,
360673752,2025/5/9 9:07,Spot,Transaction Sold,BTC,-0.00005,,,,,2025/5/9,,,
360673752,2025/5/9 9:08,Spot Lead,Lead Portfolio (Spot) - Deposit,USDT,65002.98248,Binance Copy Trading,,,,2025/5/9,,,
360673752,2025/5/9 9:08,Spot,Lead Portfolio (Spot) - Deposit,USDT,-65002.98248,Binance Copy Trading,,,,2025/5/9,,,
360673752,2025/5/9 23:36,Spot,Copy Portfolio (Spot) - Profit Sharing with Leader,USDT,0.66099652,Binance Copy Trading,,,,2025/5/9,,,
360673752,2025/5/12 5:30,Spot,Copy Portfolio (Spot) - Leader Trading Fee Comission,USDT,0.48970399,Binance Copy Trading,,,,2025/5/12,,,
360673752,2025/5/12 5:31,Spot,Copy Portfolio (Spot) - Leader Trading Fee Comission,BTC,0.00000528,Binance Copy Trading,,,,2025/5/12,,,
360673752,2025/5/13 1:38,Spot Lead,Transaction Fee,USDT,-0.00613262,,,,,2025/5/13,,,
360673752,2025/5/13 1:38,Spot Lead,Transaction Revenue,USDT,19995.41273,,,,,2025/5/13,,,
360673752,2025/5/13 1:38,Spot Lead,Transaction Revenue,USDT,6.1326216,,,,,2025/5/13,,,
360673752,2025/5/13 1:38,Spot Lead,Transaction Revenue,USDT,430.3056156,,,,,2025/5/13,,,
360673752,2025/5/13 1:38,Spot Lead,Transaction Sold,BTC,-0.00006,,,,,2025/5/13,,,
360673752,2025/5/13 1:38,Spot Lead,Transaction Fee,USDT,-0.00613262,,,,,2025/5/13,,,
360673752,2025/5/13 1:38,Spot Lead,Transaction Sold,BTC,-0.00005,,,,,2025/5/13,,,
360673752,2025/5/13 1:38,Spot Lead,Transaction Sold,BTC,-0.00005,,,,,2025/5/13,,,
360673752,2025/5/13 1:38,Spot Lead,Transaction Revenue,USDT,6.1326216,,,,,2025/5/13,,,
360673752,2025/5/13 1:38,Spot Lead,Transaction Sold,BTC,-0.00101,,,,,2025/5/13,,,
360673752,2025/5/13 1:38,Spot Lead,Transaction Revenue,USDT,6.1326216,,,,,2025/5/13,,,
360673752,2025/5/13 1:38,Spot Lead,Transaction Sold,BTC,-0.00006,,,,,2025/5/13,,,
360673752,2025/5/13 1:38,Spot Lead,Transaction Sold,BTC,-0.00006,,,,,2025/5/13,,,
360673752,2025/5/13 1:38,Spot Lead,Transaction Fee,USDT,-0.04599466,,,,,2025/5/13,,,
360673752,2025/5/13 1:38,Spot Lead,Transaction Sold,BTC,-0.00005,,,,,2025/5/13,,,
360673752,2025/5/13 1:38,Spot Lead,Transaction Revenue,USDT,10.221036,,,,,2025/5/13,,,
360673752,2025/5/13 1:38,Spot Lead,Transaction Fee,USDT,-0.43030562,,,,,2025/5/13,,,
360673752,2025/5/13 1:38,Spot Lead,Transaction Fee,USDT,-0.00511052,,,,,2025/5/13,,,
360673752,2025/5/13 1:38,Spot Lead,Transaction Revenue,USDT,6.1326216,,,,,2025/5/13,,,
360673752,2025/5/13 1:38,Spot Lead,Transaction Sold,BTC,-0.00005,,,,,2025/5/13,,,
360673752,2025/5/13 1:38,Spot Lead,Transaction Fee,USDT,-0.00613262,,,,,2025/5/13,,,
360673752,2025/5/13 1:38,Spot Lead,Transaction Fee,USDT,-0.00613262,,,,,2025/5/13,,,
360673752,2025/5/13 1:38,Spot Lead,Transaction Sold,BTC,-0.0022,,,,,2025/5/13,,,
360673752,2025/5/13 1:38,Spot Lead,Transaction Fee,USDT,-0.00511052,,,,,2025/5/13,,,
360673752,2025/5/13 1:38,Spot Lead,Transaction Revenue,USDT,6.1326216,,,,,2025/5/13,,,
360673752,2025/5/13 1:38,Spot Lead,Transaction Revenue,USDT,6.1326216,,,,,2025/5/13,,,
360673752,2025/5/13 1:38,Spot Lead,Transaction Fee,USDT,-0.37715623,,,,,2025/5/13,,,
360673752,2025/5/13 1:38,Spot Lead,Transaction Sold,BTC,-0.00045,,,,,2025/5/13,,,
360673752,2025/5/13 1:38,Spot Lead,Transaction Sold,BTC,-0.00005,,,,,2025/5/13,,,
360673752,2025/5/13 1:38,Spot Lead,Transaction Revenue,USDT,3096.973908,,,,,2025/5/13,,,
360673752,2025/5/13 1:38,Spot Lead,Transaction Revenue,USDT,5.110518,,,,,2025/5/13,,,
360673752,2025/5/13 1:38,Spot Lead,Transaction Revenue,USDT,5.110518,,,,,2025/5/13,,,
360673752,2025/5/13 1:38,Spot Lead,Transaction Sold,BTC,-0.00005,,,,,2025/5/13,,,
360673752,2025/5/13 1:38,Spot Lead,Transaction Sold,BTC,-0.14792,,,,,2025/5/13,,,
360673752,2025/5/13 1:38,Spot Lead,Transaction Revenue,USDT,3036.669796,,,,,2025/5/13,,,
360673752,2025/5/13 1:38,Spot Lead,Transaction Fee,USDT,-3.0366698,,,,,2025/5/13,,,
360673752,2025/5/13 1:38,Spot Lead,Transaction Sold,BTC,-0.00005,,,,,2025/5/13,,,
360673752,2025/5/13 1:38,Spot Lead,Transaction Sold,BTC,-0.0001,,,,,2025/5/13,,,
360673752,2025/5/13 1:38,Spot Lead,Transaction Fee,USDT,-0.00613262,,,,,2025/5/13,,,
360673752,2025/5/13 1:38,Spot Lead,Transaction Sold,BTC,-0.00065,,,,,2025/5/13,,,
360673752,2025/5/13 1:38,Spot Lead,Transaction Revenue,USDT,5.110518,,,,,2025/5/13,,,
360673752,2025/5/13 1:38,Spot Lead,Transaction Fee,USDT,-0.00613262,,,,,2025/5/13,,,
360673752,2025/5/13 1:38,Spot Lead,Transaction Revenue,USDT,45.994662,,,,,2025/5/13,,,
360673752,2025/5/13 1:38,Spot Lead,Transaction Fee,USDT,-0.00511052,,,,,2025/5/13,,,
360673752,2025/5/13 1:38,Spot Lead,Transaction Sold,BTC,-0.0001,,,,,2025/5/13,,,
360673752,2025/5/13 1:38,Spot Lead,Transaction Sold,BTC,-0.00006,,,,,2025/5/13,,,
360673752,2025/5/13 1:38,Spot Lead,Transaction Fee,USDT,-0.00511052,,,,,2025/5/13,,,
360673752,2025/5/13 1:38,Spot Lead,Transaction Sold,BTC,-0.00006,,,,,2025/5/13,,,
360673752,2025/5/13 1:38,Spot Lead,Transaction Revenue,USDT,6.1326216,,,,,2025/5/13,,,
360673752,2025/5/13 1:38,Spot Lead,Transaction Fee,USDT,-0.00613262,,,,,2025/5/13,,,
360673752,2025/5/13 1:38,Spot Lead,Transaction Revenue,USDT,6.1326216,,,,,2025/5/13,,,
360673752,2025/5/13 1:38,Spot Lead,Transaction Fee,USDT,-0.00511052,,,,,2025/5/13,,,
360673752,2025/5/13 1:38,Spot Lead,Transaction Sold,BTC,-0.00006,,,,,2025/5/13,,,
360673752,2025/5/13 1:38,Spot Lead,Transaction Fee,USDT,-0.10323246,,,,,2025/5/13,,,
360673752,2025/5/13 1:38,Spot Lead,Transaction Revenue,USDT,6.1326216,,,,,2025/5/13,,,
360673752,2025/5/13 1:38,Spot Lead,Transaction Revenue,USDT,6.1326216,,,,,2025/5/13,,,
360673752,2025/5/13 1:38,Spot Lead,Transaction Sold,BTC,-0.00006,,,,,2025/5/13,,,
360673752,2025/5/13 1:38,Spot Lead,Transaction Revenue,USDT,6.1326216,,,,,2025/5/13,,,
360673752,2025/5/13 1:38,Spot Lead,Transaction Revenue,USDT,5.110518,,,,,2025/5/13,,,
360673752,2025/5/13 1:38,Spot Lead,Transaction Fee,USDT,-0.00613262,,,,,2025/5/13,,,
360673752,2025/5/13 1:38,Spot Lead,Transaction Fee,USDT,-0.00613262,,,,,2025/5/13,,,
360673752,2025/5/13 1:38,Spot Lead,Transaction Sold,BTC,-0.00006,,,,,2025/5/13,,,
360673752,2025/5/13 1:38,Spot Lead,Transaction Fee,USDT,-0.00613262,,,,,2025/5/13,,,
360673752,2025/5/13 1:38,Spot Lead,Transaction Sold,BTC,-0.00044,,,,,2025/5/13,,,
360673752,2025/5/13 1:38,Spot Lead,Transaction Revenue,USDT,5.110518,,,,,2025/5/13,,,
360673752,2025/5/13 1:38,Spot Lead,Transaction Revenue,USDT,6.1326216,,,,,2025/5/13,,,
360673752,2025/5/13 1:38,Spot Lead,Transaction Fee,USDT,-0.2279291,,,,,2025/5/13,,,
360673752,2025/5/13 1:38,Spot Lead,Transaction Sold,BTC,-0.00223,,,,,2025/5/13,,,
360673752,2025/5/13 1:38,Spot Lead,Transaction Fee,USDT,-3.09697391,,,,,2025/5/13,,,
360673752,2025/5/13 1:38,Spot Lead,Transaction Sold,BTC,-0.00005,,,,,2025/5/13,,,
360673752,2025/5/13 1:38,Spot Lead,Transaction Revenue,USDT,6.1326216,,,,,2025/5/13,,,
360673752,2025/5/13 1:38,Spot Lead,Transaction Fee,USDT,-0.00613262,,,,,2025/5/13,,,
360673752,2025/5/13 1:38,Spot Lead,Transaction Sold,BTC,-0.02971,,,,,2025/5/13,,,
360673752,2025/5/13 1:38,Spot Lead,Transaction Sold,BTC,-0.00006,,,,,2025/5/13,,,
360673752,2025/5/13 1:38,Spot Lead,Transaction Fee,USDT,-0.00613262,,,,,2025/5/13,,,
360673752,2025/5/13 1:38,Spot Lead,Transaction Revenue,USDT,5.110518,,,,,2025/5/13,,,
360673752,2025/5/13 1:38,Spot Lead,Transaction Fee,USDT,-0.00613262,,,,,2025/5/13,,,
360673752,2025/5/13 1:38,Spot Lead,Transaction Fee,USDT,-0.00613262,,,,,2025/5/13,,,
360673752,2025/5/13 1:38,Spot Lead,Transaction Fee,USDT,-0.00511052,,,,,2025/5/13,,,
360673752,2025/5/13 1:38,Spot Lead,Transaction Fee,USDT,-0.00613262,,,,,2025/5/13,,,
360673752,2025/5/13 1:38,Spot Lead,Transaction Revenue,USDT,6.1326216,,,,,2025/5/13,,,
360673752,2025/5/13 1:38,Spot Lead,Transaction Fee,USDT,-0.00511052,,,,,2025/5/13,,,
360673752,2025/5/13 1:38,Spot Lead,Transaction Fee,USDT,-0.04497256,,,,,2025/5/13,,,
360673752,2025/5/13 1:38,Spot Lead,Transaction Sold,BTC,-0.00006,,,,,2025/5/13,,,
360673752,2025/5/13 1:38,Spot Lead,Transaction Sold,BTC,-0.00006,,,,,2025/5/13,,,
360673752,2025/5/13 1:38,Spot Lead,Transaction Revenue,USDT,227.9291028,,,,,2025/5/13,,,
360673752,2025/5/13 1:38,Spot Lead,Transaction Fee,USDT,-0.00613262,,,,,2025/5/13,,,
360673752,2025/5/13 1:38,Spot Lead,Transaction Revenue,USDT,377.1562284,,,,,2025/5/13,,,
360673752,2025/5/13 1:38,Spot Lead,Transaction Revenue,USDT,5.110518,,,,,2025/5/13,,,
360673752,2025/5/13 1:38,Spot Lead,Transaction Sold,BTC,-0.00006,,,,,2025/5/13,,,
360673752,2025/5/13 1:38,Spot Lead,Transaction Revenue,USDT,6.1326216,,,,,2025/5/13,,,
360673752,2025/5/13 1:38,Spot Lead,Transaction Sold,BTC,-0.00006,,,,,2025/5/13,,,
360673752,2025/5/13 1:38,Spot Lead,Transaction Fee,USDT,-0.06643673,,,,,2025/5/13,,,
360673752,2025/5/13 1:38,Spot Lead,Transaction Revenue,USDT,15118.95645,,,,,2025/5/13,,,
360673752,2025/5/13 1:38,Spot Lead,Transaction Revenue,USDT,103.2324636,,,,,2025/5/13,,,
360673752,2025/5/13 1:38,Spot Lead,Transaction Fee,USDT,-0.00511052,,,,,2025/5/13,,,
360673752,2025/5/13 1:38,Spot Lead,Transaction Sold,BTC,-0.00006,,,,,2025/5/13,,,
360673752,2025/5/13 1:38,Spot Lead,Transaction Fee,USDT,-0.00613262,,,,,2025/5/13,,,
360673752,2025/5/13 1:38,Spot Lead,Transaction Fee,USDT,-0.00613262,,,,,2025/5/13,,,
360673752,2025/5/13 1:38,Spot Lead,Transaction Fee,USDT,-0.00613262,,,,,2025/5/13,,,
360673752,2025/5/13 1:38,Spot Lead,Transaction Fee,USDT,-0.00511052,,,,,2025/5/13,,,
360673752,2025/5/13 1:38,Spot Lead,Transaction Sold,BTC,-0.00006,,,,,2025/5/13,,,
360673752,2025/5/13 1:38,Spot Lead,Transaction Revenue,USDT,6.1326216,,,,,2025/5/13,,,
360673752,2025/5/13 1:38,Spot Lead,Transaction Sold,BTC,-0.00005,,,,,2025/5/13,,,
360673752,2025/5/13 1:38,Spot Lead,Transaction Revenue,USDT,6.1326216,,,,,2025/5/13,,,
360673752,2025/5/13 1:38,Spot Lead,Transaction Revenue,USDT,6.1326216,,,,,2025/5/13,,,
360673752,2025/5/13 1:38,Spot Lead,Transaction Revenue,USDT,44.9725584,,,,,2025/5/13,,,
360673752,2025/5/13 1:38,Spot Lead,Transaction Revenue,USDT,6.1326216,,,,,2025/5/13,,,
360673752,2025/5/13 1:38,Spot Lead,Transaction Revenue,USDT,27.5967972,,,,,2025/5/13,,,
360673752,2025/5/13 1:38,Spot Lead,Transaction Revenue,USDT,5.110518,,,,,2025/5/13,,,
360673752,2025/5/13 1:38,Spot Lead,Transaction Sold,BTC,-0.00006,,,,,2025/5/13,,,
360673752,2025/5/13 1:38,Spot Lead,Transaction Fee,USDT,-0.22486279,,,,,2025/5/13,,,
360673752,2025/5/13 1:38,Spot Lead,Transaction Revenue,USDT,10.221036,,,,,2025/5/13,,,
360673752,2025/5/13 1:38,Spot Lead,Transaction Fee,USDT,-0.0275968,,,,,2025/5/13,,,
360673752,2025/5/13 1:38,Spot Lead,Transaction Sold,BTC,-0.19563,,,,,2025/5/13,,,
360673752,2025/5/13 1:38,Spot Lead,Transaction Fee,USDT,-0.00511052,,,,,2025/5/13,,,
360673752,2025/5/13 1:38,Spot Lead,Transaction Revenue,USDT,6.1326216,,,,,2025/5/13,,,
360673752,2025/5/13 1:38,Spot Lead,Transaction Sold,BTC,-0.00006,,,,,2025/5/13,,,
360673752,2025/5/13 1:38,Spot Lead,Transaction Sold,BTC,-0.00369,,,,,2025/5/13,,,
360673752,2025/5/13 1:38,Spot Lead,Transaction Fee,USDT,-19.99541273,,,,,2025/5/13,,,
360673752,2025/5/13 1:38,Spot Lead,Transaction Sold,BTC,-0.00005,,,,,2025/5/13,,,
360673752,2025/5/13 1:38,Spot Lead,Transaction Revenue,USDT,5.110518,,,,,2025/5/13,,,
360673752,2025/5/13 1:38,Spot Lead,Transaction Revenue,USDT,5.110518,,,,,2025/5/13,,,
360673752,2025/5/13 1:38,Spot Lead,Transaction Revenue,USDT,6.1326216,,,,,2025/5/13,,,
360673752,2025/5/13 1:38,Spot Lead,Transaction Sold,BTC,-0.0303,,,,,2025/5/13,,,
360673752,2025/5/13 1:38,Spot Lead,Transaction Fee,USDT,-0.00511052,,,,,2025/5/13,,,
360673752,2025/5/13 1:38,Spot Lead,Transaction Revenue,USDT,5.110518,,,,,2025/5/13,,,
360673752,2025/5/13 1:38,Spot Lead,Transaction Revenue,USDT,66.436734,,,,,2025/5/13,,,
360673752,2025/5/13 1:38,Spot Lead,Transaction Revenue,USDT,6.1326216,,,,,2025/5/13,,,
360673752,2025/5/13 1:38,Spot Lead,Transaction Revenue,USDT,14.3094504,,,,,2025/5/13,,,
360673752,2025/5/13 1:38,Spot Lead,Transaction Revenue,USDT,45.994662,,,,,2025/5/13,,,
360673752,2025/5/13 1:38,Spot Lead,Transaction Sold,BTC,-0.00006,,,,,2025/5/13,,,
360673752,2025/5/13 1:38,Spot Lead,Transaction Revenue,USDT,224.862792,,,,,2025/5/13,,,
360673752,2025/5/13 1:38,Spot Lead,Transaction Sold,BTC,-0.00045,,,,,2025/5/13,,,
360673752,2025/5/13 1:38,Spot Lead,Transaction Sold,BTC,-0.00006,,,,,2025/5/13,,,
360673752,2025/5/13 1:38,Spot Lead,Transaction Fee,USDT,-0.00613262,,,,,2025/5/13,,,
360673752,2025/5/13 1:38,Spot Lead,Transaction Sold,BTC,-0.00014,,,,,2025/5/13,,,
360673752,2025/5/13 1:38,Spot Lead,Transaction Sold,BTC,-0.00005,,,,,2025/5/13,,,
360673752,2025/5/13 1:38,Spot Lead,Transaction Sold,BTC,-0.00005,,,,,2025/5/13,,,
360673752,2025/5/13 1:38,Spot Lead,Transaction Sold,BTC,-0.00421,,,,,2025/5/13,,,
360673752,2025/5/13 1:38,Spot Lead,Transaction Fee,USDT,-0.01022104,,,,,2025/5/13,,,
360673752,2025/5/13 1:38,Spot Lead,Transaction Sold,BTC,-0.00006,,,,,2025/5/13,,,
360673752,2025/5/13 1:38,Spot Lead,Transaction Fee,USDT,-0.00613262,,,,,2025/5/13,,,
360673752,2025/5/13 1:38,Spot Lead,Transaction Sold,BTC,-0.00006,,,,,2025/5/13,,,
360673752,2025/5/13 1:38,Spot Lead,Transaction Sold,BTC,-0.00027,,,,,2025/5/13,,,
360673752,2025/5/13 1:38,Spot Lead,Transaction Sold,BTC,-0.00006,,,,,2025/5/13,,,
360673752,2025/5/13 1:38,Spot Lead,Transaction Revenue,USDT,5.110518,,,,,2025/5/13,,,
360673752,2025/5/13 1:38,Spot Lead,Transaction Fee,USDT,-0.04599466,,,,,2025/5/13,,,
360673752,2025/5/13 1:38,Spot Lead,Transaction Fee,USDT,-0.01430945,,,,,2025/5/13,,,
360673752,2025/5/13 1:38,Spot Lead,Transaction Fee,USDT,-0.00511052,,,,,2025/5/13,,,
360673752,2025/5/13 1:38,Spot Lead,Transaction Fee,USDT,-0.00613262,,,,,2025/5/13,,,
360673752,2025/5/13 1:38,Spot Lead,Transaction Fee,USDT,-0.01022104,,,,,2025/5/13,,,
360673752,2025/5/13 1:38,Spot Lead,Transaction Fee,USDT,-15.11895645,,,,,2025/5/13,,,
360673752,2025/5/13 1:39,Spot Lead,Transaction Fee,USDT,-0.04395045,,,,,2025/5/13,,,
360673752,2025/5/13 1:39,Spot Lead,Transaction Fee,USDT,-0.09914405,,,,,2025/5/13,,,
360673752,2025/5/13 1:39,Spot Lead,Transaction Revenue,USDT,43.9504548,,,,,2025/5/13,,,
360673752,2025/5/13 1:39,Spot Lead,Transaction Revenue,USDT,99.1440492,,,,,2025/5/13,,,
360673752,2025/5/13 1:39,Spot Lead,Transaction Sold,BTC,-0.00043,,,,,2025/5/13,,,
360673752,2025/5/13 1:39,Spot Lead,Transaction Fee,USDT,-0.09914405,,,,,2025/5/13,,,
360673752,2025/5/13 1:39,Spot Lead,Transaction Revenue,USDT,99.1440492,,,,,2025/5/13,,,
360673752,2025/5/13 1:39,Spot Lead,Transaction Sold,BTC,-0.00097,,,,,2025/5/13,,,
360673752,2025/5/13 1:39,Spot Lead,Transaction Sold,BTC,-0.00097,,,,,2025/5/13,,,
360673752,2025/5/13 1:39,Spot Lead,Transaction Revenue,USDT,99.1440492,,,,,2025/5/13,,,
360673752,2025/5/13 1:39,Spot Lead,Transaction Fee,USDT,-0.81155026,,,,,2025/5/13,,,
360673752,2025/5/13 1:39,Spot Lead,Transaction Revenue,USDT,99.1440492,,,,,2025/5/13,,,
360673752,2025/5/13 1:39,Spot Lead,Transaction Sold,BTC,-0.00097,,,,,2025/5/13,,,
360673752,2025/5/13 1:39,Spot Lead,Transaction Sold,BTC,-0.00217,,,,,2025/5/13,,,
360673752,2025/5/13 1:39,Spot Lead,Transaction Sold,BTC,-0.00794,,,,,2025/5/13,,,
360673752,2025/5/13 1:39,Spot Lead,Transaction Revenue,USDT,221.7964812,,,,,2025/5/13,,,
360673752,2025/5/13 1:39,Spot Lead,Transaction Sold,BTC,-0.00097,,,,,2025/5/13,,,
360673752,2025/5/13 1:39,Spot Lead,Transaction Revenue,USDT,20.442072,,,,,2025/5/13,,,
360673752,2025/5/13 1:39,Spot Lead,Transaction Revenue,USDT,811.5502584,,,,,2025/5/13,,,
360673752,2025/5/13 1:39,Spot Lead,Transaction Fee,USDT,-0.02044207,,,,,2025/5/13,,,
360673752,2025/5/13 1:39,Spot Lead,Transaction Fee,USDT,-0.09914405,,,,,2025/5/13,,,
360673752,2025/5/13 1:39,Spot Lead,Transaction Sold,BTC,-0.0002,,,,,2025/5/13,,,
360673752,2025/5/13 1:39,Spot Lead,Transaction Fee,USDT,-0.22179648,,,,,2025/5/13,,,
360673752,2025/5/13 1:39,Spot Lead,Transaction Fee,USDT,-0.09914405,,,,,2025/5/13,,,
360673752,2025/5/13 1:39,Spot Lead,Transaction Fee,USDT,-0.01737576,,,,,2025/5/13,,,
360673752,2025/5/13 1:39,Spot Lead,Transaction Sold,BTC,-0.0001,,,,,2025/5/13,,,
360673752,2025/5/13 1:39,Spot Lead,Transaction Revenue,USDT,667.4336508,,,,,2025/5/13,,,
360673752,2025/5/13 1:39,Spot Lead,Transaction Revenue,USDT,99.1440492,,,,,2025/5/13,,,
360673752,2025/5/13 1:39,Spot Lead,Transaction Revenue,USDT,292.3216296,,,,,2025/5/13,,,
360673752,2025/5/13 1:39,Spot Lead,Transaction Sold,BTC,-0.00017,,,,,2025/5/13,,,
360673752,2025/5/13 1:39,Spot Lead,Transaction Revenue,USDT,10.221036,,,,,2025/5/13,,,
360673752,2025/5/13 1:39,Spot Lead,Transaction Sold,BTC,-0.00653,,,,,2025/5/13,,,
360673752,2025/5/13 1:39,Spot Lead,Transaction Revenue,USDT,17.3757612,,,,,2025/5/13,,,
360673752,2025/5/13 1:39,Spot Lead,Transaction Fee,USDT,-0.01022104,,,,,2025/5/13,,,
360673752,2025/5/13 1:39,Spot Lead,Transaction Sold,BTC,-0.00097,,,,,2025/5/13,,,
360673752,2025/5/13 1:39,Spot Lead,Transaction Sold,BTC,-0.00286,,,,,2025/5/13,,,
360673752,2025/5/13 1:39,Spot Lead,Transaction Fee,USDT,-0.29232163,,,,,2025/5/13,,,
360673752,2025/5/13 1:39,Spot Lead,Transaction Fee,USDT,-0.66743365,,,,,2025/5/13,,,
360673752,2025/5/13 1:39,Spot Lead,Transaction Fee,USDT,-0.09914405,,,,,2025/5/13,,,
360673752,2025/5/13 1:39,Spot Lead,Transaction Revenue,USDT,99.1440492,,,,,2025/5/13,,,
360673752,2025/5/13 1:39,Spot Lead,Transaction Sold,BTC,-0.00097,,,,,2025/5/13,,,
360673752,2025/5/13 1:39,Spot Lead,Transaction Fee,USDT,-0.09914405,,,,,2025/5/13,,,
360673752,2025/5/13 1:39,Spot Lead,Transaction Fee,USDT,-0.09914405,,,,,2025/5/13,,,
360673752,2025/5/13 1:39,Spot Lead,Transaction Revenue,USDT,99.1440492,,,,,2025/5/13,,,
360673752,2025/5/13 1:39,Spot Lead,Transaction Sold,BTC,-0.00097,,,,,2025/5/13,,,
360673752,2025/5/13 1:39,Spot Lead,Transaction Revenue,USDT,35.773626,,,,,2025/5/13,,,
360673752,2025/5/13 1:39,Spot Lead,Transaction Revenue,USDT,43.9504548,,,,,2025/5/13,,,
360673752,2025/5/13 1:39,Spot Lead,Transaction Fee,USDT,-0.09914405,,,,,2025/5/13,,,
360673752,2025/5/13 1:39,Spot Lead,Transaction Revenue,USDT,99.1440492,,,,,2025/5/13,,,
360673752,2025/5/13 1:39,Spot Lead,Transaction Sold,BTC,-0.00035,,,,,2025/5/13,,,
360673752,2025/5/13 1:39,Spot Lead,Transaction Revenue,USDT,5.110518,,,,,2025/5/13,,,
360673752,2025/5/13 1:39,Spot Lead,Transaction Fee,USDT,-0.04395045,,,,,2025/5/13,,,
360673752,2025/5/13 1:39,Spot Lead,Transaction Sold,BTC,-0.00005,,,,,2025/5/13,,,
360673752,2025/5/13 1:39,Spot Lead,Transaction Fee,USDT,-0.03577363,,,,,2025/5/13,,,
360673752,2025/5/13 1:39,Spot Lead,Transaction Fee,USDT,-0.00511052,,,,,2025/5/13,,,
360673752,2025/5/13 1:39,Spot Lead,Transaction Sold,BTC,-0.00097,,,,,2025/5/13,,,
360673752,2025/5/13 1:39,Spot Lead,Transaction Sold,BTC,-0.00043,,,,,2025/5/13,,,
360673752,2025/5/13 1:39,Spot Lead,Transaction Fee,USDT,-0.0848346,,,,,2025/5/13,,,
360673752,2025/5/13 1:39,Spot Lead,Transaction Sold,BTC,-0.00083,,,,,2025/5/13,,,
360673752,2025/5/13 1:39,Spot Lead,Transaction Revenue,USDT,84.8345988,,,,,2025/5/13,,,
360673752,2025/5/13 1:39,Spot Lead,Transaction Sold,BTC,-0.1564,,,,,2025/5/13,,,
360673752,2025/5/13 1:39,Spot Lead,Transaction Revenue,USDT,19327.97908,,,,,2025/5/13,,,
360673752,2025/5/13 1:39,Spot Lead,Transaction Fee,USDT,-4.03935343,,,,,2025/5/13,,,
360673752,2025/5/13 1:39,Spot Lead,Transaction Sold,BTC,-0.03952,,,,,2025/5/13,,,
360673752,2025/5/13 1:39,Spot Lead,Transaction Fee,USDT,-15.9857003,,,,,2025/5/13,,,
360673752,2025/5/13 1:39,Spot Lead,Transaction Revenue,USDT,15985.7003,,,,,2025/5/13,,,
360673752,2025/5/13 1:39,Spot Lead,Transaction Revenue,USDT,3293.217799,,,,,2025/5/13,,,
360673752,2025/5/13 1:39,Spot Lead,Transaction Fee,USDT,-13.44270655,,,,,2025/5/13,,,
360673752,2025/5/13 1:39,Spot Lead,Transaction Revenue,USDT,13442.70655,,,,,2025/5/13,,,
360673752,2025/5/13 1:39,Spot Lead,Transaction Fee,USDT,-3.2932178,,,,,2025/5/13,,,
360673752,2025/5/13 1:39,Spot Lead,Transaction Sold,BTC,-0.1891,,,,,2025/5/13,,,
360673752,2025/5/13 1:39,Spot Lead,Transaction Revenue,USDT,4039.353427,,,,,2025/5/13,,,
360673752,2025/5/13 1:39,Spot Lead,Transaction Sold,BTC,-0.03222,,,,,2025/5/13,,,
360673752,2025/5/13 1:39,Spot Lead,Transaction Fee,USDT,-19.32797908,,,,,2025/5/13,,,
360673752,2025/5/13 1:39,Spot Lead,Transaction Sold,BTC,-0.13152,,,,,2025/5/13,,,
360673752,2025/5/13 1:40,Spot Lead,Transaction Sold,BTC,-0.00006,,,,,2025/5/13,,,
360673752,2025/5/13 1:40,Spot Lead,Transaction Sold,BTC,-0.00011,,,,,2025/5/13,,,
360673752,2025/5/13 1:40,Spot Lead,Transaction Fee,USDT,-0.01022,,,,,2025/5/13,,,
360673752,2025/5/13 1:40,Spot Lead,Transaction Fee,USDT,-0.028616,,,,,2025/5/13,,,
360673752,2025/5/13 1:40,Spot Lead,Transaction Fee,USDT,-0.006132,,,,,2025/5/13,,,
360673752,2025/5/13 1:40,Spot Lead,Transaction Revenue,USDT,6.1320006,,,,,2025/5/13,,,
360673752,2025/5/13 1:40,Spot Lead,Transaction Revenue,USDT,5.1100005,,,,,2025/5/13,,,
360673752,2025/5/13 1:40,Spot Lead,Transaction Sold,BTC,-0.00006,,,,,2025/5/13,,,
360673752,2025/5/13 1:40,Spot Lead,Transaction Sold,BTC,-0.00005,,,,,2025/5/13,,,
360673752,2025/5/13 1:40,Spot Lead,Transaction Fee,USDT,-0.009198,,,,,2025/5/13,,,
360673752,2025/5/13 1:40,Spot Lead,Transaction Revenue,USDT,136.9480134,,,,,2025/5/13,,,
360673752,2025/5/13 1:40,Spot Lead,Transaction Fee,USDT,-0.00511,,,,,2025/5/13,,,
360673752,2025/5/13 1:40,Spot Lead,Transaction Sold,BTC,-0.00044,,,,,2025/5/13,,,
360673752,2025/5/13 1:40,Spot Lead,Transaction Revenue,USDT,8.1760008,,,,,2025/5/13,,,
360673752,2025/5/13 1:40,Spot Lead,Transaction Revenue,USDT,6.1320006,,,,,2025/5/13,,,
360673752,2025/5/13 1:40,Spot Lead,Transaction Revenue,USDT,6.1320006,,,,,2025/5/13,,,
360673752,2025/5/13 1:40,Spot Lead,Transaction Revenue,USDT,6.1320006,,,,,2025/5/13,,,
360673752,2025/5/13 1:40,Spot Lead,Transaction Fee,USDT,-0.006132,,,,,2025/5/13,,,
360673752,2025/5/13 1:40,Spot Lead,Transaction Fee,USDT,-0.044968,,,,,2025/5/13,,,
360673752,2025/5/13 1:40,Spot Lead,Transaction Revenue,USDT,6.1320006,,,,,2025/5/13,,,
360673752,2025/5/13 1:40,Spot Lead,Transaction Fee,USDT,-0.006132,,,,,2025/5/13,,,
360673752,2025/5/13 1:40,Spot Lead,Transaction Sold,BTC,-0.00006,,,,,2025/5/13,,,
360673752,2025/5/13 1:40,Spot Lead,Transaction Revenue,USDT,6.1320006,,,,,2025/5/13,,,
360673752,2025/5/13 1:40,Spot Lead,Transaction Revenue,USDT,5.1100005,,,,,2025/5/13,,,
360673752,2025/5/13 1:40,Spot Lead,Transaction Sold,BTC,-0.00006,,,,,2025/5/13,,,
360673752,2025/5/13 1:40,Spot Lead,Transaction Sold,BTC,-0.00008,,,,,2025/5/13,,,
360673752,2025/5/13 1:40,Spot Lead,Transaction Fee,USDT,-0.006132,,,,,2025/5/13,,,
360673752,2025/5/13 1:40,Spot Lead,Transaction Sold,BTC,-0.00006,,,,,2025/5/13,,,
360673752,2025/5/13 1:40,Spot Lead,Transaction Sold,BTC,-0.00006,,,,,2025/5/13,,,
360673752,2025/5/13 1:40,Spot Lead,Transaction Fee,USDT,-0.044968,,,,,2025/5/13,,,
360673752,2025/5/13 1:40,Spot Lead,Transaction Revenue,USDT,6.1320006,,,,,2025/5/13,,,
360673752,2025/5/13 1:40,Spot Lead,Transaction Fee,USDT,-0.011242,,,,,2025/5/13,,,
360673752,2025/5/13 1:40,Spot Lead,Transaction Revenue,USDT,6.1320006,,,,,2025/5/13,,,
360673752,2025/5/13 1:40,Spot Lead,Transaction Fee,USDT,-0.006132,,,,,2025/5/13,,,
360673752,2025/5/13 1:40,Spot Lead,Transaction Fee,USDT,-0.006132,,,,,2025/5/13,,,
360673752,2025/5/13 1:40,Spot Lead,Transaction Fee,USDT,-0.006132,,,,,2025/5/13,,,
360673752,2025/5/13 1:40,Spot Lead,Transaction Revenue,USDT,6.1320006,,,,,2025/5/13,,,
360673752,2025/5/13 1:40,Spot Lead,Transaction Revenue,USDT,10.220001,,,,,2025/5/13,,,
360673752,2025/5/13 1:40,Spot Lead,Transaction Sold,BTC,-0.00028,,,,,2025/5/13,,,
360673752,2025/5/13 1:40,Spot Lead,Transaction Sold,BTC,-0.00006,,,,,2025/5/13,,,
360673752,2025/5/13 1:40,Spot Lead,Transaction Revenue,USDT,6.1320006,,,,,2025/5/13,,,
360673752,2025/5/13 1:40,Spot Lead,Transaction Revenue,USDT,6.1320006,,,,,2025/5/13,,,
360673752,2025/5/13 1:40,Spot Lead,Transaction Sold,BTC,-0.00006,,,,,2025/5/13,,,
360673752,2025/5/13 1:40,Spot Lead,Transaction Revenue,USDT,10.220001,,,,,2025/5/13,,,
360673752,2025/5/13 1:40,Spot Lead,Transaction Sold,BTC,-0.00006,,,,,2025/5/13,,,
360673752,2025/5/13 1:40,Spot Lead,Transaction Sold,BTC,-0.00006,,,,,2025/5/13,,,
360673752,2025/5/13 1:40,Spot Lead,Transaction Fee,USDT,-0.008176,,,,,2025/5/13,,,
360673752,2025/5/13 1:40,Spot Lead,Transaction Sold,BTC,-0.00014,,,,,2025/5/13,,,
360673752,2025/5/13 1:40,Spot Lead,Transaction Sold,BTC,-0.0001,,,,,2025/5/13,,,
360673752,2025/5/13 1:40,Spot Lead,Transaction Revenue,USDT,44.9680044,,,,,2025/5/13,,,
360673752,2025/5/13 1:40,Spot Lead,Transaction Sold,BTC,-0.0001,,,,,2025/5/13,,,
360673752,2025/5/13 1:40,Spot Lead,Transaction Fee,USDT,-0.10322201,,,,,2025/5/13,,,
360673752,2025/5/13 1:40,Spot Lead,Transaction Revenue,USDT,6.1320006,,,,,2025/5/13,,,
360673752,2025/5/13 1:40,Spot Lead,Transaction Sold,BTC,-0.08447,,,,,2025/5/13,,,
360673752,2025/5/13 1:40,Spot Lead,Transaction Sold,BTC,-0.00005,,,,,2025/5/13,,,
360673752,2025/5/13 1:40,Spot Lead,Transaction Fee,USDT,-0.00511,,,,,2025/5/13,,,
360673752,2025/5/13 1:40,Spot Lead,Transaction Revenue,USDT,44.9680044,,,,,2025/5/13,,,
360673752,2025/5/13 1:40,Spot Lead,Transaction Revenue,USDT,6.1320006,,,,,2025/5/13,,,
360673752,2025/5/13 1:40,Spot Lead,Transaction Fee,USDT,-0.006132,,,,,2025/5/13,,,
360673752,2025/5/13 1:40,Spot Lead,Transaction Sold,BTC,-0.00006,,,,,2025/5/13,,,
360673752,2025/5/13 1:40,Spot Lead,Transaction Revenue,USDT,11.2420011,,,,,2025/5/13,,,
360673752,2025/5/13 1:40,Spot Lead,Transaction Fee,USDT,-0.006132,,,,,2025/5/13,,,
360673752,2025/5/13 1:40,Spot Lead,Transaction Fee,USDT,-0.006132,,,,,2025/5/13,,,
360673752,2025/5/13 1:40,Spot Lead,Transaction Sold,BTC,-0.00044,,,,,2025/5/13,,,
360673752,2025/5/13 1:40,Spot Lead,Transaction Revenue,USDT,14.3080014,,,,,2025/5/13,,,
360673752,2025/5/13 1:40,Spot Lead,Transaction Fee,USDT,-0.00511,,,,,2025/5/13,,,
360673752,2025/5/13 1:40,Spot Lead,Transaction Sold,BTC,-0.00006,,,,,2025/5/13,,,
360673752,2025/5/13 1:40,Spot Lead,Transaction Fee,USDT,-0.006132,,,,,2025/5/13,,,
360673752,2025/5/13 1:40,Spot Lead,Transaction Fee,USDT,-0.006132,,,,,2025/5/13,,,
360673752,2025/5/13 1:40,Spot Lead,Transaction Fee,USDT,-0.01022,,,,,2025/5/13,,,
360673752,2025/5/13 1:40,Spot Lead,Transaction Fee,USDT,-0.006132,,,,,2025/5/13,,,
360673752,2025/5/13 1:40,Spot Lead,Transaction Fee,USDT,-0.008176,,,,,2025/5/13,,,
360673752,2025/5/13 1:40,Spot Lead,Transaction Sold,BTC,-0.00008,,,,,2025/5/13,,,
360673752,2025/5/13 1:40,Spot Lead,Transaction Revenue,USDT,10.220001,,,,,2025/5/13,,,
360673752,2025/5/13 1:40,Spot Lead,Transaction Fee,USDT,-0.008176,,,,,2025/5/13,,,
360673752,2025/5/13 1:40,Spot Lead,Transaction Sold,BTC,-0.00008,,,,,2025/5/13,,,
360673752,2025/5/13 1:40,Spot Lead,Transaction Revenue,USDT,6.1320006,,,,,2025/5/13,,,
360673752,2025/5/13 1:40,Spot Lead,Transaction Revenue,USDT,8.1760008,,,,,2025/5/13,,,
360673752,2025/5/13 1:40,Spot Lead,Transaction Revenue,USDT,28.6160028,,,,,2025/5/13,,,
360673752,2025/5/13 1:40,Spot Lead,Transaction Sold,BTC,-0.00006,,,,,2025/5/13,,,
360673752,2025/5/13 1:40,Spot Lead,Transaction Sold,BTC,-0.00006,,,,,2025/5/13,,,
360673752,2025/5/13 1:40,Spot Lead,Transaction Fee,USDT,-0.018396,,,,,2025/5/13,,,
360673752,2025/5/13 1:40,Spot Lead,Transaction Revenue,USDT,6.1320006,,,,,2025/5/13,,,
360673752,2025/5/13 1:40,Spot Lead,Transaction Sold,BTC,-0.00006,,,,,2025/5/13,,,
360673752,2025/5/13 1:40,Spot Lead,Transaction Revenue,USDT,9.1980009,,,,,2025/5/13,,,
360673752,2025/5/13 1:40,Spot Lead,Transaction Fee,USDT,-0.006132,,,,,2025/5/13,,,
360673752,2025/5/13 1:40,Spot Lead,Transaction Revenue,USDT,6.1320006,,,,,2025/5/13,,,
360673752,2025/5/13 1:40,Spot Lead,Transaction Sold,BTC,-0.00006,,,,,2025/5/13,,,
360673752,2025/5/13 1:40,Spot Lead,Transaction Sold,BTC,-0.0001,,,,,2025/5/13,,,
360673752,2025/5/13 1:40,Spot Lead,Transaction Revenue,USDT,8.1760008,,,,,2025/5/13,,,
360673752,2025/5/13 1:40,Spot Lead,Transaction Sold,BTC,-0.00044,,,,,2025/5/13,,,
360673752,2025/5/13 1:40,Spot Lead,Transaction Sold,BTC,-0.00006,,,,,2025/5/13,,,
360673752,2025/5/13 1:40,Spot Lead,Transaction Sold,BTC,-0.00006,,,,,2025/5/13,,,
360673752,2025/5/13 1:40,Spot Lead,Transaction Fee,USDT,-8.63283484,,,,,2025/5/13,,,
360673752,2025/5/13 1:40,Spot Lead,Transaction Sold,BTC,-0.00134,,,,,2025/5/13,,,
360673752,2025/5/13 1:40,Spot Lead,Transaction Sold,BTC,-0.00006,,,,,2025/5/13,,,
360673752,2025/5/13 1:40,Spot Lead,Transaction Revenue,USDT,44.9680044,,,,,2025/5/13,,,
360673752,2025/5/13 1:40,Spot Lead,Transaction Fee,USDT,-0.006132,,,,,2025/5/13,,,
360673752,2025/5/13 1:40,Spot Lead,Transaction Sold,BTC,-0.00005,,,,,2025/5/13,,,
360673752,2025/5/13 1:40,Spot Lead,Transaction Fee,USDT,-0.006132,,,,,2025/5/13,,,
360673752,2025/5/13 1:40,Spot Lead,Transaction Fee,USDT,-0.006132,,,,,2025/5/13,,,
360673752,2025/5/13 1:40,Spot Lead,Transaction Fee,USDT,-0.006132,,,,,2025/5/13,,,
360673752,2025/5/13 1:40,Spot Lead,Transaction Sold,BTC,-0.00006,,,,,2025/5/13,,,
360673752,2025/5/13 1:40,Spot Lead,Transaction Fee,USDT,-0.01022,,,,,2025/5/13,,,
360673752,2025/5/13 1:40,Spot Lead,Transaction Fee,USDT,-0.006132,,,,,2025/5/13,,,
360673752,2025/5/13 1:40,Spot Lead,Transaction Revenue,USDT,6.1320006,,,,,2025/5/13,,,
360673752,2025/5/13 1:40,Spot Lead,Transaction Revenue,USDT,6.1320006,,,,,2025/5/13,,,
360673752,2025/5/13 1:40,Spot Lead,Transaction Fee,USDT,-0.014308,,,,,2025/5/13,,,
360673752,2025/5/13 1:40,Spot Lead,Transaction Revenue,USDT,18.3960018,,,,,2025/5/13,,,
360673752,2025/5/13 1:40,Spot Lead,Transaction Sold,BTC,-0.00101,,,,,2025/5/13,,,
360673752,2025/5/13 1:40,Spot Lead,Transaction Sold,BTC,-0.00006,,,,,2025/5/13,,,
360673752,2025/5/13 1:40,Spot Lead,Transaction Fee,USDT,-0.006132,,,,,2025/5/13,,,
360673752,2025/5/13 1:40,Spot Lead,Transaction Fee,USDT,-0.044968,,,,,2025/5/13,,,
360673752,2025/5/13 1:40,Spot Lead,Transaction Sold,BTC,-0.00009,,,,,2025/5/13,,,
360673752,2025/5/13 1:40,Spot Lead,Transaction Revenue,USDT,8632.834845,,,,,2025/5/13,,,
360673752,2025/5/13 1:40,Spot Lead,Transaction Fee,USDT,-0.006132,,,,,2025/5/13,,,
360673752,2025/5/13 1:40,Spot Lead,Transaction Revenue,USDT,5.1100005,,,,,2025/5/13,,,
360673752,2025/5/13 1:40,Spot Lead,Transaction Revenue,USDT,6.1320006,,,,,2025/5/13,,,
360673752,2025/5/13 1:40,Spot Lead,Transaction Sold,BTC,-0.00018,,,,,2025/5/13,,,
360673752,2025/5/13 1:40,Spot Lead,Transaction Fee,USDT,-0.13694801,,,,,2025/5/13,,,
360673752,2025/5/13 1:40,Spot Lead,Transaction Revenue,USDT,6.1320006,,,,,2025/5/13,,,
360673752,2025/5/13 1:40,Spot Lead,Transaction Revenue,USDT,6.1320006,,,,,2025/5/13,,,
360673752,2025/5/13 1:40,Spot Lead,Transaction Revenue,USDT,103.2220101,,,,,2025/5/13,,,
360673752,2025/5/13 1:40,Spot Lead,Transaction Sold,BTC,-0.00359,,,,,2025/5/13,,,
360673752,2025/5/13 1:40,Spot Lead,Transaction Fee,USDT,-0.76343407,,,,,2025/5/13,,,
360673752,2025/5/13 1:40,Spot Lead,Transaction Sold,BTC,-0.00097,,,,,2025/5/13,,,
360673752,2025/5/13 1:40,Spot Lead,Transaction Revenue,USDT,763.4340747,,,,,2025/5/13,,,
360673752,2025/5/13 1:40,Spot Lead,Transaction Revenue,USDT,366.8980359,,,,,2025/5/13,,,
360673752,2025/5/13 1:40,Spot Lead,Transaction Sold,BTC,-0.00747,,,,,2025/5/13,,,
360673752,2025/5/13 1:40,Spot Lead,Transaction Revenue,USDT,99.1340097,,,,,2025/5/13,,,
360673752,2025/5/13 1:40,Spot Lead,Transaction Fee,USDT,-0.09913401,,,,,2025/5/13,,,
360673752,2025/5/13 1:40,Spot Lead,Transaction Fee,USDT,-0.36689804,,,,,2025/5/13,,,
360673752,2025/5/13 1:40,Spot Lead,Transaction Sold,BTC,-0.00278,,,,,2025/5/13,,,
360673752,2025/5/13 1:40,Spot Lead,Transaction Fee,USDT,-0.28411603,,,,,2025/5/13,,,
360673752,2025/5/13 1:40,Spot Lead,Transaction Fee,USDT,-0.09913401,,,,,2025/5/13,,,
360673752,2025/5/13 1:40,Spot Lead,Transaction Revenue,USDT,284.1160278,,,,,2025/5/13,,,
360673752,2025/5/13 1:40,Spot Lead,Transaction Revenue,USDT,99.1340097,,,,,2025/5/13,,,
360673752,2025/5/13 1:40,Spot Lead,Transaction Sold,BTC,-0.00097,,,,,2025/5/13,,,
360673752,2025/5/13 1:41,Spot Lead,Transaction Sold,BTC,-0.00006,,,,,2025/5/13,,,
360673752,2025/5/13 1:41,Spot Lead,Transaction Fee,USDT,-1.44050937,,,,,2025/5/13,,,
360673752,2025/5/13 1:41,Spot Lead,Transaction Fee,USDT,-0.00612548,,,,,2025/5/13,,,
360673752,2025/5/13 1:41,Spot Lead,Transaction Revenue,USDT,37913.67579,,,,,2025/5/13,,,
360673752,2025/5/13 1:41,Spot Lead,Transaction Revenue,USDT,239.914743,,,,,2025/5/13,,,
360673752,2025/5/13 1:41,Spot Lead,Transaction Revenue,USDT,6.1254828,,,,,2025/5/13,,,
360673752,2025/5/13 1:41,Spot Lead,Transaction Fee,USDT,-0.00612548,,,,,2025/5/13,,,
360673752,2025/5/13 1:41,Spot Lead,Transaction Revenue,USDT,1832.540271,,,,,2025/5/13,,,
360673752,2025/5/13 1:41,Spot Lead,Transaction Revenue,USDT,653.384832,,,,,2025/5/13,,,
360673752,2025/5/13 1:41,Spot Lead,Transaction Revenue,USDT,6.1254828,,,,,2025/5/13,,,
360673752,2025/5/13 1:41,Spot Lead,Transaction Sold,BTC,-0.00006,,,,,2025/5/13,,,
360673752,2025/5/13 1:41,Spot Lead,Transaction Sold,BTC,-0.00006,,,,,2025/5/13,,,
360673752,2025/5/13 1:41,Spot Lead,Transaction Fee,USDT,-29.08583416,,,,,2025/5/13,,,
360673752,2025/5/13 1:41,Spot Lead,Transaction Fee,USDT,-0.04492021,,,,,2025/5/13,,,
360673752,2025/5/13 1:41,Spot Lead,Transaction Sold,BTC,-0.00006,,,,,2025/5/13,,,
360673752,2025/5/13 1:41,Spot Lead,Transaction Sold,BTC,-0.01163,,,,,2025/5/13,,,
360673752,2025/5/13 1:41,Spot Lead,Transaction Revenue,USDT,6.1254828,,,,,2025/5/13,,,
360673752,2025/5/13 1:41,Spot Lead,Transaction Fee,USDT,-0.00612548,,,,,2025/5/13,,,
360673752,2025/5/13 1:41,Spot Lead,Transaction Sold,BTC,-0.0064,,,,,2025/5/13,,,
360673752,2025/5/13 1:41,Spot Lead,Transaction Revenue,USDT,1520.140648,,,,,2025/5/13,,,
360673752,2025/5/13 1:41,Spot Lead,Transaction Sold,BTC,-0.00825,,,,,2025/5/13,,,
360673752,2025/5/13 1:41,Spot Lead,Transaction Sold,BTC,-0.0009,,,,,2025/5/13,,,
360673752,2025/5/13 1:41,Spot Lead,Transaction Sold,BTC,-0.00006,,,,,2025/5/13,,,
360673752,2025/5/13 1:41,Spot Lead,Transaction Fee,USDT,-0.01837645,,,,,2025/5/13,,,
360673752,2025/5/13 1:41,Spot Lead,Transaction Fee,USDT,-0.74016251,,,,,2025/5/13,,,
360673752,2025/5/13 1:41,Spot Lead,Transaction Sold,BTC,-0.00725,,,,,2025/5/13,,,
360673752,2025/5/13 1:41,Spot Lead,Transaction Revenue,USDT,842.253885,,,,,2025/5/13,,,
360673752,2025/5/13 1:41,Spot Lead,Transaction Revenue,USDT,29085.83416,,,,,2025/5/13,,,
360673752,2025/5/13 1:41,Spot Lead,Transaction Revenue,USDT,6.1254828,,,,,2025/5/13,,,
360673752,2025/5/13 1:41,Spot Lead,Transaction Sold,BTC,-0.00044,,,,,2025/5/13,,,
360673752,2025/5/13 1:41,Spot Lead,Transaction Revenue,USDT,6.1254828,,,,,2025/5/13,,,
360673752,2025/5/13 1:41,Spot Lead,Transaction Sold,BTC,-0.00006,,,,,2025/5/13,,,
360673752,2025/5/13 1:41,Spot Lead,Transaction Revenue,USDT,6.1254828,,,,,2025/5/13,,,
360673752,2025/5/13 1:41,Spot Lead,Transaction Fee,USDT,-0.00612548,,,,,2025/5/13,,,
360673752,2025/5/13 1:41,Spot Lead,Transaction Fee,USDT,-0.84225389,,,,,2025/5/13,,,
360673752,2025/5/13 1:41,Spot Lead,Transaction Fee,USDT,-1.04643665,,,,,2025/5/13,,,
360673752,2025/5/13 1:41,Spot Lead,Transaction Sold,BTC,-0.01025,,,,,2025/5/13,,,
360673752,2025/5/13 1:41,Spot Lead,Transaction Revenue,USDT,44.9202072,,,,,2025/5/13,,,
360673752,2025/5/13 1:41,Spot Lead,Transaction Fee,USDT,-0.00612548,,,,,2025/5/13,,,
360673752,2025/5/13 1:41,Spot Lead,Transaction Fee,USDT,-0.00612548,,,,,2025/5/13,,,
360673752,2025/5/13 1:41,Spot Lead,Transaction Fee,USDT,-7.24848798,,,,,2025/5/13,,,
360673752,2025/5/13 1:41,Spot Lead,Transaction Revenue,USDT,6.1254828,,,,,2025/5/13,,,
360673752,2025/5/13 1:41,Spot Lead,Transaction Revenue,USDT,91.882242,,,,,2025/5/13,,,
360673752,2025/5/13 1:41,Spot Lead,Transaction Revenue,USDT,7228.069704,,,,,2025/5/13,,,
360673752,2025/5/13 1:41,Spot Lead,Transaction Fee,USDT,-1.52014065,,,,,2025/5/13,,,
360673752,2025/5/13 1:41,Spot Lead,Transaction Revenue,USDT,6.1254828,,,,,2025/5/13,,,
360673752,2025/5/13 1:41,Spot Lead,Transaction Fee,USDT,-0.00612548,,,,,2025/5/13,,,
360673752,2025/5/13 1:41,Spot Lead,Transaction Fee,USDT,-37.91367579,,,,,2025/5/13,,,
360673752,2025/5/13 1:41,Spot Lead,Transaction Sold,BTC,-0.01411,,,,,2025/5/13,,,
360673752,2025/5/13 1:41,Spot Lead,Transaction Sold,BTC,-0.00006,,,,,2025/5/13,,,
360673752,2025/5/13 1:41,Spot Lead,Transaction Sold,BTC,-0.00235,,,,,2025/5/13,,,
360673752,2025/5/13 1:41,Spot Lead,Transaction Fee,USDT,-0.00612548,,,,,2025/5/13,,,
360673752,2025/5/13 1:41,Spot Lead,Transaction Revenue,USDT,6.1254828,,,,,2025/5/13,,,
360673752,2025/5/13 1:41,Spot Lead,Transaction Sold,BTC,-0.00006,,,,,2025/5/13,,,
360673752,2025/5/13 1:41,Spot Lead,Transaction Fee,USDT,-0.00612548,,,,,2025/5/13,,,
360673752,2025/5/13 1:41,Spot Lead,Transaction Sold,BTC,-0.01489,,,,,2025/5/13,,,
360673752,2025/5/13 1:41,Spot Lead,Transaction Sold,BTC,-0.0708,,,,,2025/5/13,,,
360673752,2025/5/13 1:41,Spot Lead,Transaction Revenue,USDT,1187.322749,,,,,2025/5/13,,,
360673752,2025/5/13 1:41,Spot Lead,Transaction Revenue,USDT,7248.48798,,,,,2025/5/13,,,
360673752,2025/5/13 1:41,Spot Lead,Transaction Fee,USDT,-0.00612548,,,,,2025/5/13,,,
360673752,2025/5/13 1:41,Spot Lead,Transaction Fee,USDT,-0.65338483,,,,,2025/5/13,,,
360673752,2025/5/13 1:41,Spot Lead,Transaction Revenue,USDT,1046.436645,,,,,2025/5/13,,,
360673752,2025/5/13 1:41,Spot Lead,Transaction Sold,BTC,-0.00018,,,,,2025/5/13,,,
360673752,2025/5/13 1:41,Spot Lead,Transaction Sold,BTC,-0.2849,,,,,2025/5/13,,,
360673752,2025/5/13 1:41,Spot Lead,Transaction Sold,BTC,-0.00006,,,,,2025/5/13,,,
360673752,2025/5/13 1:41,Spot Lead,Transaction Fee,USDT,-0.23991474,,,,,2025/5/13,,,
360673752,2025/5/13 1:41,Spot Lead,Transaction Sold,BTC,-0.00006,,,,,2025/5/13,,,
360673752,2025/5/13 1:41,Spot Lead,Transaction Revenue,USDT,18.3764484,,,,,2025/5/13,,,
360673752,2025/5/13 1:41,Spot Lead,Transaction Revenue,USDT,6.1254828,,,,,2025/5/13,,,
360673752,2025/5/13 1:41,Spot Lead,Transaction Fee,USDT,-7.2280697,,,,,2025/5/13,,,
360673752,2025/5/13 1:41,Spot Lead,Transaction Revenue,USDT,1440.509372,,,,,2025/5/13,,,
360673752,2025/5/13 1:41,Spot Lead,Transaction Sold,BTC,-0.00006,,,,,2025/5/13,,,
360673752,2025/5/13 1:41,Spot Lead,Transaction Fee,USDT,-0.09188224,,,,,2025/5/13,,,
360673752,2025/5/13 1:41,Spot Lead,Transaction Fee,USDT,-1.83254027,,,,,2025/5/13,,,
360673752,2025/5/13 1:41,Spot Lead,Transaction Fee,USDT,-0.00612548,,,,,2025/5/13,,,
360673752,2025/5/13 1:41,Spot Lead,Transaction Sold,BTC,-0.071,,,,,2025/5/13,,,
360673752,2025/5/13 1:41,Spot Lead,Transaction Sold,BTC,-0.01795,,,,,2025/5/13,,,
360673752,2025/5/13 1:41,Spot Lead,Transaction Revenue,USDT,6.1254828,,,,,2025/5/13,,,
360673752,2025/5/13 1:41,Spot Lead,Transaction Sold,BTC,-0.37137,,,,,2025/5/13,,,
360673752,2025/5/13 1:41,Spot Lead,Transaction Revenue,USDT,740.162505,,,,,2025/5/13,,,
360673752,2025/5/13 1:41,Spot Lead,Transaction Fee,USDT,-1.18732275,,,,,2025/5/13,,,
360673752,2025/5/13 1:42,Spot Lead,Transaction Fee,USDT,-1.5811433,,,,,2025/5/13,,,
360673752,2025/5/13 1:42,Spot Lead,Transaction Revenue,USDT,1581.143299,,,,,2025/5/13,,,
360673752,2025/5/13 1:42,Spot Lead,Transaction Sold,BTC,-0.01548,,,,,2025/5/13,,,
360673752,2025/5/13 12:21,Spot,Copy Portfolio (Spot) - Profit Sharing with Leader,USDT,0.50486397,Binance Copy Trading,,,,2025/5/13,,,
360673752,2025/5/15 17:59,Spot,Copy Portfolio (Spot) - Profit Sharing with Leader,USDT,1.06547773,Binance Copy Trading,,,,2025/5/15,,,
360673752,2025/5/19 0:24,Spot,Copy Portfolio (Spot) - Profit Sharing with Leader,USDT,135.0781775,Binance Copy Trading,,,,2025/5/19,,,
360673752,2025/5/19 0:25,Spot,Copy Portfolio (Spot) - Profit Sharing with Leader,USDT,0.50486397,Binance Copy Trading,,,,2025/5/19,,,
360673752,2025/5/19 0:25,Spot,Copy Portfolio (Spot) - Profit Sharing with Leader,USDT,0.59898528,Binance Copy Trading,,,,2025/5/19,,,
360673752,2025/5/19 0:25,Spot,Copy Portfolio (Spot) - Profit Sharing with Leader,USDT,17.98112895,Binance Copy Trading,,,,2025/5/19,,,
360673752,2025/5/19 0:25,Spot,Copy Portfolio (Spot) - Profit Sharing with Leader,USDT,0.50486397,Binance Copy Trading,,,,2025/5/19,,,
360673752,2025/5/19 0:25,Spot,Copy Portfolio (Spot) - Profit Sharing with Leader,USDT,0.50486397,Binance Copy Trading,,,,2025/5/19,,,
360673752,2025/5/19 0:25,Spot,Copy Portfolio (Spot) - Profit Sharing with Leader,USDT,1.4533258,Binance Copy Trading,,,,2025/5/19,,,
360673752,2025/5/19 0:25,Spot,Copy Portfolio (Spot) - Profit Sharing with Leader,USDT,0.03359423,Binance Copy Trading,,,,2025/5/19,,,
360673752,2025/5/19 0:26,Spot,Copy Portfolio (Spot) - Profit Sharing with Leader,USDT,1.38811139,Binance Copy Trading,,,,2025/5/19,,,
360673752,2025/5/19 0:26,Spot,Copy Portfolio (Spot) - Profit Sharing with Leader,USDT,0.70451508,Binance Copy Trading,,,,2025/5/19,,,
360673752,2025/5/19 0:26,Spot,Copy Portfolio (Spot) - Profit Sharing with Leader,USDT,0.05924776,Binance Copy Trading,,,,2025/5/19,,,
360673752,2025/5/19 0:26,Spot,Copy Portfolio (Spot) - Profit Sharing with Leader,USDT,0.70451508,Binance Copy Trading,,,,2025/5/19,,,
360673752,2025/5/19 0:26,Spot,Copy Portfolio (Spot) - Profit Sharing with Leader,USDT,0.70451508,Binance Copy Trading,,,,2025/5/19,,,
360673752,2025/5/19 0:26,Spot,Copy Portfolio (Spot) - Profit Sharing with Leader,USDT,0.70451508,Binance Copy Trading,,,,2025/5/19,,,
360673752,2025/5/19 0:26,Spot,Copy Portfolio (Spot) - Profit Sharing with Leader,USDT,0.7506056,Binance Copy Trading,,,,2025/5/19,,,
360673752,2025/5/19 0:26,Spot,Copy Portfolio (Spot) - Profit Sharing with Leader,USDT,31.94251153,Binance Copy Trading,,,,2025/5/19,,,
360673752,2025/5/19 5:30,Spot,Copy Portfolio (Spot) - Leader Trading Fee Comission,USDT,2.5583433,Binance Copy Trading,,,,2025/5/19,,,
360673752,2025/6/18 8:09,Spot Lead,Transaction Fee,BTC,-0.00002569,,,,,2025/6/18,,,
360673752,2025/6/18 8:09,Spot Lead,Transaction Fee,BTC,-0.00023773,,,,,2025/6/18,,,
360673752,2025/6/18 8:09,Spot Lead,Transaction Buy,BTC,0.05907,,,,,2025/6/18,,,
360673752,2025/6/18 8:09,Spot Lead,Transaction Buy,BTC,0.23773,,,,,2025/6/18,,,
360673752,2025/6/18 8:09,Spot Lead,Transaction Spend,USDT,-25021.16808,,,,,2025/6/18,,,
360673752,2025/6/18 8:09,Spot Lead,Transaction Spend,USDT,-15487.59047,,,,,2025/6/18,,,
360673752,2025/6/18 8:09,Spot Lead,Transaction Buy,BTC,0.0005,,,,,2025/6/18,,,
360673752,2025/6/18 8:09,Spot Lead,Transaction Spend,USDT,-21672.10163,,,,,2025/6/18,,,
360673752,2025/6/18 8:09,Spot Lead,Transaction Spend,USDT,-25021.16808,,,,,2025/6/18,,,
360673752,2025/6/18 8:09,Spot Lead,Transaction Buy,BTC,0.20591,,,,,2025/6/18,,,
360673752,2025/6/18 8:09,Spot Lead,Transaction Buy,BTC,0.14715,,,,,2025/6/18,,,
360673752,2025/6/18 8:09,Spot Lead,Transaction Fee,BTC,-0.00008622,,,,,2025/6/18,,,
360673752,2025/6/18 8:09,Spot Lead,Transaction Spend,USDT,-6217.138765,,,,,2025/6/18,,,
360673752,2025/6/18 8:09,Spot Lead,Transaction Spend,USDT,-52.62518,,,,,2025/6/18,,,
360673752,2025/6/18 8:09,Spot Lead,Transaction Spend,USDT,-2703.881748,,,,,2025/6/18,,,
360673752,2025/6/18 8:09,Spot Lead,Transaction Fee,BTC,-0.00023773,,,,,2025/6/18,,,
360673752,2025/6/18 8:09,Spot Lead,Transaction Fee,BTC,-0.00005907,,,,,2025/6/18,,,
360673752,2025/6/18 8:09,Spot Lead,Transaction Fee,BTC,-0.00014715,,,,,2025/6/18,,,
360673752,2025/6/18 8:09,Spot Lead,Transaction Fee,BTC,-5.00E-07,,,,,2025/6/18,,,
360673752,2025/6/18 8:09,Spot Lead,Transaction Buy,BTC,0.23773,,,,,2025/6/18,,,
360673752,2025/6/18 8:09,Spot Lead,Transaction Fee,BTC,-0.00020591,,,,,2025/6/18,,,
360673752,2025/6/18 8:09,Spot Lead,Transaction Spend,USDT,-9074.686039,,,,,2025/6/18,,,
360673752,2025/6/18 8:09,Spot Lead,Transaction Buy,BTC,0.02569,,,,,2025/6/18,,,
360673752,2025/6/18 8:09,Spot Lead,Transaction Buy,BTC,0.08622,,,,,2025/6/18,,,
360673752,2025/6/22 2:12,Spot Lead,Transaction Spend,USDT,-10.233232,,,,,2025/6/22,,,
360673752,2025/6/22 2:12,Spot Lead,Transaction Fee,BTC,-7.00E-08,,,,,2025/6/22,,,
360673752,2025/6/22 2:12,Spot Lead,Transaction Fee,BTC,-5.00E-07,,,,,2025/6/22,,,
360673752,2025/6/22 2:12,Spot Lead,Transaction Buy,BTC,0.00006,,,,,2025/6/22,,,
360673752,2025/6/22 2:12,Spot Lead,Transaction Fee,BTC,-7.00E-08,,,,,2025/6/22,,,
360673752,2025/6/22 2:12,Spot Lead,Transaction Buy,BTC,0.00006,,,,,2025/6/22,,,
360673752,2025/6/22 2:12,Spot Lead,Transaction Fee,BTC,-6.00E-08,,,,,2025/6/22,,,
360673752,2025/6/22 2:12,Spot Lead,Transaction Spend,USDT,-499.3704,,,,,2025/6/22,,,
360673752,2025/6/22 2:12,Spot Lead,Transaction Fee,BTC,-3.20E-07,,,,,2025/6/22,,,
360673752,2025/6/22 2:12,Spot Lead,Transaction Fee,BTC,-6.00E-08,,,,,2025/6/22,,,
360673752,2025/6/22 2:12,Spot Lead,Transaction Buy,BTC,0.0001,,,,,2025/6/22,,,
360673752,2025/6/22 2:12,Spot Lead,Transaction Spend,USDT,-6.1398,,,,,2025/6/22,,,
360673752,2025/6/22 2:12,Spot Lead,Transaction Buy,BTC,0.0009,,,,,2025/6/22,,,
360673752,2025/6/22 2:12,Spot Lead,Transaction Fee,BTC,-6.00E-08,,,,,2025/6/22,,,
360673752,2025/6/22 2:12,Spot Lead,Transaction Fee,BTC,-6.00E-08,,,,,2025/6/22,,,
360673752,2025/6/22 2:12,Spot Lead,Transaction Buy,BTC,0.00006,,,,,2025/6/22,,,
360673752,2025/6/22 2:12,Spot Lead,Transaction Buy,BTC,0.00007,,,,,2025/6/22,,,
360673752,2025/6/22 2:12,Spot Lead,Transaction Spend,USDT,-6.1398006,,,,,2025/6/22,,,
360673752,2025/6/22 2:12,Spot Lead,Transaction Buy,BTC,0.002,,,,,2025/6/22,,,
360673752,2025/6/22 2:12,Spot Lead,Transaction Buy,BTC,0.00101,,,,,2025/6/22,,,
360673752,2025/6/22 2:12,Spot Lead,Transaction Spend,USDT,-6.1398,,,,,2025/6/22,,,
360673752,2025/6/22 2:12,Spot Lead,Transaction Fee,BTC,-0.00000488,,,,,2025/6/22,,,
360673752,2025/6/22 2:12,Spot Lead,Transaction Fee,BTC,-6.00E-08,,,,,2025/6/22,,,
360673752,2025/6/22 2:12,Spot Lead,Transaction Spend,USDT,-6.1398006,,,,,2025/6/22,,,
360673752,2025/6/22 2:12,Spot Lead,Transaction Spend,USDT,-5.1166115,,,,,2025/6/22,,,
360673752,2025/6/22 2:12,Spot Lead,Transaction Spend,USDT,-51.165,,,,,2025/6/22,,,
360673752,2025/6/22 2:12,Spot Lead,Transaction Spend,USDT,-103.3533,,,,,2025/6/22,,,
360673752,2025/6/22 2:12,Spot Lead,Transaction Buy,BTC,0.00488,,,,,2025/6/22,,,
360673752,2025/6/22 2:12,Spot Lead,Transaction Spend,USDT,-9.2100681,,,,,2025/6/22,,,
360673752,2025/6/22 2:12,Spot Lead,Transaction Buy,BTC,0.0492,,,,,2025/6/22,,,
360673752,2025/6/22 2:12,Spot Lead,Transaction Spend,USDT,-6.1401594,,,,,2025/6/22,,,
360673752,2025/6/22 2:12,Spot Lead,Transaction Fee,BTC,-0.00001805,,,,,2025/6/22,,,
360673752,2025/6/22 2:12,Spot Lead,Transaction Spend,USDT,-6.1398,,,,,2025/6/22,,,
360673752,2025/6/22 2:12,Spot Lead,Transaction Fee,BTC,-0.000002,,,,,2025/6/22,,,
360673752,2025/6/22 2:12,Spot Lead,Transaction Fee,BTC,-0.00000426,,,,,2025/6/22,,,
360673752,2025/6/22 2:12,Spot Lead,Transaction Spend,USDT,-258.8949,,,,,2025/6/22,,,
360673752,2025/6/22 2:12,Spot Lead,Transaction Spend,USDT,-6.1398,,,,,2025/6/22,,,
360673752,2025/6/22 2:12,Spot Lead,Transaction Spend,USDT,-6.1398,,,,,2025/6/22,,,
360673752,2025/6/22 2:12,Spot Lead,Transaction Spend,USDT,-6.1398,,,,,2025/6/22,,,
360673752,2025/6/22 2:12,Spot Lead,Transaction Fee,BTC,-5.00E-08,,,,,2025/6/22,,,
360673752,2025/6/22 2:12,Spot Lead,Transaction Buy,BTC,0.00426,,,,,2025/6/22,,,
360673752,2025/6/22 2:12,Spot Lead,Transaction Spend,USDT,-435.9356832,,,,,2025/6/22,,,
360673752,2025/6/22 2:12,Spot Lead,Transaction Spend,USDT,-6.1398,,,,,2025/6/22,,,
360673752,2025/6/22 2:12,Spot Lead,Transaction Fee,BTC,-5.00E-07,,,,,2025/6/22,,,
360673752,2025/6/22 2:12,Spot Lead,Transaction Fee,BTC,-6.00E-08,,,,,2025/6/22,,,
360673752,2025/6/22 2:12,Spot Lead,Transaction Spend,USDT,-6.1398006,,,,,2025/6/22,,,
360673752,2025/6/22 2:12,Spot Lead,Transaction Spend,USDT,-12.2796012,,,,,2025/6/22,,,
360673752,2025/6/22 2:12,Spot Lead,Transaction Buy,BTC,0.00006,,,,,2025/6/22,,,
360673752,2025/6/22 2:12,Spot Lead,Transaction Spend,USDT,-26.6058026,,,,,2025/6/22,,,
360673752,2025/6/22 2:12,Spot Lead,Transaction Spend,USDT,-6.1398,,,,,2025/6/22,,,
360673752,2025/6/22 2:12,Spot Lead,Transaction Spend,USDT,-92.097,,,,,2025/6/22,,,
360673752,2025/6/22 2:12,Spot Lead,Transaction Fee,BTC,-6.00E-08,,,,,2025/6/22,,,
360673752,2025/6/22 2:12,Spot Lead,Transaction Spend,USDT,-6.1398006,,,,,2025/6/22,,,
360673752,2025/6/22 2:12,Spot Lead,Transaction Fee,BTC,-9.00E-07,,,,,2025/6/22,,,
360673752,2025/6/22 2:12,Spot Lead,Transaction Fee,BTC,-6.00E-08,,,,,2025/6/22,,,
360673752,2025/6/22 2:12,Spot Lead,Transaction Buy,BTC,0.00006,,,,,2025/6/22,,,
360673752,2025/6/22 2:12,Spot Lead,Transaction Buy,BTC,0.0005,,,,,2025/6/22,,,
360673752,2025/6/22 2:12,Spot Lead,Transaction Fee,BTC,-6.00E-08,,,,,2025/6/22,,,
360673752,2025/6/22 2:12,Spot Lead,Transaction Spend,USDT,-7.1631,,,,,2025/6/22,,,
360673752,2025/6/22 2:12,Spot Lead,Transaction Buy,BTC,0.00049,,,,,2025/6/22,,,
360673752,2025/6/22 2:12,Spot Lead,Transaction Buy,BTC,0.00006,,,,,2025/6/22,,,
360673752,2025/6/22 2:12,Spot Lead,Transaction Fee,BTC,-0.00000253,,,,,2025/6/22,,,
360673752,2025/6/22 2:12,Spot Lead,Transaction Buy,BTC,0.00006,,,,,2025/6/22,,,
360673752,2025/6/22 2:12,Spot Lead,Transaction Fee,BTC,-6.00E-08,,,,,2025/6/22,,,
360673752,2025/6/22 2:12,Spot Lead,Transaction Spend,USDT,-6.1398,,,,,2025/6/22,,,
360673752,2025/6/22 2:12,Spot Lead,Transaction Spend,USDT,-7.1631,,,,,2025/6/22,,,
360673752,2025/6/22 2:12,Spot Lead,Transaction Fee,BTC,-0.0000571,,,,,2025/6/22,,,
360673752,2025/6/22 2:12,Spot Lead,Transaction Spend,USDT,-6.1398006,,,,,2025/6/22,,,
360673752,2025/6/22 2:12,Spot Lead,Transaction Buy,BTC,0.0001,,,,,2025/6/22,,,
360673752,2025/6/22 2:12,Spot Lead,Transaction Fee,BTC,-0.0000492,,,,,2025/6/22,,,
360673752,2025/6/22 2:12,Spot Lead,Transaction Fee,BTC,-0.00000977,,,,,2025/6/22,,,
360673752,2025/6/22 2:12,Spot Lead,Transaction Spend,USDT,-5034.636,,,,,2025/6/22,,,
360673752,2025/6/22 2:12,Spot Lead,Transaction Fee,BTC,-2.00E-08,,,,,2025/6/22,,,
360673752,2025/6/22 2:12,Spot Lead,Transaction Buy,BTC,0.1369,,,,,2025/6/22,,,
360673752,2025/6/22 2:12,Spot Lead,Transaction Fee,BTC,-0.0001431,,,,,2025/6/22,,,
360673752,2025/6/22 2:12,Spot Lead,Transaction Spend,USDT,-6.1398006,,,,,2025/6/22,,,
360673752,2025/6/22 2:12,Spot Lead,Transaction Buy,BTC,0.00253,,,,,2025/6/22,,,
360673752,2025/6/22 2:12,Spot Lead,Transaction Spend,USDT,-6.1398,,,,,2025/6/22,,,
360673752,2025/6/22 2:12,Spot Lead,Transaction Fee,BTC,-6.00E-08,,,,,2025/6/22,,,
360673752,2025/6/22 2:12,Spot Lead,Transaction Fee,BTC,-4.90E-07,,,,,2025/6/22,,,
360673752,2025/6/22 2:12,Spot Lead,Transaction Fee,BTC,-0.0001369,,,,,2025/6/22,,,
360673752,2025/6/22 2:12,Spot Lead,Transaction Buy,BTC,0.00006,,,,,2025/6/22,,,
360673752,2025/6/22 2:12,Spot Lead,Transaction Buy,BTC,0.00002,,,,,2025/6/22,,,
360673752,2025/6/22 2:12,Spot Lead,Transaction Buy,BTC,0.00006,,,,,2025/6/22,,,
360673752,2025/6/22 2:12,Spot Lead,Transaction Spend,USDT,-5.1167145,,,,,2025/6/22,,,
360673752,2025/6/22 2:12,Spot Lead,Transaction Spend,USDT,-51.166025,,,,,2025/6/22,,,
360673752,2025/6/22 2:12,Spot Lead,Transaction Buy,BTC,0.00006,,,,,2025/6/22,,,
360673752,2025/6/22 2:12,Spot Lead,Transaction Spend,USDT,-6.1398006,,,,,2025/6/22,,,
360673752,2025/6/22 2:12,Spot Lead,Transaction Buy,BTC,0.00006,,,,,2025/6/22,,,
360673752,2025/6/22 2:12,Spot Lead,Transaction Fee,BTC,-7.00E-08,,,,,2025/6/22,,,
360673752,2025/6/22 2:12,Spot Lead,Transaction Fee,BTC,-5.00E-08,,,,,2025/6/22,,,
360673752,2025/6/22 2:12,Spot Lead,Transaction Buy,BTC,0.00026,,,,,2025/6/22,,,
360673752,2025/6/22 2:12,Spot Lead,Transaction Spend,USDT,-6.1398,,,,,2025/6/22,,,
360673752,2025/6/22 2:12,Spot Lead,Transaction Fee,BTC,-6.00E-08,,,,,2025/6/22,,,
360673752,2025/6/22 2:12,Spot Lead,Transaction Fee,BTC,-6.00E-08,,,,,2025/6/22,,,
360673752,2025/6/22 2:12,Spot Lead,Transaction Spend,USDT,-14008.977,,,,,2025/6/22,,,
360673752,2025/6/22 2:12,Spot Lead,Transaction Buy,BTC,0.1431,,,,,2025/6/22,,,
360673752,2025/6/22 2:12,Spot Lead,Transaction Buy,BTC,0.00006,,,,,2025/6/22,,,
360673752,2025/6/22 2:12,Spot Lead,Transaction Fee,BTC,-1.20E-07,,,,,2025/6/22,,,
360673752,2025/6/22 2:12,Spot Lead,Transaction Buy,BTC,0.00005,,,,,2025/6/22,,,
360673752,2025/6/22 2:12,Spot Lead,Transaction Spend,USDT,-6.1398006,,,,,2025/6/22,,,
360673752,2025/6/22 2:12,Spot Lead,Transaction Buy,BTC,0.00006,,,,,2025/6/22,,,
360673752,2025/6/22 2:12,Spot Lead,Transaction Spend,USDT,-256.8483,,,,,2025/6/22,,,
360673752,2025/6/22 2:12,Spot Lead,Transaction Buy,BTC,0.00006,,,,,2025/6/22,,,
360673752,2025/6/22 2:12,Spot Lead,Transaction Fee,BTC,-0.00000251,,,,,2025/6/22,,,
360673752,2025/6/22 2:12,Spot Lead,Transaction Fee,BTC,-6.00E-08,,,,,2025/6/22,,,
360673752,2025/6/22 2:12,Spot Lead,Transaction Spend,USDT,-6.1398,,,,,2025/6/22,,,
360673752,2025/6/22 2:12,Spot Lead,Transaction Spend,USDT,-204.672,,,,,2025/6/22,,,
360673752,2025/6/22 2:12,Spot Lead,Transaction Spend,USDT,-7.1631,,,,,2025/6/22,,,
360673752,2025/6/22 2:12,Spot Lead,Transaction Buy,BTC,0.00006,,,,,2025/6/22,,,
360673752,2025/6/22 2:12,Spot Lead,Transaction Spend,USDT,-499.393824,,,,,2025/6/22,,,
360673752,2025/6/22 2:12,Spot Lead,Transaction Buy,BTC,0.00006,,,,,2025/6/22,,,
360673752,2025/6/22 2:12,Spot Lead,Transaction Buy,BTC,0.0005,,,,,2025/6/22,,,
360673752,2025/6/22 2:12,Spot Lead,Transaction Buy,BTC,0.00006,,,,,2025/6/22,,,
360673752,2025/6/22 2:12,Spot Lead,Transaction Buy,BTC,0.0585,,,,,2025/6/22,,,
360673752,2025/6/22 2:12,Spot Lead,Transaction Fee,BTC,-0.0000585,,,,,2025/6/22,,,
360673752,2025/6/22 2:12,Spot Lead,Transaction Fee,BTC,-6.00E-08,,,,,2025/6/22,,,
360673752,2025/6/22 2:12,Spot Lead,Transaction Buy,BTC,0.00006,,,,,2025/6/22,,,
360673752,2025/6/22 2:12,Spot Lead,Transaction Buy,BTC,0.00032,,,,,2025/6/22,,,
360673752,2025/6/22 2:12,Spot Lead,Transaction Fee,BTC,-6.00E-08,,,,,2025/6/22,,,
360673752,2025/6/22 2:12,Spot Lead,Transaction Buy,BTC,0.00006,,,,,2025/6/22,,,
360673752,2025/6/22 2:12,Spot Lead,Transaction Spend,USDT,-6.1398,,,,,2025/6/22,,,
360673752,2025/6/22 2:12,Spot Lead,Transaction Buy,BTC,0.00006,,,,,2025/6/22,,,
360673752,2025/6/22 2:12,Spot Lead,Transaction Buy,BTC,0.00251,,,,,2025/6/22,,,
360673752,2025/6/22 2:12,Spot Lead,Transaction Spend,USDT,-10.233,,,,,2025/6/22,,,
360673752,2025/6/22 2:12,Spot Lead,Transaction Buy,BTC,0.00007,,,,,2025/6/22,,,
360673752,2025/6/22 2:12,Spot Lead,Transaction Fee,BTC,-1.00E-07,,,,,2025/6/22,,,
360673752,2025/6/22 2:12,Spot Lead,Transaction Buy,BTC,0.00006,,,,,2025/6/22,,,
360673752,2025/6/22 2:12,Spot Lead,Transaction Buy,BTC,0.00005,,,,,2025/6/22,,,
360673752,2025/6/22 2:12,Spot Lead,Transaction Fee,BTC,-2.60E-07,,,,,2025/6/22,,,
360673752,2025/6/22 2:12,Spot Lead,Transaction Spend,USDT,-6.1398006,,,,,2025/6/22,,,
360673752,2025/6/22 2:12,Spot Lead,Transaction Fee,BTC,-6.00E-08,,,,,2025/6/22,,,
360673752,2025/6/22 2:12,Spot Lead,Transaction Fee,BTC,-6.00E-08,,,,,2025/6/22,,,
360673752,2025/6/22 2:12,Spot Lead,Transaction Spend,USDT,-999.7641,,,,,2025/6/22,,,
360673752,2025/6/22 2:12,Spot Lead,Transaction Fee,BTC,-6.00E-08,,,,,2025/6/22,,,
360673752,2025/6/22 2:12,Spot Lead,Transaction Spend,USDT,-1847.16462,,,,,2025/6/22,,,
360673752,2025/6/22 2:12,Spot Lead,Transaction Fee,BTC,-6.00E-08,,,,,2025/6/22,,,
360673752,2025/6/22 2:12,Spot Lead,Transaction Fee,BTC,-0.00000488,,,,,2025/6/22,,,
360673752,2025/6/22 2:12,Spot Lead,Transaction Spend,USDT,-6.14016,,,,,2025/6/22,,,
360673752,2025/6/22 2:12,Spot Lead,Transaction Fee,BTC,-6.00E-08,,,,,2025/6/22,,,
360673752,2025/6/22 2:12,Spot Lead,Transaction Buy,BTC,0.00006,,,,,2025/6/22,,,
360673752,2025/6/22 2:12,Spot Lead,Transaction Spend,USDT,-50.1417,,,,,2025/6/22,,,
360673752,2025/6/22 2:12,Spot Lead,Transaction Fee,BTC,-6.00E-08,,,,,2025/6/22,,,
360673752,2025/6/22 2:12,Spot Lead,Transaction Buy,BTC,0.00006,,,,,2025/6/22,,,
360673752,2025/6/22 2:12,Spot Lead,Transaction Buy,BTC,0.0571,,,,,2025/6/22,,,
360673752,2025/6/22 2:12,Spot Lead,Transaction Buy,BTC,0.00006,,,,,2025/6/22,,,
360673752,2025/6/22 2:12,Spot Lead,Transaction Fee,BTC,-6.00E-08,,,,,2025/6/22,,,
360673752,2025/6/22 2:12,Spot Lead,Transaction Fee,BTC,-4.90E-07,,,,,2025/6/22,,,
360673752,2025/6/22 2:12,Spot Lead,Transaction Buy,BTC,0.00977,,,,,2025/6/22,,,
360673752,2025/6/22 2:12,Spot Lead,Transaction Buy,BTC,0.00049,,,,,2025/6/22,,,
360673752,2025/6/22 2:12,Spot Lead,Transaction Spend,USDT,-5986.305,,,,,2025/6/22,,,
360673752,2025/6/22 2:12,Spot Lead,Transaction Buy,BTC,0.00006,,,,,2025/6/22,,,
360673752,2025/6/22 2:12,Spot Lead,Transaction Spend,USDT,-50.1417,,,,,2025/6/22,,,
360673752,2025/6/22 2:12,Spot Lead,Transaction Spend,USDT,-6.1398,,,,,2025/6/22,,,
360673752,2025/6/22 2:12,Spot Lead,Transaction Fee,BTC,-6.00E-08,,,,,2025/6/22,,,
360673752,2025/6/22 2:12,Spot Lead,Transaction Spend,USDT,-6.1398006,,,,,2025/6/22,,,
360673752,2025/6/22 2:12,Spot Lead,Transaction Fee,BTC,-1.00E-07,,,,,2025/6/22,,,
360673752,2025/6/22 2:12,Spot Lead,Transaction Fee,BTC,-6.00E-08,,,,,2025/6/22,,,
360673752,2025/6/22 2:12,Spot Lead,Transaction Fee,BTC,-6.00E-08,,,,,2025/6/22,,,
360673752,2025/6/22 2:12,Spot Lead,Transaction Spend,USDT,-6.1398006,,,,,2025/6/22,,,
360673752,2025/6/22 2:12,Spot Lead,Transaction Fee,BTC,-6.00E-08,,,,,2025/6/22,,,
360673752,2025/6/22 2:12,Spot Lead,Transaction Buy,BTC,0.0001,,,,,2025/6/22,,,
360673752,2025/6/22 2:12,Spot Lead,Transaction Buy,BTC,0.00488,,,,,2025/6/22,,,
360673752,2025/6/22 2:12,Spot Lead,Transaction Spend,USDT,-10.233001,,,,,2025/6/22,,,
360673752,2025/6/22 2:12,Spot Lead,Transaction Buy,BTC,0.00009,,,,,2025/6/22,,,
360673752,2025/6/22 2:12,Spot Lead,Transaction Fee,BTC,-1.00E-07,,,,,2025/6/22,,,
360673752,2025/6/22 2:12,Spot Lead,Transaction Fee,BTC,-9.00E-08,,,,,2025/6/22,,,
360673752,2025/6/22 2:12,Spot Lead,Transaction Spend,USDT,-6.1398,,,,,2025/6/22,,,
360673752,2025/6/22 2:12,Spot Lead,Transaction Buy,BTC,0.00007,,,,,2025/6/22,,,
360673752,2025/6/22 2:12,Spot Lead,Transaction Buy,BTC,0.0003,,,,,2025/6/22,,,
360673752,2025/6/22 2:12,Spot Lead,Transaction Buy,BTC,0.00006,,,,,2025/6/22,,,
360673752,2025/6/22 2:12,Spot Lead,Transaction Spend,USDT,-32.7467968,,,,,2025/6/22,,,
360673752,2025/6/22 2:12,Spot Lead,Transaction Buy,BTC,0.00012,,,,,2025/6/22,,,
360673752,2025/6/22 2:12,Spot Lead,Transaction Fee,BTC,-0.00000101,,,,,2025/6/22,,,
360673752,2025/6/22 2:12,Spot Lead,Transaction Buy,BTC,0.01805,,,,,2025/6/22,,,
360673752,2025/6/22 2:12,Spot Lead,Transaction Spend,USDT,-14643.423,,,,,2025/6/22,,,
360673752,2025/6/22 2:12,Spot Lead,Transaction Buy,BTC,0.00006,,,,,2025/6/22,,,
360673752,2025/6/22 2:12,Spot Lead,Transaction Fee,BTC,-3.00E-07,,,,,2025/6/22,,,
360673752,2025/6/22 2:12,Spot Lead,Transaction Fee,BTC,-6.00E-08,,,,,2025/6/22,,,
360673752,2025/6/22 2:12,Spot Lead,Transaction Spend,USDT,-2.0466,,,,,2025/6/22,,,
360673752,2025/6/22 2:12,Spot Lead,Transaction Spend,USDT,-5843.3856,,,,,2025/6/22,,,
360673752,2025/6/22 2:12,Spot Lead,Transaction Spend,USDT,-30.699594,,,,,2025/6/22,,,
360673752,2025/6/22 2:12,Spot Lead,Transaction Buy,BTC,0.00006,,,,,2025/6/22,,,
360673752,2025/6/22 2:13,Spot Lead,Transaction Buy,BTC,0.36181,,,,,2025/6/22,,,
360673752,2025/6/22 2:13,Spot Lead,Transaction Buy,BTC,0.13722,,,,,2025/6/22,,,
360673752,2025/6/22 2:13,Spot Lead,Transaction Fee,BTC,-0.00013722,,,,,2025/6/22,,,
360673752,2025/6/22 2:13,Spot Lead,Transaction Spend,USDT,-37026.18816,,,,,2025/6/22,,,
360673752,2025/6/22 2:13,Spot Lead,Transaction Spend,USDT,-14042.54592,,,,,2025/6/22,,,
360673752,2025/6/22 2:13,Spot Lead,Transaction Fee,BTC,-0.00036181,,,,,2025/6/22,,,
360673752,2025/6/23 5:30,Spot,Copy Portfolio (Spot) - Leader Trading Fee Comission,USDT,0.07233663,Binance Copy Trading,,,,2025/6/23,,,
360673752,2025/6/23 5:31,Spot,Copy Portfolio (Spot) - Leader Trading Fee Comission,BTC,0.0000254,Binance Copy Trading,,,,2025/6/23,,,
360673752,2025/6/30 5:30,Spot,Copy Portfolio (Spot) - Leader Trading Fee Comission,USDT,0.00139566,Binance Copy Trading,,,,2025/6/30,,,
360673752,2025/7/1 2:31,Spot,Copy Portfolio (Spot) - Profit Sharing with Leader,USDT,15.47176032,Binance Copy Trading,,,,2025/7/1,,,
360673752,2025/7/2 15:21,Spot,Copy Portfolio (Spot) - Profit Sharing with Leader,USDT,1.72386259,Binance Copy Trading,,,,2025/7/2,,,
360673752,2025/7/3 16:47,Spot,Copy Portfolio (Spot) - Profit Sharing with Leader,USDT,0.72815195,Binance Copy Trading,,,,2025/7/3,,,
360673752,2025/7/6 3:36,Spot,Copy Portfolio (Spot) - Profit Sharing with Leader,USDT,0.19446163,Binance Copy Trading,,,,2025/7/6,,,
360673752,2025/7/6 4:23,Spot Lead,Transaction Revenue,USDT,6.4820844,,,,,2025/7/6,,,
360673752,2025/7/6 4:23,Spot Lead,Transaction Revenue,USDT,254.9619864,,,,,2025/7/6,,,
360673752,2025/7/6 4:23,Spot Lead,Transaction Fee,USDT,-0.00540174,,,,,2025/7/6,,,
360673752,2025/7/6 4:23,Spot Lead,Transaction Revenue,USDT,10.803474,,,,,2025/7/6,,,
360673752,2025/7/6 4:23,Spot Lead,Transaction Fee,USDT,-0.05617806,,,,,2025/7/6,,,
360673752,2025/7/6 4:23,Spot Lead,Transaction Revenue,USDT,16798.32172,,,,,2025/7/6,,,
360673752,2025/7/6 4:23,Spot Lead,Transaction Sold,BTC,-0.0508,,,,,2025/7/6,,,
360673752,2025/7/6 4:23,Spot Lead,Transaction Revenue,USDT,518.566752,,,,,2025/7/6,,,
360673752,2025/7/6 4:23,Spot Lead,Transaction Sold,BTC,-0.00005,,,,,2025/7/6,,,
360673752,2025/7/6 4:23,Spot Lead,Transaction Sold,BTC,-0.00144,,,,,2025/7/6,,,
360673752,2025/7/6 4:23,Spot Lead,Transaction Sold,BTC,-0.08829,,,,,2025/7/6,,,
360673752,2025/7/6 4:23,Spot Lead,Transaction Sold,BTC,-0.0005,,,,,2025/7/6,,,
360673752,2025/7/6 4:23,Spot Lead,Transaction Revenue,USDT,9538.387195,,,,,2025/7/6,,,
360673752,2025/7/6 4:23,Spot Lead,Transaction Fee,USDT,-0.90100973,,,,,2025/7/6,,,
360673752,2025/7/6 4:23,Spot Lead,Transaction Fee,USDT,-0.00540174,,,,,2025/7/6,,,
360673752,2025/7/6 4:23,Spot Lead,Transaction Revenue,USDT,12823.72364,,,,,2025/7/6,,,
360673752,2025/7/6 4:23,Spot Lead,Transaction Fee,USDT,-0.00540174,,,,,2025/7/6,,,
360673752,2025/7/6 4:23,Spot Lead,Transaction Sold,BTC,-0.00052,,,,,2025/7/6,,,
360673752,2025/7/6 4:23,Spot Lead,Transaction Fee,USDT,-9.53838719,,,,,2025/7/6,,,
360673752,2025/7/6 4:23,Spot Lead,Transaction Revenue,USDT,5.401737,,,,,2025/7/6,,,
360673752,2025/7/6 4:23,Spot Lead,Transaction Fee,USDT,-9.10732858,,,,,2025/7/6,,,
360673752,2025/7/6 4:23,Spot Lead,Transaction Sold,BTC,-0.00005,,,,,2025/7/6,,,
360673752,2025/7/6 4:23,Spot Lead,Transaction Sold,BTC,-0.15549,,,,,2025/7/6,,,
360673752,2025/7/6 4:23,Spot Lead,Transaction Fee,USDT,-0.15557003,,,,,2025/7/6,,,
360673752,2025/7/6 4:23,Spot Lead,Transaction Revenue,USDT,901.0097316,,,,,2025/7/6,,,
360673752,2025/7/6 4:23,Spot Lead,Transaction Revenue,USDT,54.01737,,,,,2025/7/6,,,
360673752,2025/7/6 4:23,Spot Lead,Transaction Revenue,USDT,9107.328582,,,,,2025/7/6,,,
360673752,2025/7/6 4:23,Spot Lead,Transaction Sold,BTC,-0.00005,,,,,2025/7/6,,,
360673752,2025/7/6 4:23,Spot Lead,Transaction Revenue,USDT,5.401737,,,,,2025/7/6,,,
360673752,2025/7/6 4:23,Spot Lead,Transaction Sold,BTC,-0.03142,,,,,2025/7/6,,,
360673752,2025/7/6 4:23,Spot Lead,Transaction Fee,USDT,-0.05293702,,,,,2025/7/6,,,
360673752,2025/7/6 4:23,Spot Lead,Transaction Revenue,USDT,155.5700256,,,,,2025/7/6,,,
360673752,2025/7/6 4:23,Spot Lead,Transaction Revenue,USDT,5488.164792,,,,,2025/7/6,,,
360673752,2025/7/6 4:23,Spot Lead,Transaction Revenue,USDT,22857.99029,,,,,2025/7/6,,,
360673752,2025/7/6 4:23,Spot Lead,Transaction Fee,USDT,-22.85799029,,,,,2025/7/6,,,
360673752,2025/7/6 4:23,Spot Lead,Transaction Revenue,USDT,2160.6948,,,,,2025/7/6,,,
360673752,2025/7/6 4:23,Spot Lead,Transaction Fee,USDT,-0.05293702,,,,,2025/7/6,,,
360673752,2025/7/6 4:23,Spot Lead,Transaction Revenue,USDT,5.401737,,,,,2025/7/6,,,
360673752,2025/7/6 4:23,Spot Lead,Transaction Fee,USDT,-3.39445153,,,,,2025/7/6,,,
360673752,2025/7/6 4:23,Spot Lead,Transaction Fee,USDT,-0.00540174,,,,,2025/7/6,,,
360673752,2025/7/6 4:23,Spot Lead,Transaction Revenue,USDT,51.8566752,,,,,2025/7/6,,,
360673752,2025/7/6 4:23,Spot Lead,Transaction Fee,USDT,-0.00648208,,,,,2025/7/6,,,
360673752,2025/7/6 4:23,Spot Lead,Transaction Sold,BTC,-0.09017,,,,,2025/7/6,,,
360673752,2025/7/6 4:23,Spot Lead,Transaction Fee,USDT,-2.1606948,,,,,2025/7/6,,,
360673752,2025/7/6 4:23,Spot Lead,Transaction Sold,BTC,-0.21158,,,,,2025/7/6,,,
360673752,2025/7/6 4:23,Spot Lead,Transaction Fee,USDT,-0.00540174,,,,,2025/7/6,,,
360673752,2025/7/6 4:23,Spot Lead,Transaction Sold,BTC,-0.00005,,,,,2025/7/6,,,
360673752,2025/7/6 4:23,Spot Lead,Transaction Revenue,USDT,5.401737,,,,,2025/7/6,,,
360673752,2025/7/6 4:23,Spot Lead,Transaction Revenue,USDT,56.1780648,,,,,2025/7/6,,,
360673752,2025/7/6 4:23,Spot Lead,Transaction Revenue,USDT,5.401737,,,,,2025/7/6,,,
360673752,2025/7/6 4:23,Spot Lead,Transaction Fee,USDT,-0.25496199,,,,,2025/7/6,,,
360673752,2025/7/6 4:23,Spot Lead,Transaction Sold,BTC,-0.00834,,,,,2025/7/6,,,
360673752,2025/7/6 4:23,Spot Lead,Transaction Sold,BTC,-0.02,,,,,2025/7/6,,,
360673752,2025/7/6 4:23,Spot Lead,Transaction Revenue,USDT,6.4820844,,,,,2025/7/6,,,
360673752,2025/7/6 4:23,Spot Lead,Transaction Sold,BTC,-0.1187,,,,,2025/7/6,,,
360673752,2025/7/6 4:23,Spot Lead,Transaction Sold,BTC,-0.1277,,,,,2025/7/6,,,
360673752,2025/7/6 4:23,Spot Lead,Transaction Sold,BTC,-0.00005,,,,,2025/7/6,,,
360673752,2025/7/6 4:23,Spot Lead,Transaction Revenue,USDT,13796.0363,,,,,2025/7/6,,,
360673752,2025/7/6 4:23,Spot Lead,Transaction Fee,USDT,-0.00648208,,,,,2025/7/6,,,
360673752,2025/7/6 4:23,Spot Lead,Transaction Revenue,USDT,5.401737,,,,,2025/7/6,,,
360673752,2025/7/6 4:23,Spot Lead,Transaction Fee,USDT,-5.48816479,,,,,2025/7/6,,,
360673752,2025/7/6 4:23,Spot Lead,Transaction Fee,USDT,-12.82372364,,,,,2025/7/6,,,
360673752,2025/7/6 4:23,Spot Lead,Transaction Fee,USDT,-0.09723127,,,,,2025/7/6,,,
360673752,2025/7/6 4:23,Spot Lead,Transaction Sold,BTC,-0.0843,,,,,2025/7/6,,,
360673752,2025/7/6 4:23,Spot Lead,Transaction Revenue,USDT,52.9370226,,,,,2025/7/6,,,
360673752,2025/7/6 4:23,Spot Lead,Transaction Fee,USDT,-0.00540174,,,,,2025/7/6,,,
360673752,2025/7/6 4:23,Spot Lead,Transaction Fee,USDT,-0.05185668,,,,,2025/7/6,,,
360673752,2025/7/6 4:23,Spot Lead,Transaction Sold,BTC,-0.00236,,,,,2025/7/6,,,
360673752,2025/7/6 4:23,Spot Lead,Transaction Fee,USDT,-0.51856675,,,,,2025/7/6,,,
360673752,2025/7/6 4:23,Spot Lead,Transaction Fee,USDT,-0.00540174,,,,,2025/7/6,,,
360673752,2025/7/6 4:23,Spot Lead,Transaction Fee,USDT,-0.01080347,,,,,2025/7/6,,,
360673752,2025/7/6 4:23,Spot Lead,Transaction Sold,BTC,-0.00049,,,,,2025/7/6,,,
360673752,2025/7/6 4:23,Spot Lead,Transaction Sold,BTC,-0.00005,,,,,2025/7/6,,,
360673752,2025/7/6 4:23,Spot Lead,Transaction Sold,BTC,-0.00005,,,,,2025/7/6,,,
360673752,2025/7/6 4:23,Spot Lead,Transaction Fee,USDT,-0.00540174,,,,,2025/7/6,,,
360673752,2025/7/6 4:23,Spot Lead,Transaction Fee,USDT,-16.79832172,,,,,2025/7/6,,,
360673752,2025/7/6 4:23,Spot Lead,Transaction Sold,BTC,-0.00049,,,,,2025/7/6,,,
360673752,2025/7/6 4:23,Spot Lead,Transaction Sold,BTC,-0.00006,,,,,2025/7/6,,,
360673752,2025/7/6 4:23,Spot Lead,Transaction Sold,BTC,-0.00005,,,,,2025/7/6,,,
360673752,2025/7/6 4:23,Spot Lead,Transaction Revenue,USDT,5.401737,,,,,2025/7/6,,,
360673752,2025/7/6 4:23,Spot Lead,Transaction Fee,USDT,-0.05401737,,,,,2025/7/6,,,
360673752,2025/7/6 4:23,Spot Lead,Transaction Revenue,USDT,97.231266,,,,,2025/7/6,,,
360673752,2025/7/6 4:23,Spot Lead,Transaction Sold,BTC,-0.0001,,,,,2025/7/6,,,
360673752,2025/7/6 4:23,Spot Lead,Transaction Fee,USDT,-9.74149251,,,,,2025/7/6,,,
360673752,2025/7/6 4:23,Spot Lead,Transaction Revenue,USDT,55.0977174,,,,,2025/7/6,,,
360673752,2025/7/6 4:23,Spot Lead,Transaction Revenue,USDT,5.401737,,,,,2025/7/6,,,
360673752,2025/7/6 4:23,Spot Lead,Transaction Sold,BTC,-0.0048,,,,,2025/7/6,,,
360673752,2025/7/6 4:23,Spot Lead,Transaction Sold,BTC,-0.00005,,,,,2025/7/6,,,
360673752,2025/7/6 4:23,Spot Lead,Transaction Fee,USDT,-0.00540174,,,,,2025/7/6,,,
360673752,2025/7/6 4:23,Spot Lead,Transaction Fee,USDT,-0.00540174,,,,,2025/7/6,,,
360673752,2025/7/6 4:23,Spot Lead,Transaction Revenue,USDT,3394.451531,,,,,2025/7/6,,,
360673752,2025/7/6 4:23,Spot Lead,Transaction Revenue,USDT,5.401737,,,,,2025/7/6,,,
360673752,2025/7/6 4:23,Spot Lead,Transaction Sold,BTC,-0.00048,,,,,2025/7/6,,,
360673752,2025/7/6 4:23,Spot Lead,Transaction Sold,BTC,-0.00006,,,,,2025/7/6,,,
360673752,2025/7/6 4:23,Spot Lead,Transaction Fee,USDT,-0.05509772,,,,,2025/7/6,,,
360673752,2025/7/6 4:23,Spot Lead,Transaction Fee,USDT,-13.7960363,,,,,2025/7/6,,,
360673752,2025/7/6 4:23,Spot Lead,Transaction Sold,BTC,-0.00051,,,,,2025/7/6,,,
360673752,2025/7/6 4:23,Spot Lead,Transaction Revenue,USDT,52.9370226,,,,,2025/7/6,,,
360673752,2025/7/6 4:23,Spot Lead,Transaction Sold,BTC,-0.0009,,,,,2025/7/6,,,
360673752,2025/7/6 4:23,Spot Lead,Transaction Sold,BTC,-0.00005,,,,,2025/7/6,,,
360673752,2025/7/6 4:23,Spot Lead,Transaction Revenue,USDT,9741.492506,,,,,2025/7/6,,,
360673752,2025/7/6 4:23,Spot Lead,Transaction Revenue,USDT,5.401737,,,,,2025/7/6,,,
360673752,2025/7/6 4:24,Spot Lead,Transaction Revenue,USDT,5488.164792,,,,,2025/7/6,,,
360673752,2025/7/6 4:24,Spot Lead,Transaction Revenue,USDT,10.803474,,,,,2025/7/6,,,
360673752,2025/7/6 4:24,Spot Lead,Transaction Revenue,USDT,12205.76493,,,,,2025/7/6,,,
360673752,2025/7/6 4:24,Spot Lead,Transaction Revenue,USDT,12823.72364,,,,,2025/7/6,,,
360673752,2025/7/6 4:24,Spot Lead,Transaction Sold,BTC,-0.00005,,,,,2025/7/6,,,
360673752,2025/7/6 4:24,Spot Lead,Transaction Fee,USDT,-0.00540174,,,,,2025/7/6,,,
360673752,2025/7/6 4:24,Spot Lead,Transaction Fee,USDT,-0.05833876,,,,,2025/7/6,,,
360673752,2025/7/6 4:24,Spot Lead,Transaction Fee,USDT,-5.48816479,,,,,2025/7/6,,,
360673752,2025/7/6 4:24,Spot Lead,Transaction Fee,USDT,-0.00540174,,,,,2025/7/6,,,
360673752,2025/7/6 4:24,Spot Lead,Transaction Fee,USDT,-0.01944625,,,,,2025/7/6,,,
360673752,2025/7/6 4:24,Spot Lead,Transaction Fee,USDT,-0.01080347,,,,,2025/7/6,,,
360673752,2025/7/6 4:24,Spot Lead,Transaction Sold,BTC,-0.03007,,,,,2025/7/6,,,
360673752,2025/7/6 4:24,Spot Lead,Transaction Sold,BTC,-0.01389,,,,,2025/7/6,,,
360673752,2025/7/6 4:24,Spot Lead,Transaction Sold,BTC,-0.00052,,,,,2025/7/6,,,
360673752,2025/7/6 4:24,Spot Lead,Transaction Sold,BTC,-0.00005,,,,,2025/7/6,,,
360673752,2025/7/6 4:24,Spot Lead,Transaction Sold,BTC,-0.00005,,,,,2025/7/6,,,
360673752,2025/7/6 4:24,Spot Lead,Transaction Sold,BTC,-0.0005,,,,,2025/7/6,,,
360673752,2025/7/6 4:24,Spot Lead,Transaction Sold,BTC,-0.00006,,,,,2025/7/6,,,
360673752,2025/7/6 4:24,Spot Lead,Transaction Sold,BTC,-0.1277,,,,,2025/7/6,,,
360673752,2025/7/6 4:24,Spot Lead,Transaction Fee,USDT,-0.00540174,,,,,2025/7/6,,,
360673752,2025/7/6 4:24,Spot Lead,Transaction Fee,USDT,-0.00540174,,,,,2025/7/6,,,
360673752,2025/7/6 4:24,Spot Lead,Transaction Revenue,USDT,5.401737,,,,,2025/7/6,,,
360673752,2025/7/6 4:24,Spot Lead,Transaction Revenue,USDT,6.4820844,,,,,2025/7/6,,,
360673752,2025/7/6 4:24,Spot Lead,Transaction Fee,USDT,-4.99984777,,,,,2025/7/6,,,
360673752,2025/7/6 4:24,Spot Lead,Transaction Revenue,USDT,5.401737,,,,,2025/7/6,,,
360673752,2025/7/6 4:24,Spot Lead,Transaction Sold,BTC,-0.00049,,,,,2025/7/6,,,
360673752,2025/7/6 4:24,Spot Lead,Transaction Revenue,USDT,13796.0363,,,,,2025/7/6,,,
360673752,2025/7/6 4:24,Spot Lead,Transaction Fee,USDT,-0.09723127,,,,,2025/7/6,,,
360673752,2025/7/6 4:24,Spot Lead,Transaction Revenue,USDT,254.9619864,,,,,2025/7/6,,,
360673752,2025/7/6 4:24,Spot Lead,Transaction Revenue,USDT,5.401737,,,,,2025/7/6,,,
360673752,2025/7/6 4:24,Spot Lead,Transaction Fee,USDT,-0.00540174,,,,,2025/7/6,,,
360673752,2025/7/6 4:24,Spot Lead,Transaction Sold,BTC,-0.00054,,,,,2025/7/6,,,
360673752,2025/7/6 4:24,Spot Lead,Transaction Fee,USDT,-0.25496199,,,,,2025/7/6,,,
360673752,2025/7/6 4:24,Spot Lead,Transaction Revenue,USDT,5.401737,,,,,2025/7/6,,,
360673752,2025/7/6 4:24,Spot Lead,Transaction Fee,USDT,-13.7960363,,,,,2025/7/6,,,
360673752,2025/7/6 4:24,Spot Lead,Transaction Sold,BTC,-0.0009,,,,,2025/7/6,,,
360673752,2025/7/6 4:24,Spot Lead,Transaction Revenue,USDT,4999.847767,,,,,2025/7/6,,,
360673752,2025/7/6 4:24,Spot Lead,Transaction Revenue,USDT,5.401737,,,,,2025/7/6,,,
360673752,2025/7/6 4:24,Spot Lead,Transaction Fee,USDT,-0.00540174,,,,,2025/7/6,,,
360673752,2025/7/6 4:24,Spot Lead,Transaction Fee,USDT,-0.00540174,,,,,2025/7/6,,,
360673752,2025/7/6 4:24,Spot Lead,Transaction Fee,USDT,-0.05293702,,,,,2025/7/6,,,
360673752,2025/7/6 4:24,Spot Lead,Transaction Fee,USDT,-3.24860463,,,,,2025/7/6,,,
360673752,2025/7/6 4:24,Spot Lead,Transaction Revenue,USDT,54.01737,,,,,2025/7/6,,,
360673752,2025/7/6 4:24,Spot Lead,Transaction Sold,BTC,-0.08649,,,,,2025/7/6,,,
360673752,2025/7/6 4:24,Spot Lead,Transaction Revenue,USDT,19.4462532,,,,,2025/7/6,,,
360673752,2025/7/6 4:24,Spot Lead,Transaction Revenue,USDT,43637.39218,,,,,2025/7/6,,,
360673752,2025/7/6 4:24,Spot Lead,Transaction Revenue,USDT,54.01737,,,,,2025/7/6,,,
360673752,2025/7/6 4:24,Spot Lead,Transaction Fee,USDT,-12.82372364,,,,,2025/7/6,,,
360673752,2025/7/6 4:24,Spot Lead,Transaction Fee,USDT,-0.05617806,,,,,2025/7/6,,,
360673752,2025/7/6 4:24,Spot Lead,Transaction Fee,USDT,-9.34392466,,,,,2025/7/6,,,
360673752,2025/7/6 4:24,Spot Lead,Transaction Revenue,USDT,97.231266,,,,,2025/7/6,,,
360673752,2025/7/6 4:24,Spot Lead,Transaction Revenue,USDT,5.401737,,,,,2025/7/6,,,
360673752,2025/7/6 4:24,Spot Lead,Transaction Sold,BTC,-0.00005,,,,,2025/7/6,,,
360673752,2025/7/6 4:24,Spot Lead,Transaction Fee,USDT,-12.20576493,,,,,2025/7/6,,,
360673752,2025/7/6 4:24,Spot Lead,Transaction Revenue,USDT,56.1780648,,,,,2025/7/6,,,
360673752,2025/7/6 4:24,Spot Lead,Transaction Revenue,USDT,5.401737,,,,,2025/7/6,,,
360673752,2025/7/6 4:24,Spot Lead,Transaction Sold,BTC,-0.00052,,,,,2025/7/6,,,
360673752,2025/7/6 4:24,Spot Lead,Transaction Fee,USDT,-0.05401737,,,,,2025/7/6,,,
360673752,2025/7/6 4:24,Spot Lead,Transaction Sold,BTC,-0.00005,,,,,2025/7/6,,,
360673752,2025/7/6 4:24,Spot Lead,Transaction Sold,BTC,-0.00005,,,,,2025/7/6,,,
360673752,2025/7/6 4:24,Spot Lead,Transaction Sold,BTC,-0.11298,,,,,2025/7/6,,,
360673752,2025/7/6 4:24,Spot Lead,Transaction Revenue,USDT,3248.604632,,,,,2025/7/6,,,
360673752,2025/7/6 4:24,Spot Lead,Transaction Fee,USDT,-0.00540174,,,,,2025/7/6,,,
360673752,2025/7/6 4:24,Spot Lead,Transaction Fee,USDT,-0.00540174,,,,,2025/7/6,,,
360673752,2025/7/6 4:24,Spot Lead,Transaction Revenue,USDT,58.3387596,,,,,2025/7/6,,,
360673752,2025/7/6 4:24,Spot Lead,Transaction Fee,USDT,-0.00540174,,,,,2025/7/6,,,
360673752,2025/7/6 4:24,Spot Lead,Transaction Revenue,USDT,5.401737,,,,,2025/7/6,,,
360673752,2025/7/6 4:24,Spot Lead,Transaction Fee,USDT,-1.50060254,,,,,2025/7/6,,,
360673752,2025/7/6 4:24,Spot Lead,Transaction Fee,USDT,-43.63739218,,,,,2025/7/6,,,
360673752,2025/7/6 4:24,Spot Lead,Transaction Sold,BTC,-0.00018,,,,,2025/7/6,,,
360673752,2025/7/6 4:24,Spot Lead,Transaction Sold,BTC,-0.00236,,,,,2025/7/6,,,
360673752,2025/7/6 4:24,Spot Lead,Transaction Sold,BTC,-0.1187,,,,,2025/7/6,,,
360673752,2025/7/6 4:24,Spot Lead,Transaction Revenue,USDT,56.1780648,,,,,2025/7/6,,,
360673752,2025/7/6 4:24,Spot Lead,Transaction Revenue,USDT,9343.924663,,,,,2025/7/6,,,
360673752,2025/7/6 4:24,Spot Lead,Transaction Sold,BTC,-0.00005,,,,,2025/7/6,,,
360673752,2025/7/6 4:24,Spot Lead,Transaction Sold,BTC,-0.40392,,,,,2025/7/6,,,
360673752,2025/7/6 4:24,Spot Lead,Transaction Sold,BTC,-0.00005,,,,,2025/7/6,,,
360673752,2025/7/6 4:24,Spot Lead,Transaction Fee,USDT,-0.00648208,,,,,2025/7/6,,,
360673752,2025/7/6 4:24,Spot Lead,Transaction Sold,BTC,-0.0005,,,,,2025/7/6,,,
360673752,2025/7/6 4:24,Spot Lead,Transaction Sold,BTC,-0.00005,,,,,2025/7/6,,,
360673752,2025/7/6 4:24,Spot Lead,Transaction Sold,BTC,-0.04628,,,,,2025/7/6,,,
360673752,2025/7/6 4:24,Spot Lead,Transaction Sold,BTC,-0.0508,,,,,2025/7/6,,,
360673752,2025/7/6 4:24,Spot Lead,Transaction Revenue,USDT,5.401737,,,,,2025/7/6,,,
360673752,2025/7/6 4:24,Spot Lead,Transaction Sold,BTC,-0.0001,,,,,2025/7/6,,,
360673752,2025/7/6 4:24,Spot Lead,Transaction Fee,USDT,-0.05617806,,,,,2025/7/6,,,
360673752,2025/7/6 4:24,Spot Lead,Transaction Sold,BTC,-0.00005,,,,,2025/7/6,,,
360673752,2025/7/6 4:24,Spot Lead,Transaction Revenue,USDT,1500.602539,,,,,2025/7/6,,,
360673752,2025/7/6 4:24,Spot Lead,Transaction Revenue,USDT,5.401737,,,,,2025/7/6,,,
360673752,2025/7/6 4:24,Spot Lead,Transaction Fee,USDT,-0.05401737,,,,,2025/7/6,,,
360673752,2025/7/6 4:24,Spot Lead,Transaction Revenue,USDT,52.9370226,,,,,2025/7/6,,,
360673752,2025/7/7 0:22,Spot,Copy Portfolio (Spot) - Profit Sharing with Leader,USDT,47.52912482,Binance Copy Trading,,,,2025/7/7,,,
360673752,2025/7/7 0:22,Spot,Copy Portfolio (Spot) - Profit Sharing with Leader,USDT,0.31311318,Binance Copy Trading,,,,2025/7/7,,,
360673752,2025/7/7 0:22,Spot,Copy Portfolio (Spot) - Profit Sharing with Leader,USDT,0.31311318,Binance Copy Trading,,,,2025/7/7,,,
360673752,2025/7/7 0:22,Spot,Copy Portfolio (Spot) - Profit Sharing with Leader,USDT,0.81306589,Binance Copy Trading,,,,2025/7/7,,,
360673752,2025/7/7 0:22,Spot,Copy Portfolio (Spot) - Profit Sharing with Leader,USDT,0.02378807,Binance Copy Trading,,,,2025/7/7,,,
360673752,2025/7/7 0:22,Spot,Copy Portfolio (Spot) - Profit Sharing with Leader,USDT,0.321353,Binance Copy Trading,,,,2025/7/7,,,
360673752,2025/7/7 0:22,Spot,Copy Portfolio (Spot) - Profit Sharing with Leader,USDT,12.70626326,Binance Copy Trading,,,,2025/7/7,,,
360673752,2025/7/7 0:22,Spot,Copy Portfolio (Spot) - Profit Sharing with Leader,USDT,0.49914366,Binance Copy Trading,,,,2025/7/7,,,
360673752,2025/7/7 0:22,Spot,Copy Portfolio (Spot) - Profit Sharing with Leader,USDT,4.12117931,Binance Copy Trading,,,,2025/7/7,,,
360673752,2025/7/7 0:22,Spot,Copy Portfolio (Spot) - Profit Sharing with Leader,USDT,0.1942703,Binance Copy Trading,,,,2025/7/7,,,
360673752,2025/7/7 0:22,Spot,Copy Portfolio (Spot) - Profit Sharing with Leader,USDT,0.49914366,Binance Copy Trading,,,,2025/7/7,,,
360673752,2025/7/7 0:22,Spot,Copy Portfolio (Spot) - Profit Sharing with Leader,USDT,0.1942703,Binance Copy Trading,,,,2025/7/7,,,
360673752,2025/7/7 0:22,Spot,Copy Portfolio (Spot) - Profit Sharing with Leader,USDT,1.40820027,Binance Copy Trading,,,,2025/7/7,,,
360673752,2025/7/7 0:22,Spot,Copy Portfolio (Spot) - Profit Sharing with Leader,USDT,0.34526342,Binance Copy Trading,,,,2025/7/7,,,
360673752,2025/7/7 0:22,Spot,Copy Portfolio (Spot) - Profit Sharing with Leader,USDT,0.80401702,Binance Copy Trading,,,,2025/7/7,,,
360673752,2025/7/7 0:22,Spot,Copy Portfolio (Spot) - Profit Sharing with Leader,USDT,0.1942703,Binance Copy Trading,,,,2025/7/7,,,
360673752,2025/7/7 0:22,Spot,Copy Portfolio (Spot) - Profit Sharing with Leader,USDT,0.1942703,Binance Copy Trading,,,,2025/7/7,,,
360673752,2025/7/7 0:22,Spot,Copy Portfolio (Spot) - Profit Sharing with Leader,USDT,1.40820027,Binance Copy Trading,,,,2025/7/7,,,
360673752,2025/7/7 0:22,Spot,Copy Portfolio (Spot) - Profit Sharing with Leader,USDT,0.04595354,Binance Copy Trading,,,,2025/7/7,,,
360673752,2025/7/7 0:22,Spot,Copy Portfolio (Spot) - Profit Sharing with Leader,USDT,0.1942703,Binance Copy Trading,,,,2025/7/7,,,
360673752,2025/7/7 0:22,Spot,Copy Portfolio (Spot) - Profit Sharing with Leader,USDT,0.1942703,Binance Copy Trading,,,,2025/7/7,,,
360673752,2025/7/7 0:22,Spot,Copy Portfolio (Spot) - Profit Sharing with Leader,USDT,0.28490833,Binance Copy Trading,,,,2025/7/7,,,
360673752,2025/7/7 0:23,Spot,Copy Portfolio (Spot) - Profit Sharing with Leader,USDT,0.30138797,Binance Copy Trading,,,,2025/7/7,,,
360673752,2025/7/7 0:23,Spot,Copy Portfolio (Spot) - Profit Sharing with Leader,USDT,0.52653947,Binance Copy Trading,,,,2025/7/7,,,
360673752,2025/7/7 0:23,Spot,Copy Portfolio (Spot) - Profit Sharing with Leader,USDT,1.40820027,Binance Copy Trading,,,,2025/7/7,,,
360673752,2025/7/7 0:23,Spot,Copy Portfolio (Spot) - Profit Sharing with Leader,USDT,0.16955084,Binance Copy Trading,,,,2025/7/7,,,
360673752,2025/7/7 0:23,Spot,Copy Portfolio (Spot) - Profit Sharing with Leader,USDT,0.1942703,Binance Copy Trading,,,,2025/7/7,,,
360673752,2025/7/7 0:23,Spot,Copy Portfolio (Spot) - Profit Sharing with Leader,USDT,0.19694665,Binance Copy Trading,,,,2025/7/7,,,
360673752,2025/7/7 0:23,Spot,Copy Portfolio (Spot) - Profit Sharing with Leader,USDT,1.40820027,Binance Copy Trading,,,,2025/7/7,,,
360673752,2025/7/7 0:23,Spot,Copy Portfolio (Spot) - Profit Sharing with Leader,USDT,0.22588181,Binance Copy Trading,,,,2025/7/7,,,
360673752,2025/7/7 5:30,Spot,Copy Portfolio (Spot) - Leader Trading Fee Comission,USDT,2.69606814,Binance Copy Trading,,,,2025/7/7,,,
360673752,2025/7/15 2:33,Spot,Lead Portfolio (Spot) - Create,USDT,-500,Binance Copy Trading,,,,2025/7/15,,,
360673752,2025/7/15 2:33,Spot Lead,Lead Portfolio (Spot) - Create,USDT,500,Binance Copy Trading,,,,2025/7/15,,,
360673752,2025/7/18 9:16,Spot Lead,Lead Portfolio (Spot) - Close,USDT,-500,Binance Copy Trading,,,,2025/7/18,,,
360673752,2025/7/18 9:16,Spot,Lead Portfolio (Spot) - Close,USDT,500,Binance Copy Trading,,,,2025/7/18,,,
360673752,2025/7/22 9:55,USD-M Futures,Lead Portfolio (UM) - Create/Close Transfer,USDT,5717.15,Binance Copy Trading,,,,2025/7/22,,,
360673752,2025/7/22 9:55,Spot,Lead Portfolio (UM) - Create,USDT,-5717.15,Binance Copy Trading,,,,2025/7/22,,,
360673752,2025/7/22 10:58,Spot Lead,Lead Portfolio (Spot) - Withdraw,USDT,-5000,Binance Copy Trading,,,,2025/7/22,,,
360673752,2025/7/22 10:58,Spot,Lead Portfolio (Spot) - Withdraw,USDT,5000,Binance Copy Trading,,,,2025/7/22,,,
360673752,2025/7/22 10:58,USD-M Futures,Lead Portfolio (UM) - Create/Close Transfer,USDT,5000.006058,Binance Copy Trading,,,,2025/7/22,,,
360673752,2025/7/22 10:58,Spot,Lead Portfolio (UM) - Deposit,USDT,-5000.006058,Binance Copy Trading,,,,2025/7/22,,,
360673752,2025/8/1 2:18,USD-M Futures,Fee,USDT,-5.3163028,TradeID - 6518345195,,,,2025/8/1,,,
360673752,2025/8/1 2:19,Spot Lead,Transaction Spend,USDT,-13442.05169,,,,,2025/8/1,,,
360673752,2025/8/1 2:19,Spot Lead,Transaction Fee,BTC,-0.00039811,,,,,2025/8/1,,,
360673752,2025/8/1 2:19,Spot Lead,Transaction Spend,USDT,-32428.86295,,,,,2025/8/1,,,
360673752,2025/8/1 2:19,Spot Lead,Transaction Spend,USDT,-816.562424,,,,,2025/8/1,,,
360673752,2025/8/1 2:19,Spot Lead,Transaction Fee,BTC,-0.00000706,,,,,2025/8/1,,,
360673752,2025/8/1 2:19,Spot Lead,Transaction Buy,BTC,0.00706,,,,,2025/8/1,,,
360673752,2025/8/1 2:19,Spot Lead,Transaction Spend,USDT,-5031.2274,,,,,2025/8/1,,,
360673752,2025/8/1 2:19,Spot Lead,Transaction Buy,BTC,0.28038,,,,,2025/8/1,,,
360673752,2025/8/1 2:19,Spot Lead,Transaction Buy,BTC,0.01294,,,,,2025/8/1,,,
360673752,2025/8/1 2:19,Spot Lead,Transaction Spend,USDT,-46045.56184,,,,,2025/8/1,,,
360673752,2025/8/1 2:19,Spot Lead,Transaction Fee,BTC,-0.00028038,,,,,2025/8/1,,,
360673752,2025/8/1 2:19,Spot Lead,Transaction Spend,USDT,-3928.983788,,,,,2025/8/1,,,
360673752,2025/8/1 2:19,Spot Lead,Transaction Fee,BTC,-0.00011622,,,,,2025/8/1,,,
360673752,2025/8/1 2:19,Spot Lead,Transaction Buy,BTC,0.11622,,,,,2025/8/1,,,
360673752,2025/8/1 2:19,Spot Lead,Transaction Fee,BTC,-0.0000435,,,,,2025/8/1,,,
360673752,2025/8/1 2:19,Spot Lead,Transaction Buy,BTC,0.39811,,,,,2025/8/1,,,
360673752,2025/8/1 2:19,Spot Lead,Transaction Spend,USDT,-12470.50433,,,,,2025/8/1,,,
360673752,2025/8/1 2:19,Spot Lead,Transaction Buy,BTC,0.10782,,,,,2025/8/1,,,
360673752,2025/8/1 2:19,Spot Lead,Transaction Spend,USDT,-1496.645576,,,,,2025/8/1,,,
360673752,2025/8/1 2:19,Spot Lead,Transaction Fee,BTC,-0.00003397,,,,,2025/8/1,,,
360673752,2025/8/1 2:19,Spot Lead,Transaction Fee,BTC,-0.00010782,,,,,2025/8/1,,,
360673752,2025/8/1 2:19,Spot Lead,Transaction Fee,BTC,-0.00001294,,,,,2025/8/1,,,
360673752,2025/8/1 2:19,Spot Lead,Transaction Buy,BTC,0.0435,,,,,2025/8/1,,,
360673752,2025/8/1 2:19,Spot Lead,Transaction Buy,BTC,0.03397,,,,,2025/8/1,,,
360673752,2025/8/1 2:20,Spot Lead,Transaction Spend,USDT,-5.7857875,,,,,2025/8/1,,,
360673752,2025/8/1 2:20,Spot Lead,Transaction Fee,BTC,-0.00017995,,,,,2025/8/1,,,
360673752,2025/8/1 2:20,Spot Lead,Transaction Buy,BTC,0.0318,,,,,2025/8/1,,,
360673752,2025/8/1 2:20,Spot Lead,Transaction Spend,USDT,-5.7857875,,,,,2025/8/1,,,
360673752,2025/8/1 2:20,Spot Lead,Transaction Fee,BTC,-5.00E-08,,,,,2025/8/1,,,
360673752,2025/8/1 2:20,Spot Lead,Transaction Fee,BTC,-0.0000011,,,,,2025/8/1,,,
360673752,2025/8/1 2:20,Spot Lead,Transaction Buy,BTC,0.00005,,,,,2025/8/1,,,
360673752,2025/8/1 2:20,Spot Lead,Transaction Fee,BTC,-5.50E-07,,,,,2025/8/1,,,
360673752,2025/8/1 2:20,Spot Lead,Transaction Fee,BTC,-0.0000318,,,,,2025/8/1,,,
360673752,2025/8/1 2:20,Spot Lead,Transaction Buy,BTC,0.26057,,,,,2025/8/1,,,
360673752,2025/8/1 2:20,Spot Lead,Transaction Fee,BTC,-0.00041724,,,,,2025/8/1,,,
360673752,2025/8/1 2:20,Spot Lead,Transaction Fee,BTC,-0.00010308,,,,,2025/8/1,,,
360673752,2025/8/1 2:20,Spot Lead,Transaction Fee,BTC,-5.00E-08,,,,,2025/8/1,,,
360673752,2025/8/1 2:20,Spot Lead,Transaction Buy,BTC,0.00005,,,,,2025/8/1,,,
360673752,2025/8/1 2:20,Spot Lead,Transaction Buy,BTC,0.00005,,,,,2025/8/1,,,
360673752,2025/8/1 2:20,Spot Lead,Transaction Buy,BTC,0.00005,,,,,2025/8/1,,,
360673752,2025/8/1 2:20,Spot Lead,Transaction Spend,USDT,-5.7857875,,,,,2025/8/1,,,
360673752,2025/8/1 2:20,Spot Lead,Transaction Fee,BTC,-8.40E-07,,,,,2025/8/1,,,
360673752,2025/8/1 2:20,Spot Lead,Transaction Buy,BTC,0.00005,,,,,2025/8/1,,,
360673752,2025/8/1 2:20,Spot Lead,Transaction Fee,BTC,-0.00026057,,,,,2025/8/1,,,
360673752,2025/8/1 2:20,Spot Lead,Transaction Spend,USDT,-5.7857875,,,,,2025/8/1,,,
360673752,2025/8/1 2:20,Spot Lead,Transaction Fee,BTC,-5.00E-08,,,,,2025/8/1,,,
360673752,2025/8/1 2:20,Spot Lead,Transaction Spend,USDT,-5.7857875,,,,,2025/8/1,,,
360673752,2025/8/1 2:20,Spot Lead,Transaction Spend,USDT,-173.573625,,,,,2025/8/1,,,
360673752,2025/8/1 2:20,Spot Lead,Transaction Fee,BTC,-1.00E-07,,,,,2025/8/1,,,
360673752,2025/8/1 2:20,Spot Lead,Transaction Buy,BTC,0.17995,,,,,2025/8/1,,,
360673752,2025/8/1 2:20,Spot Lead,Transaction Buy,BTC,0.00005,,,,,2025/8/1,,,
360673752,2025/8/1 2:20,Spot Lead,Transaction Buy,BTC,0.00005,,,,,2025/8/1,,,
360673752,2025/8/1 2:20,Spot Lead,Transaction Spend,USDT,-97.20123,,,,,2025/8/1,,,
360673752,2025/8/1 2:20,Spot Lead,Transaction Spend,USDT,-5.7857875,,,,,2025/8/1,,,
360673752,2025/8/1 2:20,Spot Lead,Transaction Fee,BTC,-5.00E-08,,,,,2025/8/1,,,
360673752,2025/8/1 2:20,Spot Lead,Transaction Spend,USDT,-48281.23953,,,,,2025/8/1,,,
360673752,2025/8/1 2:20,Spot Lead,Transaction Fee,BTC,-5.00E-08,,,,,2025/8/1,,,
360673752,2025/8/1 2:20,Spot Lead,Transaction Spend,USDT,-97.20123,,,,,2025/8/1,,,
360673752,2025/8/1 2:20,Spot Lead,Transaction Spend,USDT,-5.7857875,,,,,2025/8/1,,,
360673752,2025/8/1 2:20,Spot Lead,Transaction Spend,USDT,-5.7857875,,,,,2025/8/1,,,
360673752,2025/8/1 2:20,Spot Lead,Transaction Fee,BTC,-5.00E-08,,,,,2025/8/1,,,
360673752,2025/8/1 2:20,Spot Lead,Transaction Fee,BTC,-5.00E-08,,,,,2025/8/1,,,
360673752,2025/8/1 2:20,Spot Lead,Transaction Spend,USDT,-127.287325,,,,,2025/8/1,,,
360673752,2025/8/1 2:20,Spot Lead,Transaction Spend,USDT,-97.20123,,,,,2025/8/1,,,
360673752,2025/8/1 2:20,Spot Lead,Transaction Fee,BTC,-5.00E-08,,,,,2025/8/1,,,
360673752,2025/8/1 2:20,Spot Lead,Transaction Buy,BTC,0.00005,,,,,2025/8/1,,,
360673752,2025/8/1 2:20,Spot Lead,Transaction Buy,BTC,0.00005,,,,,2025/8/1,,,
360673752,2025/8/1 2:20,Spot Lead,Transaction Fee,BTC,-5.00E-08,,,,,2025/8/1,,,
360673752,2025/8/1 2:20,Spot Lead,Transaction Buy,BTC,0.41724,,,,,2025/8/1,,,
360673752,2025/8/1 2:20,Spot Lead,Transaction Buy,BTC,0.00005,,,,,2025/8/1,,,
360673752,2025/8/1 2:20,Spot Lead,Transaction Buy,BTC,0.00084,,,,,2025/8/1,,,
360673752,2025/8/1 2:20,Spot Lead,Transaction Spend,USDT,-11.571575,,,,,2025/8/1,,,
360673752,2025/8/1 2:20,Spot Lead,Transaction Buy,BTC,0.00005,,,,,2025/8/1,,,
360673752,2025/8/1 2:20,Spot Lead,Transaction Spend,USDT,-5.7857875,,,,,2025/8/1,,,
360673752,2025/8/1 2:20,Spot Lead,Transaction Spend,USDT,-5.7857875,,,,,2025/8/1,,,
360673752,2025/8/1 2:20,Spot Lead,Transaction Buy,BTC,0.00005,,,,,2025/8/1,,,
360673752,2025/8/1 2:20,Spot Lead,Transaction Spend,USDT,-63.6436625,,,,,2025/8/1,,,
360673752,2025/8/1 2:20,Spot Lead,Transaction Fee,BTC,-5.00E-08,,,,,2025/8/1,,,
360673752,2025/8/1 2:20,Spot Lead,Transaction Spend,USDT,-5.7857875,,,,,2025/8/1,,,
360673752,2025/8/1 2:20,Spot Lead,Transaction Buy,BTC,0.00005,,,,,2025/8/1,,,
360673752,2025/8/1 2:20,Spot Lead,Transaction Spend,USDT,-97.20123,,,,,2025/8/1,,,
360673752,2025/8/1 2:20,Spot Lead,Transaction Fee,BTC,-8.40E-07,,,,,2025/8/1,,,
360673752,2025/8/1 2:20,Spot Lead,Transaction Fee,BTC,-5.00E-08,,,,,2025/8/1,,,
360673752,2025/8/1 2:20,Spot Lead,Transaction Spend,USDT,-30152.05298,,,,,2025/8/1,,,
360673752,2025/8/1 2:20,Spot Lead,Transaction Fee,BTC,-5.00E-08,,,,,2025/8/1,,,
360673752,2025/8/1 2:20,Spot Lead,Transaction Spend,USDT,-20823.04921,,,,,2025/8/1,,,
360673752,2025/8/1 2:20,Spot Lead,Transaction Spend,USDT,-3679.76085,,,,,2025/8/1,,,
360673752,2025/8/1 2:20,Spot Lead,Transaction Buy,BTC,0.00005,,,,,2025/8/1,,,
360673752,2025/8/1 2:20,Spot Lead,Transaction Buy,BTC,0.0015,,,,,2025/8/1,,,
360673752,2025/8/1 2:20,Spot Lead,Transaction Spend,USDT,-5.7857875,,,,,2025/8/1,,,
360673752,2025/8/1 2:20,Spot Lead,Transaction Spend,USDT,-11927.97951,,,,,2025/8/1,,,
360673752,2025/8/1 2:20,Spot Lead,Transaction Spend,USDT,-5.7857875,,,,,2025/8/1,,,
360673752,2025/8/1 2:20,Spot Lead,Transaction Spend,USDT,-5.7857875,,,,,2025/8/1,,,
360673752,2025/8/1 2:20,Spot Lead,Transaction Buy,BTC,0.00084,,,,,2025/8/1,,,
360673752,2025/8/1 2:20,Spot Lead,Transaction Fee,BTC,-5.00E-08,,,,,2025/8/1,,,
360673752,2025/8/1 2:20,Spot Lead,Transaction Buy,BTC,0.00055,,,,,2025/8/1,,,
360673752,2025/8/1 2:20,Spot Lead,Transaction Buy,BTC,0.0001,,,,,2025/8/1,,,
360673752,2025/8/1 2:20,Spot Lead,Transaction Buy,BTC,0.00005,,,,,2025/8/1,,,
360673752,2025/8/1 2:20,Spot Lead,Transaction Buy,BTC,0.10308,,,,,2025/8/1,,,
360673752,2025/8/1 2:20,Spot Lead,Transaction Buy,BTC,0.00084,,,,,2025/8/1,,,
360673752,2025/8/1 2:20,Spot Lead,Transaction Fee,BTC,-8.40E-07,,,,,2025/8/1,,,
360673752,2025/8/1 2:20,Spot Lead,Transaction Fee,BTC,-5.00E-08,,,,,2025/8/1,,,
360673752,2025/8/1 2:20,Spot Lead,Transaction Buy,BTC,0.00084,,,,,2025/8/1,,,
360673752,2025/8/1 2:20,Spot Lead,Transaction Fee,BTC,-5.00E-08,,,,,2025/8/1,,,
360673752,2025/8/1 2:20,Spot Lead,Transaction Fee,BTC,-0.0000015,,,,,2025/8/1,,,
360673752,2025/8/1 2:20,Spot Lead,Transaction Fee,BTC,-8.40E-07,,,,,2025/8/1,,,
360673752,2025/8/1 2:20,Spot Lead,Transaction Buy,BTC,0.0011,,,,,2025/8/1,,,
360673752,2025/8/1 2:20,Spot Lead,Transaction Spend,USDT,-5.7857875,,,,,2025/8/1,,,
360673752,2025/8/1 2:21,Spot Lead,Transaction Spend,USDT,-39040.71375,,,,,2025/8/1,,,
360673752,2025/8/1 2:21,Spot Lead,Transaction Buy,BTC,0.33729,,,,,2025/8/1,,,
360673752,2025/8/1 2:21,Spot Lead,Transaction Buy,BTC,0.02877,,,,,2025/8/1,,,
360673752,2025/8/1 2:21,Spot Lead,Transaction Fee,BTC,-0.00002877,,,,,2025/8/1,,,
360673752,2025/8/1 2:21,Spot Lead,Transaction Fee,BTC,-0.00033729,,,,,2025/8/1,,,
360673752,2025/8/1 2:21,Spot Lead,Transaction Spend,USDT,-3330.076002,,,,,2025/8/1,,,
360673752,2025/8/1 8:00,USD-M Futures,Funding Fee,USDT,-0.16393484,,,,,2025/8/1,,,
360673752,2025/8/1 16:00,USD-M Futures,Funding Fee,USDT,-0.60264545,,,,,2025/8/1,,,
360673752,2025/8/2 0:00,USD-M Futures,Funding Fee,USDT,-0.50113044,,,,,2025/8/2,,,
360673752,2025/8/2 8:00,USD-M Futures,Funding Fee,USDT,-0.09369725,,,,,2025/8/2,,,
360673752,2025/8/2 16:00,USD-M Futures,Funding Fee,USDT,-0.46044798,,,,,2025/8/2,,,
360673752,2025/8/3 0:00,USD-M Futures,Funding Fee,USDT,-0.58306611,,,,,2025/8/3,,,
360673752,2025/8/3 8:00,USD-M Futures,Funding Fee,USDT,-0.47394931,,,,,2025/8/3,,,
360673752,2025/8/3 16:00,USD-M Futures,Funding Fee,USDT,-0.78636622,,,,,2025/8/3,,,
360673752,2025/8/4 0:00,USD-M Futures,Funding Fee,USDT,-0.43981865,,,,,2025/8/4,,,
360673752,2025/8/4 5:30,Spot,Copy Portfolio (Spot) - Leader Trading Fee Comission,USDT,0.01680608,Binance Copy Trading,,,,2025/8/4,,,
360673752,2025/8/4 5:31,Spot,Copy Portfolio (Spot) - Leader Trading Fee Comission,BTC,0.00003311,Binance Copy Trading,,,,2025/8/4,,,
360673752,2025/8/4 8:00,USD-M Futures,Funding Fee,USDT,-0.60300191,,,,,2025/8/4,,,
360673752,2025/8/4 16:00,USD-M Futures,Funding Fee,USDT,-0.41307822,,,,,2025/8/4,,,
360673752,2025/8/5 0:00,USD-M Futures,Funding Fee,USDT,-0.75129951,,,,,2025/8/5,,,
360673752,2025/8/5 8:00,USD-M Futures,Funding Fee,USDT,-0.9002193,,,,,2025/8/5,,,
360673752,2025/8/5 16:00,USD-M Futures,Funding Fee,USDT,-0.49686065,,,,,2025/8/5,,,
360673752,2025/8/6 0:00,USD-M Futures,Funding Fee,USDT,-0.54280748,,,,,2025/8/6,,,
360673752,2025/8/6 8:00,USD-M Futures,Funding Fee,USDT,-0.97430223,,,,,2025/8/6,,,
360673752,2025/8/6 16:00,USD-M Futures,Funding Fee,USDT,-0.87984294,,,,,2025/8/6,,,
360673752,2025/8/7 0:00,USD-M Futures,Funding Fee,USDT,-0.51214534,,,,,2025/8/7,,,
360673752,2025/8/7 8:00,USD-M Futures,Funding Fee,USDT,-0.79959554,,,,,2025/8/7,,,
360673752,2025/8/7 16:00,USD-M Futures,Funding Fee,USDT,-0.67333154,,,,,2025/8/7,,,
360673752,2025/8/8 0:00,USD-M Futures,Funding Fee,USDT,-0.25958721,,,,,2025/8/8,,,
360673752,2025/8/8 8:00,USD-M Futures,Funding Fee,USDT,-0.18574867,,,,,2025/8/8,,,
360673752,2025/8/8 16:00,USD-M Futures,Funding Fee,USDT,-0.85213087,,,,,2025/8/8,,,
360673752,2025/8/9 0:00,USD-M Futures,Funding Fee,USDT,-0.94797733,,,,,2025/8/9,,,
360673752,2025/8/9 8:00,USD-M Futures,Funding Fee,USDT,-0.97564342,,,,,2025/8/9,,,
360673752,2025/8/9 16:00,USD-M Futures,Funding Fee,USDT,-0.55369073,,,,,2025/8/9,,,
360673752,2025/8/9 21:45,Spot,Copy Portfolio (Spot) - Profit Sharing with Leader,USDT,0.05718392,Binance Copy Trading,,,,2025/8/9,,,
360673752,2025/8/10 0:00,USD-M Futures,Funding Fee,USDT,-1.05490905,,,,,2025/8/10,,,
360673752,2025/8/10 8:00,USD-M Futures,Funding Fee,USDT,-1.08348492,,,,,2025/8/10,,,
360673752,2025/8/10 16:00,USD-M Futures,Funding Fee,USDT,-1.09271343,,,,,2025/8/10,,,
360673752,2025/8/10 18:56,Spot,Copy Portfolio (Spot) - Profit Sharing with Leader,USDT,0.1179456,Binance Copy Trading,,,,2025/8/10,,,
360673752,2025/8/11 0:00,USD-M Futures,Funding Fee,USDT,-1.09714876,,,,,2025/8/11,,,
360673752,2025/8/11 5:30,Spot,Copy Portfolio (Spot) - Leader Trading Fee Comission,USDT,0.09844989,Binance Copy Trading,,,,2025/8/11,,,
360673752,2025/8/11 8:00,USD-M Futures,Funding Fee,USDT,-1.11810806,,,,,2025/8/11,,,
360673752,2025/8/11 16:00,USD-M Futures,Funding Fee,USDT,-1.10654791,,,,,2025/8/11,,,
360673752,2025/8/12 0:00,USD-M Futures,Funding Fee,USDT,-1.09150758,,,,,2025/8/12,,,
360673752,2025/8/12 8:00,USD-M Futures,Funding Fee,USDT,-0.87402577,,,,,2025/8/12,,,
360673752,2025/8/12 16:00,USD-M Futures,Funding Fee,USDT,-0.94226614,,,,,2025/8/12,,,
360673752,2025/8/13 0:00,USD-M Futures,Funding Fee,USDT,-0.78691,,,,,2025/8/13,,,
360673752,2025/8/13 8:00,USD-M Futures,Funding Fee,USDT,-1.09982973,,,,,2025/8/13,,,
360673752,2025/8/13 16:00,USD-M Futures,Funding Fee,USDT,-1.11234588,,,,,2025/8/13,,,
360673752,2025/8/13 23:02,USD-M Futures,Fee,USDT,-5.6578068,TradeID - 6552068283,,,,2025/8/13,,,
360673752,2025/8/13 23:02,USD-M Futures,Realized Profit and Loss,USDT,683.008,TradeID - 6552068283,,,,2025/8/13,,,
360673752,2025/8/13 23:03,Spot Lead,Transaction Fee,USDT,-16.75689166,,,,,2025/8/13,,,
360673752,2025/8/13 23:03,Spot Lead,Transaction Revenue,USDT,16756.89166,,,,,2025/8/13,,,
360673752,2025/8/13 23:03,Spot Lead,Transaction Revenue,USDT,160430.6284,,,,,2025/8/13,,,
360673752,2025/8/13 23:03,Spot Lead,Transaction Revenue,USDT,26181.10533,,,,,2025/8/13,,,
360673752,2025/8/13 23:03,Spot Lead,Transaction Sold,BTC,-0.1362,,,,,2025/8/13,,,
360673752,2025/8/13 23:03,Spot Lead,Transaction Fee,USDT,-0.0492126,,,,,2025/8/13,,,
360673752,2025/8/13 23:03,Spot Lead,Transaction Fee,USDT,-160.4306284,,,,,2025/8/13,,,
360673752,2025/8/13 23:03,Spot Lead,Transaction Revenue,USDT,49.212604,,,,,2025/8/13,,,
360673752,2025/8/13 23:03,Spot Lead,Transaction Sold,BTC,-1.30398,,,,,2025/8/13,,,
360673752,2025/8/13 23:03,Spot Lead,Transaction Fee,USDT,-1.63631908,,,,,2025/8/13,,,
360673752,2025/8/13 23:03,Spot Lead,Transaction Sold,BTC,-0.30484,,,,,2025/8/13,,,
360673752,2025/8/13 23:03,Spot Lead,Transaction Sold,BTC,-0.0133,,,,,2025/8/13,,,
360673752,2025/8/13 23:03,Spot Lead,Transaction Revenue,USDT,1636.319083,,,,,2025/8/13,,,
360673752,2025/8/13 23:03,Spot Lead,Transaction Revenue,USDT,37504.92551,,,,,2025/8/13,,,
360673752,2025/8/13 23:03,Spot Lead,Transaction Sold,BTC,-0.0004,,,,,2025/8/13,,,
360673752,2025/8/13 23:03,Spot Lead,Transaction Revenue,USDT,48249.26728,,,,,2025/8/13,,,
360673752,2025/8/13 23:03,Spot Lead,Transaction Sold,BTC,-0.2128,,,,,2025/8/13,,,
360673752,2025/8/13 23:03,Spot Lead,Transaction Fee,USDT,-26.18110533,,,,,2025/8/13,,,
360673752,2025/8/13 23:03,Spot Lead,Transaction Sold,BTC,-0.39217,,,,,2025/8/13,,,
360673752,2025/8/13 23:03,Spot Lead,Transaction Fee,USDT,-37.50492551,,,,,2025/8/13,,,
360673752,2025/8/13 23:03,Spot Lead,Transaction Fee,USDT,-48.24926728,,,,,2025/8/13,,,
360673752,2025/8/14 0:49,Spot,Copy Portfolio (Spot) - Profit Sharing with Leader,USDT,0.02205309,Binance Copy Trading,,,,2025/8/14,,,
360673752,2025/8/14 1:36,Spot,Copy Portfolio (Spot) - Profit Sharing with Leader,USDT,0.49714457,Binance Copy Trading,,,,2025/8/14,,,
360673752,2025/8/14 6:03,Spot,Lead Portfolio (Spot) - Withdraw,USDT,10000,Binance Copy Trading,,,,2025/8/14,,,
360673752,2025/8/14 6:03,Spot Lead,Lead Portfolio (Spot) - Withdraw,USDT,-10000,Binance Copy Trading,,,,2025/8/14,,,
360673752,2025/8/14 10:27,Spot,Copy Portfolio (Spot) - Profit Sharing with Leader,USDT,0.49714457,Binance Copy Trading,,,,2025/8/14,,,
360673752,2025/8/16 8:37,Spot,Lead Portfolio (UM) - Create,USDT,-10001.3,Binance Copy Trading,,,,2025/8/16,,,
360673752,2025/8/16 8:37,USD-M Futures,Lead Portfolio (UM) - Create/Close Transfer,USDT,10001.3,Binance Copy Trading,,,,2025/8/16,,,
360673752,2025/8/16 10:54,Spot,Lead Portfolio (Spot) - Withdraw,USDT,270000,Binance Copy Trading,,,,2025/8/16,,,
360673752,2025/8/16 10:54,Spot Lead,Lead Portfolio (Spot) - Withdraw,USDT,-270000,Binance Copy Trading,,,,2025/8/16,,,
360673752,2025/8/16 10:55,Spot,Lead Portfolio (UM) - Deposit,USDT,-270000.0067,Binance Copy Trading,,,,2025/8/16,,,
360673752,2025/8/16 10:55,USD-M Futures,Lead Portfolio (UM) - Create/Close Transfer,USDT,270000.0067,Binance Copy Trading,,,,2025/8/16,,,
360673752,2025/8/16 10:59,USD-M Futures,Lead Portfolio (UM) - Create/Close Transfer,USDT,-270000,Binance Copy Trading,,,,2025/8/16,,,
360673752,2025/8/16 10:59,Spot,Lead Portfolio (UM) - Withdraw,USDT,270000,Binance Copy Trading,,,,2025/8/16,,,
360673752,2025/8/16 10:59,Spot Lead,Lead Portfolio (Spot) - Deposit,USDT,250000,Binance Copy Trading,,,,2025/8/16,,,
360673752,2025/8/16 10:59,Spot,Lead Portfolio (Spot) - Deposit,USDT,-250000,Binance Copy Trading,,,,2025/8/16,,,
360673752,2025/8/16 10:59,Spot,Lead Portfolio (UM) - Deposit,USDT,-20000,Binance Copy Trading,,,,2025/8/16,,,
360673752,2025/8/16 10:59,USD-M Futures,Lead Portfolio (UM) - Create/Close Transfer,USDT,20000,Binance Copy Trading,,,,2025/8/16,,,
360673752,2025/8/18 0:23,Spot,Copy Portfolio (Spot) - Profit Sharing with Leader,USDT,100.99046,Binance Copy Trading,,,,2025/8/18,,,
360673752,2025/8/18 0:23,Spot,Copy Portfolio (Spot) - Profit Sharing with Leader,USDT,0.42794723,Binance Copy Trading,,,,2025/8/18,,,
360673752,2025/8/18 0:23,Spot,Copy Portfolio (Spot) - Profit Sharing with Leader,USDT,0.08697694,Binance Copy Trading,,,,2025/8/18,,,
360673752,2025/8/18 0:23,Spot,Copy Portfolio (Spot) - Profit Sharing with Leader,USDT,1.70884463,Binance Copy Trading,,,,2025/8/18,,,
360673752,2025/8/18 0:23,Spot,Copy Portfolio (Spot) - Profit Sharing with Leader,USDT,0.03821023,Binance Copy Trading,,,,2025/8/18,,,
360673752,2025/8/18 0:23,Spot,Copy Portfolio (Spot) - Profit Sharing with Leader,USDT,0.03821023,Binance Copy Trading,,,,2025/8/18,,,
360673752,2025/8/18 0:23,Spot,Copy Portfolio (Spot) - Profit Sharing with Leader,USDT,0.03821023,Binance Copy Trading,,,,2025/8/18,,,
360673752,2025/8/18 0:23,Spot,Copy Portfolio (Spot) - Profit Sharing with Leader,USDT,0.05610223,Binance Copy Trading,,,,2025/8/18,,,
360673752,2025/8/18 0:23,Spot,Copy Portfolio (Spot) - Profit Sharing with Leader,USDT,0.67772182,Binance Copy Trading,,,,2025/8/18,,,
360673752,2025/8/18 0:23,Spot,Copy Portfolio (Spot) - Profit Sharing with Leader,USDT,26.91485865,Binance Copy Trading,,,,2025/8/18,,,
360673752,2025/8/18 0:23,Spot,Copy Portfolio (Spot) - Profit Sharing with Leader,USDT,1.2690152,Binance Copy Trading,,,,2025/8/18,,,
360673752,2025/8/18 0:23,Spot,Copy Portfolio (Spot) - Profit Sharing with Leader,USDT,8.99092082,Binance Copy Trading,,,,2025/8/18,,,
360673752,2025/8/18 0:23,Spot,Copy Portfolio (Spot) - Profit Sharing with Leader,USDT,3.18693093,Binance Copy Trading,,,,2025/8/18,,,
360673752,2025/8/18 0:23,Spot,Copy Portfolio (Spot) - Profit Sharing with Leader,USDT,1.2690152,Binance Copy Trading,,,,2025/8/18,,,
360673752,2025/8/18 0:23,Spot,Copy Portfolio (Spot) - Profit Sharing with Leader,USDT,0.62733193,Binance Copy Trading,,,,2025/8/18,,,
360673752,2025/8/18 0:23,Spot,Copy Portfolio (Spot) - Profit Sharing with Leader,USDT,0.95170979,Binance Copy Trading,,,,2025/8/18,,,
360673752,2025/8/18 0:23,Spot,Copy Portfolio (Spot) - Profit Sharing with Leader,USDT,1.91075547,Binance Copy Trading,,,,2025/8/18,,,
360673752,2025/8/18 0:23,Spot,Copy Portfolio (Spot) - Profit Sharing with Leader,USDT,0.139027,Binance Copy Trading,,,,2025/8/18,,,
360673752,2025/8/18 0:23,Spot,Copy Portfolio (Spot) - Profit Sharing with Leader,USDT,0.62733193,Binance Copy Trading,,,,2025/8/18,,,
360673752,2025/8/18 0:23,Spot,Copy Portfolio (Spot) - Profit Sharing with Leader,USDT,0.62733193,Binance Copy Trading,,,,2025/8/18,,,
360673752,2025/8/18 0:23,Spot,Copy Portfolio (Spot) - Profit Sharing with Leader,USDT,0.62733193,Binance Copy Trading,,,,2025/8/18,,,
360673752,2025/8/18 0:23,Spot,Copy Portfolio (Spot) - Profit Sharing with Leader,USDT,0.36719006,Binance Copy Trading,,,,2025/8/18,,,
360673752,2025/8/18 0:23,Spot,Copy Portfolio (Spot) - Profit Sharing with Leader,USDT,0.82196389,Binance Copy Trading,,,,2025/8/18,,,
360673752,2025/8/18 0:24,Spot,Copy Portfolio (Spot) - Profit Sharing with Leader,USDT,0.139027,Binance Copy Trading,,,,2025/8/18,,,
360673752,2025/8/18 0:24,Spot,Copy Portfolio (Spot) - Profit Sharing with Leader,USDT,2.58128623,Binance Copy Trading,,,,2025/8/18,,,
360673752,2025/8/18 0:24,Spot,Copy Portfolio (Spot) - Profit Sharing with Leader,USDT,0.62733193,Binance Copy Trading,,,,2025/8/18,,,
360673752,2025/8/18 0:24,Spot,Copy Portfolio (Spot) - Profit Sharing with Leader,USDT,0.6344922,Binance Copy Trading,,,,2025/8/18,,,
360673752,2025/8/18 0:24,Spot,Copy Portfolio (Spot) - Profit Sharing with Leader,USDT,3.18693093,Binance Copy Trading,,,,2025/8/18,,,
360673752,2025/8/18 0:24,Spot,Copy Portfolio (Spot) - Profit Sharing with Leader,USDT,0.00030885,Binance Copy Trading,,,,2025/8/18,,,
360673752,2025/8/18 0:24,Spot,Copy Portfolio (Spot) - Profit Sharing with Leader,USDT,2.99191452,Binance Copy Trading,,,,2025/8/18,,,
360673752,2025/8/18 0:24,Spot,Copy Portfolio (Spot) - Profit Sharing with Leader,USDT,0.49714457,Binance Copy Trading,,,,2025/8/18,,,
360673752,2025/8/18 0:24,Spot,Copy Portfolio (Spot) - Profit Sharing with Leader,USDT,0.49714457,Binance Copy Trading,,,,2025/8/18,,,
360673752,2025/8/18 0:24,Spot,Copy Portfolio (Spot) - Profit Sharing with Leader,USDT,1.74452955,Binance Copy Trading,,,,2025/8/18,,,
360673752,2025/8/18 0:24,Spot,Copy Portfolio (Spot) - Profit Sharing with Leader,USDT,2.99191452,Binance Copy Trading,,,,2025/8/18,,,
360673752,2025/8/18 0:24,Spot,Copy Portfolio (Spot) - Profit Sharing with Leader,USDT,0.98748251,Binance Copy Trading,,,,2025/8/18,,,
360673752,2025/8/18 0:24,Spot,Copy Portfolio (Spot) - Profit Sharing with Leader,USDT,0.49714457,Binance Copy Trading,,,,2025/8/18,,,
360673752,2025/8/18 0:24,Spot,Copy Portfolio (Spot) - Profit Sharing with Leader,USDT,24.42724896,Binance Copy Trading,,,,2025/8/18,,,
360673752,2025/8/18 0:24,Spot,Copy Portfolio (Spot) - Profit Sharing with Leader,USDT,0.49714457,Binance Copy Trading,,,,2025/8/18,,,
360673752,2025/8/18 0:24,Spot,Copy Portfolio (Spot) - Profit Sharing with Leader,USDT,0.0578374,Binance Copy Trading,,,,2025/8/18,,,
360673752,2025/8/18 0:24,Spot,Copy Portfolio (Spot) - Profit Sharing with Leader,USDT,0.04988684,Binance Copy Trading,,,,2025/8/18,,,
360673752,2025/8/18 0:25,Spot,Copy Portfolio (Spot) - Profit Sharing with Leader,USDT,2.99191452,Binance Copy Trading,,,,2025/8/18,,,
360673752,2025/8/18 0:25,Spot,Copy Portfolio (Spot) - Profit Sharing with Leader,USDT,0.80720189,Binance Copy Trading,,,,2025/8/18,,,
360673752,2025/8/18 0:25,Spot,Copy Portfolio (Spot) - Profit Sharing with Leader,USDT,0.05829348,Binance Copy Trading,,,,2025/8/18,,,
360673752,2025/8/18 0:25,Spot,Copy Portfolio (Spot) - Profit Sharing with Leader,USDT,0.18699943,Binance Copy Trading,,,,2025/8/18,,,
360673752,2025/8/18 0:25,Spot,Copy Portfolio (Spot) - Profit Sharing with Leader,USDT,0.49714457,Binance Copy Trading,,,,2025/8/18,,,
360673752,2025/8/18 0:25,Spot,Copy Portfolio (Spot) - Profit Sharing with Leader,USDT,0.04988684,Binance Copy Trading,,,,2025/8/18,,,
360673752,2025/8/18 0:25,Spot,Copy Portfolio (Spot) - Profit Sharing with Leader,USDT,0.49714457,Binance Copy Trading,,,,2025/8/18,,,
360673752,2025/8/18 0:25,Spot,Copy Portfolio (Spot) - Profit Sharing with Leader,USDT,0.69180733,Binance Copy Trading,,,,2025/8/18,,,
360673752,2025/8/18 0:25,Spot,Copy Portfolio (Spot) - Profit Sharing with Leader,USDT,0.1362845,Binance Copy Trading,,,,2025/8/18,,,
360673752,2025/8/18 0:25,Spot,Copy Portfolio (Spot) - Profit Sharing with Leader,USDT,0.49714457,Binance Copy Trading,,,,2025/8/18,,,
360673752,2025/8/18 0:25,Spot,Copy Portfolio (Spot) - Profit Sharing with Leader,USDT,1.11722842,Binance Copy Trading,,,,2025/8/18,,,
360673752,2025/8/18 0:25,Spot,Copy Portfolio (Spot) - Profit Sharing with Leader,USDT,12.21362448,Binance Copy Trading,,,,2025/8/18,,,
360673752,2025/8/18 0:25,Spot,Copy Portfolio (Spot) - Profit Sharing with Leader,USDT,0.49714457,Binance Copy Trading,,,,2025/8/18,,,
360673752,2025/8/18 0:25,Spot,Copy Portfolio (Spot) - Profit Sharing with Leader,USDT,0.04988684,Binance Copy Trading,,,,2025/8/18,,,
360673752,2025/8/18 0:25,Spot,Copy Portfolio (Spot) - Profit Sharing with Leader,USDT,0.80720189,Binance Copy Trading,,,,2025/8/18,,,
360673752,2025/8/18 0:25,Spot,Copy Portfolio (Spot) - Profit Sharing with Leader,USDT,0.04988684,Binance Copy Trading,,,,2025/8/18,,,
360673752,2025/8/18 0:25,Spot,Copy Portfolio (Spot) - Profit Sharing with Leader,USDT,0.19475275,Binance Copy Trading,,,,2025/8/18,,,
360673752,2025/8/18 0:25,Spot,Copy Portfolio (Spot) - Profit Sharing with Leader,USDT,0.80720189,Binance Copy Trading,,,,2025/8/18,,,
360673752,2025/8/18 0:25,Spot,Copy Portfolio (Spot) - Profit Sharing with Leader,USDT,0.80586638,Binance Copy Trading,,,,2025/8/18,,,
360673752,2025/8/18 0:25,Spot,Copy Portfolio (Spot) - Profit Sharing with Leader,USDT,0.24428158,Binance Copy Trading,,,,2025/8/18,,,
360673752,2025/8/18 0:25,Spot,Copy Portfolio (Spot) - Profit Sharing with Leader,USDT,0.80720189,Binance Copy Trading,,,,2025/8/18,,,
360673752,2025/8/18 0:26,Spot,Copy Portfolio (Spot) - Profit Sharing with Leader,USDT,0.49714457,Binance Copy Trading,,,,2025/8/18,,,
360673752,2025/8/18 0:26,Spot,Copy Portfolio (Spot) - Profit Sharing with Leader,USDT,2.64584944,Binance Copy Trading,,,,2025/8/18,,,
360673752,2025/8/18 0:26,Spot,Copy Portfolio (Spot) - Profit Sharing with Leader,USDT,1.71568205,Binance Copy Trading,,,,2025/8/18,,,
360673752,2025/8/18 0:26,Spot,Copy Portfolio (Spot) - Profit Sharing with Leader,USDT,1.11722842,Binance Copy Trading,,,,2025/8/18,,,
360673752,2025/8/18 2:17,USD-M Futures,Fee,USDT,-0.05791515,TradeID - 6562371997,,,,2025/8/18,,,
360673752,2025/8/18 2:17,USD-M Futures,Fee,USDT,-0.1158303,TradeID - 6562371995,,,,2025/8/18,,,
360673752,2025/8/18 2:17,USD-M Futures,Fee,USDT,-11.06179365,TradeID - 6562371993,,,,2025/8/18,,,
360673752,2025/8/18 2:17,USD-M Futures,Fee,USDT,-0.05791515,TradeID - 6562371996,,,,2025/8/18,,,
360673752,2025/8/18 2:17,USD-M Futures,Fee,USDT,-0.17374545,TradeID - 6562371994,,,,2025/8/18,,,
360673752,2025/8/18 2:17,USD-M Futures,Fee,USDT,-3.88031505,TradeID - 6562371999,,,,2025/8/18,,,
360673752,2025/8/18 2:17,USD-M Futures,Fee,USDT,-0.1158303,TradeID - 6562371998,,,,2025/8/18,,,
360673752,2025/8/18 2:18,Spot Lead,Transaction Buy,BTC,0.00005,,,,,2025/8/18,,,
360673752,2025/8/18 2:18,Spot Lead,Transaction Buy,BTC,0.00005,,,,,2025/8/18,,,
360673752,2025/8/18 2:18,Spot Lead,Transaction Buy,BTC,0.2098,,,,,2025/8/18,,,
360673752,2025/8/18 2:18,Spot Lead,Transaction Spend,USDT,-5.789398,,,,,2025/8/18,,,
360673752,2025/8/18 2:18,Spot Lead,Transaction Spend,USDT,-4999.724113,,,,,2025/8/18,,,
360673752,2025/8/18 2:18,Spot Lead,Transaction Spend,USDT,-5.789398,,,,,2025/8/18,,,
360673752,2025/8/18 2:18,Spot Lead,Transaction Spend,USDT,-5.789398,,,,,2025/8/18,,,
360673752,2025/8/18 2:18,Spot Lead,Transaction Fee,BTC,-5.00E-08,,,,,2025/8/18,,,
360673752,2025/8/18 2:18,Spot Lead,Transaction Fee,BTC,-5.00E-08,,,,,2025/8/18,,,
360673752,2025/8/18 2:18,Spot Lead,Transaction Spend,USDT,-5.789398,,,,,2025/8/18,,,
360673752,2025/8/18 2:18,Spot Lead,Transaction Fee,BTC,-5.00E-08,,,,,2025/8/18,,,
360673752,2025/8/18 2:18,Spot Lead,Transaction Spend,USDT,-1416.086751,,,,,2025/8/18,,,
360673752,2025/8/18 2:18,Spot Lead,Transaction Fee,BTC,-7.70E-07,,,,,2025/8/18,,,
360673752,2025/8/18 2:18,Spot Lead,Transaction Spend,USDT,-5.789398,,,,,2025/8/18,,,
360673752,2025/8/18 2:18,Spot Lead,Transaction Buy,BTC,0.33493,,,,,2025/8/18,,,
360673752,2025/8/18 2:18,Spot Lead,Transaction Buy,BTC,0.00005,,,,,2025/8/18,,,
360673752,2025/8/18 2:18,Spot Lead,Transaction Buy,BTC,0.00005,,,,,2025/8/18,,,
360673752,2025/8/18 2:18,Spot Lead,Transaction Fee,BTC,-5.00E-08,,,,,2025/8/18,,,
360673752,2025/8/18 2:18,Spot Lead,Transaction Fee,BTC,-5.00E-08,,,,,2025/8/18,,,
360673752,2025/8/18 2:18,Spot Lead,Transaction Fee,BTC,-0.00056085,,,,,2025/8/18,,,
360673752,2025/8/18 2:18,Spot Lead,Transaction Buy,BTC,0.36296,,,,,2025/8/18,,,
360673752,2025/8/18 2:18,Spot Lead,Transaction Spend,USDT,-138.945552,,,,,2025/8/18,,,
360673752,2025/8/18 2:18,Spot Lead,Transaction Spend,USDT,-5.789398,,,,,2025/8/18,,,
360673752,2025/8/18 2:18,Spot Lead,Transaction Buy,BTC,0.01223,,,,,2025/8/18,,,
360673752,2025/8/18 2:18,Spot Lead,Transaction Spend,USDT,-5.789398,,,,,2025/8/18,,,
360673752,2025/8/18 2:18,Spot Lead,Transaction Spend,USDT,-24292.31401,,,,,2025/8/18,,,
360673752,2025/8/18 2:18,Spot Lead,Transaction Spend,USDT,-96.1040068,,,,,2025/8/18,,,
360673752,2025/8/18 2:18,Spot Lead,Transaction Spend,USDT,-5.789398,,,,,2025/8/18,,,
360673752,2025/8/18 2:18,Spot Lead,Transaction Spend,USDT,-89.1567292,,,,,2025/8/18,,,
360673752,2025/8/18 2:18,Spot Lead,Transaction Spend,USDT,-38780.86144,,,,,2025/8/18,,,
360673752,2025/8/18 2:18,Spot Lead,Transaction Fee,BTC,-5.00E-08,,,,,2025/8/18,,,
360673752,2025/8/18 2:18,Spot Lead,Transaction Fee,BTC,-0.0000012,,,,,2025/8/18,,,
360673752,2025/8/18 2:18,Spot Lead,Transaction Fee,BTC,-5.00E-08,,,,,2025/8/18,,,
360673752,2025/8/18 2:18,Spot Lead,Transaction Buy,BTC,0.01285,,,,,2025/8/18,,,
360673752,2025/8/18 2:18,Spot Lead,Transaction Fee,BTC,-5.00E-08,,,,,2025/8/18,,,
360673752,2025/8/18 2:18,Spot Lead,Transaction Buy,BTC,0.00005,,,,,2025/8/18,,,
360673752,2025/8/18 2:18,Spot Lead,Transaction Spend,USDT,-11.578796,,,,,2025/8/18,,,
360673752,2025/8/18 2:18,Spot Lead,Transaction Fee,BTC,-5.00E-08,,,,,2025/8/18,,,
360673752,2025/8/18 2:18,Spot Lead,Transaction Fee,BTC,-7.90E-07,,,,,2025/8/18,,,
360673752,2025/8/18 2:18,Spot Lead,Transaction Fee,BTC,-8.30E-07,,,,,2025/8/18,,,
360673752,2025/8/18 2:18,Spot Lead,Transaction Buy,BTC,0.56085,,,,,2025/8/18,,,
360673752,2025/8/18 2:18,Spot Lead,Transaction Buy,BTC,0.00005,,,,,2025/8/18,,,
360673752,2025/8/18 2:18,Spot Lead,Transaction Spend,USDT,-5.789398,,,,,2025/8/18,,,
360673752,2025/8/18 2:18,Spot Lead,Transaction Buy,BTC,0.0012,,,,,2025/8/18,,,
360673752,2025/8/18 2:18,Spot Lead,Transaction Fee,BTC,-0.00004318,,,,,2025/8/18,,,
360673752,2025/8/18 2:18,Spot Lead,Transaction Buy,BTC,0.00005,,,,,2025/8/18,,,
360673752,2025/8/18 2:18,Spot Lead,Transaction Buy,BTC,0.00005,,,,,2025/8/18,,,
360673752,2025/8/18 2:18,Spot Lead,Transaction Spend,USDT,-91.4724884,,,,,2025/8/18,,,
360673752,2025/8/18 2:18,Spot Lead,Transaction Fee,BTC,-5.00E-08,,,,,2025/8/18,,,
360673752,2025/8/18 2:18,Spot Lead,Transaction Buy,BTC,0.00005,,,,,2025/8/18,,,
360673752,2025/8/18 2:18,Spot Lead,Transaction Buy,BTC,0.0001,,,,,2025/8/18,,,
360673752,2025/8/18 2:18,Spot Lead,Transaction Buy,BTC,0.00005,,,,,2025/8/18,,,
360673752,2025/8/18 2:18,Spot Lead,Transaction Spend,USDT,-5.789398,,,,,2025/8/18,,,
360673752,2025/8/18 2:18,Spot Lead,Transaction Fee,BTC,-0.0002023,,,,,2025/8/18,,,
360673752,2025/8/18 2:18,Spot Lead,Transaction Buy,BTC,0.00005,,,,,2025/8/18,,,
360673752,2025/8/18 2:18,Spot Lead,Transaction Buy,BTC,0.04318,,,,,2025/8/18,,,
360673752,2025/8/18 2:18,Spot Lead,Transaction Buy,BTC,0.00005,,,,,2025/8/18,,,
360673752,2025/8/18 2:18,Spot Lead,Transaction Fee,BTC,-0.00001223,,,,,2025/8/18,,,
360673752,2025/8/18 2:18,Spot Lead,Transaction Fee,BTC,-0.00001285,,,,,2025/8/18,,,
360673752,2025/8/18 2:18,Spot Lead,Transaction Spend,USDT,-42026.39796,,,,,2025/8/18,,,
360673752,2025/8/18 2:18,Spot Lead,Transaction Fee,BTC,-0.00050628,,,,,2025/8/18,,,
360673752,2025/8/18 2:18,Spot Lead,Transaction Buy,BTC,0.00083,,,,,2025/8/18,,,
360673752,2025/8/18 2:18,Spot Lead,Transaction Spend,USDT,-1487.875286,,,,,2025/8/18,,,
360673752,2025/8/18 2:18,Spot Lead,Transaction Spend,USDT,-5.789398,,,,,2025/8/18,,,
360673752,2025/8/18 2:18,Spot Lead,Transaction Spend,USDT,-58621.12839,,,,,2025/8/18,,,
360673752,2025/8/18 2:18,Spot Lead,Transaction Fee,BTC,-5.00E-08,,,,,2025/8/18,,,
360673752,2025/8/18 2:18,Spot Lead,Transaction Buy,BTC,0.00005,,,,,2025/8/18,,,
360673752,2025/8/18 2:18,Spot Lead,Transaction Fee,BTC,-5.00E-08,,,,,2025/8/18,,,
360673752,2025/8/18 2:18,Spot Lead,Transaction Buy,BTC,0.00079,,,,,2025/8/18,,,
360673752,2025/8/18 2:18,Spot Lead,Transaction Spend,USDT,-23423.90431,,,,,2025/8/18,,,
360673752,2025/8/18 2:18,Spot Lead,Transaction Fee,BTC,-0.0002098,,,,,2025/8/18,,,
360673752,2025/8/18 2:18,Spot Lead,Transaction Spend,USDT,-64939.67737,,,,,2025/8/18,,,
360673752,2025/8/18 2:18,Spot Lead,Transaction Buy,BTC,0.00077,,,,,2025/8/18,,,
360673752,2025/8/18 2:18,Spot Lead,Transaction Spend,USDT,-5.789398,,,,,2025/8/18,,,
360673752,2025/8/18 2:18,Spot Lead,Transaction Buy,BTC,0.50628,,,,,2025/8/18,,,
360673752,2025/8/18 2:18,Spot Lead,Transaction Spend,USDT,-5.789398,,,,,2025/8/18,,,
360673752,2025/8/18 2:18,Spot Lead,Transaction Buy,BTC,0.2023,,,,,2025/8/18,,,
360673752,2025/8/18 2:18,Spot Lead,Transaction Fee,BTC,-5.00E-08,,,,,2025/8/18,,,
360673752,2025/8/18 2:18,Spot Lead,Transaction Fee,BTC,-1.00E-07,,,,,2025/8/18,,,
360673752,2025/8/18 2:18,Spot Lead,Transaction Fee,BTC,-0.00036296,,,,,2025/8/18,,,
360673752,2025/8/18 2:18,Spot Lead,Transaction Fee,BTC,-0.00033493,,,,,2025/8/18,,,
360673752,2025/8/18 2:20,Spot,Lead Portfolio (UM) - Deposit,USDT,-224.7861717,Binance Copy Trading,,,,2025/8/18,,,
360673752,2025/8/18 2:20,USD-M Futures,Lead Portfolio (UM) - Create/Close Transfer,USDT,224.7861717,Binance Copy Trading,,,,2025/8/18,,,
360673752,2025/8/18 2:21,USD-M Futures,Fee,USDT,-0.28937524,TradeID - 6562404003,,,,2025/8/18,,,
360673752,2025/8/18 5:30,Spot,Copy Portfolio (Spot) - Leader Trading Fee Comission,USDT,4.00259417,Binance Copy Trading,,,,2025/8/18,,,
360673752,2025/8/18 8:00,USD-M Futures,Funding Fee,USDT,0.21361379,,,,,2025/8/18,,,
360673752,2025/8/18 16:00,USD-M Futures,Funding Fee,USDT,-1.67243299,,,,,2025/8/18,,,
360673752,2025/8/18 20:18,Spot,Copy Portfolio (Spot) - Profit Sharing with Leader,USDT,0.00241196,Binance Copy Trading,,,,2025/8/18,,,
360673752,2025/8/19 0:00,USD-M Futures,Funding Fee,USDT,-2.2554304,,,,,2025/8/19,,,
360673752,2025/8/19 8:00,USD-M Futures,Funding Fee,USDT,-1.95754087,,,,,2025/8/19,,,
360673752,2025/8/19 9:37,USD-M Futures,Fee,USDT,-4.4414216,TradeID - 6566063957,,,,2025/8/19,,,
360673752,2025/8/19 9:37,USD-M Futures,Fee,USDT,-0.4614464,TradeID - 6566063956,,,,2025/8/19,,,
360673752,2025/8/19 14:56,Spot,Copy Portfolio (Spot) - Profit Sharing with Leader,USDT,0.62009649,Binance Copy Trading,,,,2025/8/19,,,
360673752,2025/8/19 16:00,USD-M Futures,Funding Fee,USDT,-0.97969751,,,,,2025/8/19,,,
360673752,2025/8/19 16:00,USD-M Futures,Funding Fee,USDT,-0.30615547,,,,,2025/8/19,,,
360673752,2025/8/20 0:00,USD-M Futures,Funding Fee,USDT,-0.43569546,,,,,2025/8/20,,,
360673752,2025/8/20 0:00,USD-M Futures,Funding Fee,USDT,-1.39422549,,,,,2025/8/20,,,
360673752,2025/8/20 8:00,USD-M Futures,Funding Fee,USDT,-0.1315185,,,,,2025/8/20,,,
360673752,2025/8/20 8:00,USD-M Futures,Funding Fee,USDT,-0.42085923,,,,,2025/8/20,,,
360673752,2025/8/20 16:00,USD-M Futures,Funding Fee,USDT,-0.47533253,,,,,2025/8/20,,,
360673752,2025/8/20 16:00,USD-M Futures,Funding Fee,USDT,-1.52106409,,,,,2025/8/20,,,
360673752,2025/8/21 0:00,USD-M Futures,Funding Fee,USDT,-0.11097165,,,,,2025/8/21,,,
360673752,2025/8/21 0:00,USD-M Futures,Funding Fee,USDT,-0.3551093,,,,,2025/8/21,,,
360673752,2025/8/21 8:00,USD-M Futures,Funding Fee,USDT,-2.40184719,,,,,2025/8/21,,,
360673752,2025/8/21 8:00,USD-M Futures,Funding Fee,USDT,-0.75057724,,,,,2025/8/21,,,
360673752,2025/8/21 9:32,USD-M Futures,Fee,USDT,-0.1134538,TradeID - 6571754142,,,,2025/8/21,,,
360673752,2025/8/21 9:32,USD-M Futures,Realized Profit and Loss,USDT,-7.6312,TradeID - 6571754147,,,,2025/8/21,,,
360673752,2025/8/21 9:32,USD-M Futures,Fee,USDT,-0.9076304,TradeID - 6571754149,,,,2025/8/21,,,
360673752,2025/8/21 9:32,USD-M Futures,Realized Profit and Loss,USDT,-3.8156,TradeID - 6571754142,,,,2025/8/21,,,
360673752,2025/8/21 9:32,USD-M Futures,Realized Profit and Loss,USDT,-34.3404,TradeID - 6571754137,,,,2025/8/21,,,
360673752,2025/8/21 9:32,USD-M Futures,Realized Profit and Loss,USDT,-9.539,TradeID - 6571754138,,,,2025/8/21,,,
360673752,2025/8/21 9:32,USD-M Futures,Fee,USDT,-0.1134538,TradeID - 6571754139,,,,2025/8/21,,,
360673752,2025/8/21 9:32,USD-M Futures,Realized Profit and Loss,USDT,-3.8156,TradeID - 6571754143,,,,2025/8/21,,,
360673752,2025/8/21 9:32,USD-M Futures,Realized Profit and Loss,USDT,-9.539,TradeID - 6571754141,,,,2025/8/21,,,
360673752,2025/8/21 9:32,USD-M Futures,Fee,USDT,-0.3970883,TradeID - 6571754145,,,,2025/8/21,,,
360673752,2025/8/21 9:32,USD-M Futures,Realized Profit and Loss,USDT,-19.078,TradeID - 6571754140,,,,2025/8/21,,,
360673752,2025/8/21 9:32,USD-M Futures,Fee,USDT,-1.0210842,TradeID - 6571754137,,,,2025/8/21,,,
360673752,2025/8/21 9:32,USD-M Futures,Realized Profit and Loss,USDT,-13.3546,TradeID - 6571754145,,,,2025/8/21,,,
360673752,2025/8/21 9:32,USD-M Futures,Realized Profit and Loss,USDT,-3.8156,TradeID - 6571754139,,,,2025/8/21,,,
360673752,2025/8/21 9:32,USD-M Futures,Fee,USDT,-0.2836345,TradeID - 6571754141,,,,2025/8/21,,,
360673752,2025/8/21 9:32,USD-M Futures,Realized Profit and Loss,USDT,-1.9078,TradeID - 6571754144,,,,2025/8/21,,,
360673752,2025/8/21 9:32,USD-M Futures,Fee,USDT,-0.2836345,TradeID - 6571754138,,,,2025/8/21,,,
360673752,2025/8/21 9:32,USD-M Futures,Realized Profit and Loss,USDT,-11.4468,TradeID - 6571754146,,,,2025/8/21,,,
360673752,2025/8/21 9:32,USD-M Futures,Fee,USDT,-0.0567269,TradeID - 6571754144,,,,2025/8/21,,,
360673752,2025/8/21 9:32,USD-M Futures,Fee,USDT,-0.1134538,TradeID - 6571754143,,,,2025/8/21,,,
360673752,2025/8/21 9:32,USD-M Futures,Realized Profit and Loss,USDT,-30.5248,TradeID - 6571754149,,,,2025/8/21,,,
360673752,2025/8/21 9:32,USD-M Futures,Realized Profit and Loss,USDT,-1.9078,TradeID - 6571754148,,,,2025/8/21,,,
360673752,2025/8/21 9:32,USD-M Futures,Fee,USDT,-0.0567269,TradeID - 6571754148,,,,2025/8/21,,,
360673752,2025/8/21 9:32,USD-M Futures,Fee,USDT,-0.567269,TradeID - 6571754140,,,,2025/8/21,,,
360673752,2025/8/21 9:32,USD-M Futures,Fee,USDT,-0.2269076,TradeID - 6571754147,,,,2025/8/21,,,
360673752,2025/8/21 9:32,USD-M Futures,Fee,USDT,-0.3403614,TradeID - 6571754146,,,,2025/8/21,,,
360673752,2025/8/21 9:34,Spot,Lead Portfolio (UM) - Withdraw,USDT,8000,Binance Copy Trading,,,,2025/8/21,,,
360673752,2025/8/21 9:34,USD-M Futures,Lead Portfolio (UM) - Create/Close Transfer,USDT,-8000,Binance Copy Trading,,,,2025/8/21,,,
360673752,2025/8/21 9:35,USD-M Futures,Fee,USDT,-0.51072569,TradeID - 6571757892,,,,2025/8/21,,,
360673752,2025/8/21 10:00,Spot,Withdraw,USDT,-8001,Withdraw fee is included,,,,2025/8/21,,,
360673752,2025/8/21 16:00,USD-M Futures,Funding Fee,USDT,-2.27370333,,,,,2025/8/21,,,
360673752,2025/8/21 16:00,USD-M Futures,Funding Fee,USDT,-0.12538805,,,,,2025/8/21,,,
360673752,2025/8/22 0:00,USD-M Futures,Funding Fee,USDT,-2.23181196,,,,,2025/8/22,,,
360673752,2025/8/22 0:00,USD-M Futures,Funding Fee,USDT,-0.12307786,,,,,2025/8/22,,,
360673752,2025/8/22 3:34,Spot,Lead Portfolio (Spot) - Deposit,USDT,-3.62510262,Binance Copy Trading,,,,2025/8/22,,,
360673752,2025/8/22 3:34,Spot Lead,Lead Portfolio (Spot) - Deposit,USDT,3.62510262,Binance Copy Trading,,,,2025/8/22,,,
360673752,2025/8/22 3:35,USD-M Futures,Fee,USDT,-9.9652168,TradeID - 6573740805,,,,2025/8/22,,,
360673752,2025/8/22 3:35,USD-M Futures,Realized Profit and Loss,USDT,-455.4397294,TradeID - 6573740805,,,,2025/8/22,,,
360673752,2025/8/22 3:37,Spot,Lead Portfolio (UM) - Withdraw,USDT,19468.11209,Binance Copy Trading,,,,2025/8/22,,,
360673752,2025/8/22 3:37,USD-M Futures,Lead Portfolio (UM) - Create/Close Transfer,USDT,-19468.11209,Binance Copy Trading,,,,2025/8/22,,,
360673752,2025/8/22 3:37,Spot Lead,Lead Portfolio (Spot) - Deposit,USDT,19468.11209,Binance Copy Trading,,,,2025/8/22,,,
360673752,2025/8/22 3:37,Spot,Lead Portfolio (Spot) - Deposit,USDT,-19468.11209,Binance Copy Trading,,,,2025/8/22,,,
360673752,2025/8/22 3:38,Spot Lead,Transaction Spend,USDT,-19498.08117,,,,,2025/8/22,,,
360673752,2025/8/22 3:38,Spot Lead,Transaction Fee,BTC,-0.00017221,,,,,2025/8/22,,,
360673752,2025/8/22 3:38,Spot Lead,Transaction Buy,BTC,0.17221,,,,,2025/8/22,,,
360673752,2025/8/22 8:00,USD-M Futures,Funding Fee,USDT,-1.08518496,,,,,2025/8/22,,,
360673752,2025/8/22 8:00,USD-M Futures,Funding Fee,USDT,-0.16956015,,,,,2025/8/22,,,
360673752,2025/8/22 16:00,USD-M Futures,Funding Fee,USDT,-0.65514751,,,,,2025/8/22,,,
360673752,2025/8/22 16:00,USD-M Futures,Funding Fee,USDT,-0.10236679,,,,,2025/8/22,,,
360673752,2025/8/22 16:18,Spot,Copy Portfolio (Spot) - Profit Sharing with Leader,USDT,0.16387753,Binance Copy Trading,,,,2025/8/22,,,
360673752,2025/8/22 16:32,Spot,Copy Portfolio (Spot) - Profit Sharing with Leader,USDT,0.00219979,Binance Copy Trading,,,,2025/8/22,,,
360673752,2025/8/22 17:19,Spot,Copy Portfolio (Spot) - Profit Sharing with Leader,USDT,0.19479384,Binance Copy Trading,,,,2025/8/22,,,
360673752,2025/8/22 17:23,Spot,Copy Portfolio (Spot) - Profit Sharing with Leader,USDT,0.18783993,Binance Copy Trading,,,,2025/8/22,,,
360673752,2025/8/22 18:05,Spot,Copy Portfolio (Spot) - Profit Sharing with Leader,USDT,0.27710667,Binance Copy Trading,,,,2025/8/22,,,
360673752,2025/8/23 0:00,USD-M Futures,Funding Fee,USDT,-0.17534625,,,,,2025/8/23,,,
360673752,2025/8/23 0:00,USD-M Futures,Funding Fee,USDT,-1.122216,,,,,2025/8/23,,,
360673752,2025/8/23 4:30,Spot,Copy Portfolio (Spot) - Profit Sharing with Leader,USDT,0.27076713,Binance Copy Trading,,,,2025/8/23,,,
360673752,2025/8/23 8:00,USD-M Futures,Funding Fee,USDT,-0.17365485,,,,,2025/8/23,,,
360673752,2025/8/23 8:00,USD-M Futures,Funding Fee,USDT,-1.11139104,,,,,2025/8/23,,,
360673752,2025/8/23 8:17,Spot,Copy Portfolio (Spot) - Profit Sharing with Leader,USDT,0.21659518,Binance Copy Trading,,,,2025/8/23,,,
360673752,2025/8/23 12:52,Spot,Copy Portfolio (Spot) - Profit Sharing with Leader,USDT,0.05510031,Binance Copy Trading,,,,2025/8/23,,,
360673752,2025/8/23 16:00,USD-M Futures,Funding Fee,USDT,-0.16719168,,,,,2025/8/23,,,
360673752,2025/8/23 16:00,USD-M Futures,Funding Fee,USDT,-1.0700268,,,,,2025/8/23,,,
360673752,2025/8/23 19:35,Spot,Copy Portfolio (Spot) - Profit Sharing with Leader,USDT,0.0392187,Binance Copy Trading,,,,2025/8/23,,,
360673752,2025/8/24 0:00,USD-M Futures,Funding Fee,USDT,-0.17306565,,,,,2025/8/24,,,
360673752,2025/8/24 0:00,USD-M Futures,Funding Fee,USDT,-1.10762016,,,,,2025/8/24,,,
360673752,2025/8/24 8:00,USD-M Futures,Funding Fee,USDT,-1.10260608,,,,,2025/8/24,,,
360673752,2025/8/24 8:00,USD-M Futures,Funding Fee,USDT,-0.1722822,,,,,2025/8/24,,,
360673752,2025/8/24 13:49,Spot,Copy Portfolio (Spot) - Profit Sharing with Leader,USDT,0.00647335,Binance Copy Trading,,,,2025/8/24,,,
360673752,2025/8/24 16:00,USD-M Futures,Funding Fee,USDT,-1.09799999,,,,,2025/8/24,,,
360673752,2025/8/24 16:00,USD-M Futures,Funding Fee,USDT,-0.17156249,,,,,2025/8/24,,,
360673752,2025/8/25 0:00,USD-M Futures,Funding Fee,USDT,-1.08908448,,,,,2025/8/25,,,
360673752,2025/8/25 0:00,USD-M Futures,Funding Fee,USDT,-0.17016945,,,,,2025/8/25,,,
360673752,2025/8/25 0:28,Spot,Copy Portfolio (Spot) - Profit Sharing with Leader,USDT,1.62386822,Binance Copy Trading,,,,2025/8/25,,,
360673752,2025/8/25 0:28,Spot,Copy Portfolio (Spot) - Profit Sharing with Leader,USDT,0.66259477,Binance Copy Trading,,,,2025/8/25,,,
360673752,2025/8/25 3:36,USD-M Futures,Fee,USDT,-2.7773298,TradeID - 6581905493,,,,2025/8/25,,,
360673752,2025/8/25 3:36,USD-M Futures,Realized Profit and Loss,USDT,-96.26860367,TradeID - 6581905492,,,,2025/8/25,,,
360673752,2025/8/25 3:36,USD-M Futures,Fee,USDT,-2.2105278,TradeID - 6581905492,,,,2025/8/25,,,
360673752,2025/8/25 3:36,USD-M Futures,Realized Profit and Loss,USDT,-120.952861,TradeID - 6581905493,,,,2025/8/25,,,
360673752,2025/8/25 3:37,Spot,Lead Portfolio (UM) - Withdraw,USDT,9960,Binance Copy Trading,,,,2025/8/25,,,
360673752,2025/8/25 3:37,USD-M Futures,Lead Portfolio (UM) - Create/Close Transfer,USDT,-9960,Binance Copy Trading,,,,2025/8/25,,,
360673752,2025/8/25 3:37,Spot Lead,Lead Portfolio (Spot) - Deposit,USDT,9963.700435,Binance Copy Trading,,,,2025/8/25,,,
360673752,2025/8/25 3:37,Spot,Lead Portfolio (Spot) - Deposit,USDT,-9963.700435,Binance Copy Trading,,,,2025/8/25,,,
360673752,2025/8/25 3:38,Spot Lead,Transaction Fee,BTC,-0.00008785,,,,,2025/8/25,,,
360673752,2025/8/25 3:38,Spot Lead,Transaction Spend,USDT,-9964.474979,,,,,2025/8/25,,,
360673752,2025/8/25 3:38,Spot Lead,Transaction Buy,BTC,0.08785,,,,,2025/8/25,,,
360673752,2025/8/25 4:30,Spot,Copy Portfolio - Commission Rebate,USDT,0.29727678,Binance Copy Trading,,,,2025/8/25,,,
360673752,2025/8/25 5:30,Spot,Copy Portfolio (Spot) - Leader Trading Fee Comission,USDT,1.47083643,Binance Copy Trading,,,,2025/8/25,,,
360673752,2025/8/25 5:31,Spot,Copy Portfolio (Spot) - Leader Trading Fee Comission,BTC,0.00010491,Binance Copy Trading,,,,2025/8/25,,,
360673752,2025/8/25 6:26,Spot,Deposit,USDT,7903.199276,,,,,2025/8/25,,,
360673752,2025/8/25 6:27,Spot,Lead Portfolio (Spot) - Deposit,USDT,-5564.562377,Binance Copy Trading,,,,2025/8/25,,,
360673752,2025/8/25 6:27,Spot Lead,Lead Portfolio (Spot) - Deposit,USDT,5564.562377,Binance Copy Trading,,,,2025/8/25,,,
360673752,2025/8/25 6:29,Spot Lead,Transaction Fee,BTC,-0.00004956,,,,,2025/8/25,,,
360673752,2025/8/25 6:29,Spot Lead,Transaction Spend,USDT,-5564.597296,,,,,2025/8/25,,,
360673752,2025/8/25 6:29,Spot Lead,Transaction Buy,BTC,0.04956,,,,,2025/8/25,,,
360673752,2025/8/25 6:29,Spot,Lead Portfolio (UM) - Deposit,USDT,-2340.405013,Binance Copy Trading,,,,2025/8/25,,,
360673752,2025/8/25 6:29,USD-M Futures,Lead Portfolio (UM) - Create/Close Transfer,USDT,2340.405013,Binance Copy Trading,,,,2025/8/25,,,
360673752,2025/8/25 6:34,USD-M Futures,Fee,USDT,-1.4016825,TradeID - 6582223862,,,,2025/8/25,,,
360673752,2025/8/25 8:00,USD-M Futures,Funding Fee,USDT,-0.16720883,,,,,2025/8/25,,,
360673752,2025/8/25 8:00,USD-M Futures,Funding Fee,USDT,-0.36785943,,,,,2025/8/25,,,
360673752,2025/8/25 16:00,USD-M Futures,Funding Fee,USDT,-0.30877725,,,,,2025/8/25,,,
360673752,2025/8/25 16:00,USD-M Futures,Funding Fee,USDT,-0.14035329,,,,,2025/8/25,,,
360673752,2025/8/26 0:00,USD-M Futures,Funding Fee,USDT,-0.16424497,,,,,2025/8/26,,,
360673752,2025/8/26 0:00,USD-M Futures,Funding Fee,USDT,-0.0746568,,,,,2025/8/26,,,
360673752,2025/8/26 8:00,USD-M Futures,Funding Fee,USDT,-0.14188724,,,,,2025/8/26,,,
360673752,2025/8/26 8:00,USD-M Futures,Funding Fee,USDT,-0.0644942,,,,,2025/8/26,,,
360673752,2025/8/26 16:00,USD-M Futures,Funding Fee,USDT,-0.16445113,,,,,2025/8/26,,,
360673752,2025/8/26 16:00,USD-M Futures,Funding Fee,USDT,-0.36179249,,,,,2025/8/26,,,
360673752,2025/8/27 0:00,USD-M Futures,Funding Fee,USDT,-0.0664294,,,,,2025/8/27,,,
360673752,2025/8/27 0:00,USD-M Futures,Funding Fee,USDT,-0.03019518,,,,,2025/8/27,,,
360673752,2025/8/27 8:00,USD-M Futures,Funding Fee,USDT,-0.2010083,,,,,2025/8/27,,,
360673752,2025/8/27 8:00,USD-M Futures,Funding Fee,USDT,-0.0913674,,,,,2025/8/27,,,
360673752,2025/8/27 8:36,Spot,Transaction Sold,BTC,-0.00017,,,,,2025/8/27,,,
360673752,2025/8/27 8:36,Spot,Transaction Revenue,USDT,18.8036898,,,,,2025/8/27,,,
360673752,2025/8/27 8:36,Spot,Transaction Fee,USDT,-0.01880369,,,,,2025/8/27,,,
360673752,2025/8/27 8:39,Spot,Send,USDT,-18,Binance Pay - P_A1VGKPPTM5W71114,,,,2025/8/27,,,
360673752,2025/8/27 8:52,USD-M Futures,Fee,USDT,-0.5527295,TradeID - 6589854179,,,,2025/8/27,,,
360673752,2025/8/27 8:52,USD-M Futures,Realized Profit and Loss,USDT,-24.84269875,TradeID - 6589854179,,,,2025/8/27,,,
360673752,2025/8/27 8:54,USD-M Futures,Realized Profit and Loss,USDT,-2.48416987,TradeID - 6589856555,,,,2025/8/27,,,
360673752,2025/8/27 8:54,USD-M Futures,Fee,USDT,-0.055273,TradeID - 6589856555,,,,2025/8/27,,,
360673752,2025/8/27 9:01,USD-M Futures,Realized Profit and Loss,USDT,-13.88801925,TradeID - 6589869255,,,,2025/8/27,,,
360673752,2025/8/27 9:01,USD-M Futures,Fee,USDT,-0.3321465,TradeID - 6589869255,,,,2025/8/27,,,
360673752,2025/8/27 9:01,USD-M Futures,Lead Portfolio (UM) - Create/Close Transfer,USDT,-1191,Binance Copy Trading,,,,2025/8/27,,,
360673752,2025/8/27 9:01,Spot,Lead Portfolio (UM) - Withdraw,USDT,1191,Binance Copy Trading,,,,2025/8/27,,,
360673752,2025/8/27 9:02,USD-M Futures,Fee,USDT,-0.2214246,TradeID - 6589871485,,,,2025/8/27,,,
360673752,2025/8/27 9:02,USD-M Futures,Fee,USDT,-0.05535615,TradeID - 6589871487,,,,2025/8/27,,,
360673752,2025/8/27 9:02,USD-M Futures,Fee,USDT,-0.05535615,TradeID - 6589871486,,,,2025/8/27,,,
360673752,2025/8/27 9:03,Spot,Send,USDT,-1191,Binance Pay - P_A1VGM1QNYN97111E,,,,2025/8/27,,,
360673752,2025/8/27 16:00,USD-M Futures,Funding Fee,USDT,-0.08611459,,,,,2025/8/27,,,
360673752,2025/8/27 16:00,USD-M Futures,Funding Fee,USDT,-0.05871449,,,,,2025/8/27,,,
360673752,2025/8/28 0:00,USD-M Futures,Funding Fee,USDT,-0.08836018,,,,,2025/8/28,,,
360673752,2025/8/28 0:00,USD-M Futures,Funding Fee,USDT,-0.12959494,,,,,2025/8/28,,,
360673752,2025/8/28 8:00,USD-M Futures,Funding Fee,USDT,-0.16441164,,,,,2025/8/28,,,
360673752,2025/8/28 8:00,USD-M Futures,Funding Fee,USDT,-0.24113708,,,,,2025/8/28,,,
360673752,2025/8/28 10:26,USD-M Futures,Fee,USDT,-0.225711,TradeID - 6592683535,,,,2025/8/28,,,
360673752,2025/8/28 10:26,USD-M Futures,Realized Profit and Loss,USDT,1.82990581,TradeID - 6592683535,,,,2025/8/28,,,
360673752,2025/8/28 10:28,USD-M Futures,Realized Profit and Loss,USDT,0.45037645,TradeID - 6592685172,,,,2025/8/28,,,
360673752,2025/8/28 10:28,USD-M Futures,Fee,USDT,-0.0564242,TradeID - 6592685172,,,,2025/8/28,,,
360673752,2025/8/28 10:32,USD-M Futures,Fee,USDT,-0.05646585,TradeID - 6592688157,,,,2025/8/28,,,
360673752,2025/8/28 10:32,USD-M Futures,Realized Profit and Loss,USDT,0.53367645,TradeID - 6592688157,,,,2025/8/28,,,
360673752,2025/8/28 10:33,USD-M Futures,Fee,USDT,-0.1129509,TradeID - 6592689054,,,,2025/8/28,,,
360673752,2025/8/28 10:33,USD-M Futures,Realized Profit and Loss,USDT,1.1057529,TradeID - 6592689054,,,,2025/8/28,,,
360673752,2025/8/28 10:40,USD-M Futures,Fee,USDT,-0.0564892,TradeID - 6592696505,,,,2025/8/28,,,
360673752,2025/8/28 10:40,USD-M Futures,Realized Profit and Loss,USDT,0.58037645,TradeID - 6592696505,,,,2025/8/28,,,
360673752,2025/8/28 10:41,Spot,Lead Portfolio (UM) - Withdraw,USDT,471.09,Binance Copy Trading,,,,2025/8/28,,,
360673752,2025/8/28 10:41,USD-M Futures,Lead Portfolio (UM) - Create/Close Transfer,USDT,-471.09,Binance Copy Trading,,,,2025/8/28,,,
360673752,2025/8/28 10:43,Spot,Send,USDT,-471.09,Binance Pay - P_A1VHAKHS5CN7111E,,,,2025/8/28,,,
360673752,2025/8/28 10:47,USD-M Futures,Fee,USDT,-0.28230024,TradeID - 6592701991,,,,2025/8/28,,,
360673752,2025/8/28 16:00,USD-M Futures,Funding Fee,USDT,-0.12692547,,,,,2025/8/28,,,
360673752,2025/8/28 16:00,USD-M Futures,Funding Fee,USDT,-0.15231057,,,,,2025/8/28,,,
360673752,2025/8/29 0:00,USD-M Futures,Funding Fee,USDT,-0.0862925,,,,,2025/8/29,,,
360673752,2025/8/29 0:00,USD-M Futures,Funding Fee,USDT,-0.07191042,,,,,2025/8/29,,,
360673752,2025/8/29 8:00,USD-M Futures,Funding Fee,USDT,-0.1159376,,,,,2025/8/29,,,
360673752,2025/8/29 8:00,USD-M Futures,Funding Fee,USDT,-0.09661467,,,,,2025/8/29,,,
360673752,2025/8/29 16:00,USD-M Futures,Funding Fee,USDT,-0.01255885,,,,,2025/8/29,,,
360673752,2025/8/29 16:00,USD-M Futures,Funding Fee,USDT,-0.01046571,,,,,2025/8/29,,,
360673752,2025/8/30 0:00,USD-M Futures,Funding Fee,USDT,-0.12224769,,,,,2025/8/30,,,
360673752,2025/8/30 0:00,USD-M Futures,Funding Fee,USDT,-0.14669723,,,,,2025/8/30,,,
360673752,2025/8/30 8:00,USD-M Futures,Funding Fee,USDT,-0.12981836,,,,,2025/8/30,,,
360673752,2025/8/30 8:00,USD-M Futures,Funding Fee,USDT,-0.15578204,,,,,2025/8/30,,,
360673752,2025/8/30 16:00,USD-M Futures,Funding Fee,USDT,-0.13128162,,,,,2025/8/30,,,
360673752,2025/8/30 16:00,USD-M Futures,Funding Fee,USDT,-0.15753795,,,,,2025/8/30,,,
360673752,2025/8/31 0:00,USD-M Futures,Funding Fee,USDT,0.0200985,,,,,2025/8/31,,,
360673752,2025/8/31 0:00,USD-M Futures,Funding Fee,USDT,0.0241182,,,,,2025/8/31,,,
360673752,2025/8/31 8:00,USD-M Futures,Funding Fee,USDT,-0.07740266,,,,,2025/8/31,,,
360673752,2025/8/31 8:00,USD-M Futures,Funding Fee,USDT,-0.0928832,,,,,2025/8/31,,,
360673752,2025/8/31 16:00,USD-M Futures,Funding Fee,USDT,-0.1631458,,,,,2025/8/31,,,
360673752,2025/8/31 16:00,USD-M Futures,Funding Fee,USDT,-0.19577496,,,,,2025/8/31,,,
360673752,2025/9/1 0:00,USD-M Futures,Funding Fee,USDT,-0.09076512,,,,,2025/9/1,,,
360673752,2025/9/1 0:00,USD-M Futures,Funding Fee,USDT,-0.0756376,,,,,2025/9/1,,,
360673752,2025/9/1 4:30,Spot,Copy Portfolio - Commission Rebate,USDT,0.50958041,Binance Copy Trading,,,,2025/9/1,,,
360673752,2025/9/1 5:30,Spot,Copy Portfolio (Spot) - Leader Trading Fee Comission,USDT,5.33090798,Binance Copy Trading,,,,2025/9/1,,,
360673752,2025/9/1 5:31,Spot,Copy Portfolio (Spot) - Leader Trading Fee Comission,BTC,0.00006668,Binance Copy Trading,,,,2025/9/1,,,
360673752,2025/9/1 8:00,USD-M Futures,Funding Fee,USDT,-0.1640517,,,,,2025/9/1,,,
360673752,2025/9/1 8:00,USD-M Futures,Funding Fee,USDT,-0.19686204,,,,,2025/9/1,,,
360673752,2025/9/1 16:00,USD-M Futures,Funding Fee,USDT,-0.08094992,,,,,2025/9/1,,,
360673752,2025/9/1 16:00,USD-M Futures,Funding Fee,USDT,-0.09713991,,,,,2025/9/1,,,
360673752,2025/9/2 0:00,USD-M Futures,Funding Fee,USDT,-0.11376829,,,,,2025/9/2,,,
360673752,2025/9/2 0:00,USD-M Futures,Funding Fee,USDT,-0.13652195,,,,,2025/9/2,,,
360673752,2025/9/2 8:00,USD-M Futures,Funding Fee,USDT,-0.14553357,,,,,2025/9/2,,,
360673752,2025/9/2 8:00,USD-M Futures,Funding Fee,USDT,-0.17464028,,,,,2025/9/2,,,
360673752,2025/9/2 16:00,USD-M Futures,Funding Fee,USDT,-0.1267525,,,,,2025/9/2,,,
360673752,2025/9/2 16:00,USD-M Futures,Funding Fee,USDT,-0.10562709,,,,,2025/9/2,,,
360673752,2025/9/3 0:00,USD-M Futures,Funding Fee,USDT,-0.01279238,,,,,2025/9/3,,,
360673752,2025/9/3 0:00,USD-M Futures,Funding Fee,USDT,-0.01535085,,,,,2025/9/3,,,
360673752,2025/9/3 4:36,USD-M Futures,Realized Profit and Loss,USDT,-16.239,TradeID - 6607858808,,,,2025/9/3,,,
360673752,2025/9/3 4:36,USD-M Futures,Fee,USDT,-0.277484,TradeID - 6607858808,,,,2025/9/3,,,
360673752,2025/9/3 4:40,USD-M Futures,Lead Portfolio (UM) - Create/Close Transfer,USDT,-175.1643808,Binance Copy Trading,,,,2025/9/3,,,
360673752,2025/9/3 4:40,Spot,Lead Portfolio (UM) - Withdraw,USDT,175.1643808,Binance Copy Trading,,,,2025/9/3,,,
360673752,2025/9/3 4:40,USD-M Futures,Fee,USDT,-0.2218918,TradeID - 6607861101,,,,2025/9/3,,,
360673752,2025/9/3 4:42,USD-M Futures,Fee,USDT,-0.4441792,TradeID - 6607862633,,,,2025/9/3,,,
360673752,2025/9/3 4:42,USD-M Futures,Realized Profit and Loss,USDT,-11.98595826,TradeID - 6607862633,,,,2025/9/3,,,
360673752,2025/9/3 4:43,USD-M Futures,Lead Portfolio (UM) - Create/Close Transfer,USDT,-424.1515875,Binance Copy Trading,,,,2025/9/3,,,
360673752,2025/9/3 4:43,Spot,Lead Portfolio (UM) - Withdraw,USDT,424.1515875,Binance Copy Trading,,,,2025/9/3,,,
360673752,2025/9/3 4:43,USD-M Futures,Fee,USDT,-0.2220822,TradeID - 6607863048,,,,2025/9/3,,,
360673752,2025/9/3 4:44,Spot,Lead Portfolio (Spot) - Create,USDT,-605.94,Binance Copy Trading,,,,2025/9/3,,,
360673752,2025/9/3 4:44,Spot Lead,Lead Portfolio (Spot) - Create,USDT,605.94,Binance Copy Trading,,,,2025/9/3,,,
360673752,2025/9/3 4:45,Spot Lead,Transaction Fee,BTC,-0.00000545,,,,,2025/9/3,,,
360673752,2025/9/3 4:45,Spot Lead,Transaction Buy,BTC,0.00545,,,,,2025/9/3,,,
360673752,2025/9/3 4:45,Spot Lead,Transaction Spend,USDT,-605.007007,,,,,2025/9/3,,,
360673752,2025/9/3 8:00,USD-M Futures,Funding Fee,USDT,-0.0797065,,,,,2025/9/3,,,
360673752,2025/9/3 8:00,USD-M Futures,Funding Fee,USDT,-0.0797065,,,,,2025/9/3,,,
360673752,2025/9/3 16:00,USD-M Futures,Funding Fee,USDT,-0.03681023,,,,,2025/9/3,,,
360673752,2025/9/3 16:00,USD-M Futures,Funding Fee,USDT,-0.03681023,,,,,2025/9/3,,,
360673752,2025/9/4 0:00,USD-M Futures,Funding Fee,USDT,-0.02826444,,,,,2025/9/4,,,
360673752,2025/9/4 0:00,USD-M Futures,Funding Fee,USDT,-0.02826444,,,,,2025/9/4,,,
360673752,2025/9/4 8:00,USD-M Futures,Funding Fee,USDT,-0.06778518,,,,,2025/9/4,,,
360673752,2025/9/4 8:00,USD-M Futures,Funding Fee,USDT,-0.06778518,,,,,2025/9/4,,,
360673752,2025/9/4 16:00,USD-M Futures,Funding Fee,USDT,-0.12169561,,,,,2025/9/4,,,
360673752,2025/9/4 16:00,USD-M Futures,Funding Fee,USDT,-0.12169561,,,,,2025/9/4,,,
360673752,2025/9/5 0:00,USD-M Futures,Funding Fee,USDT,-0.11670931,,,,,2025/9/5,,,
360673752,2025/9/5 0:00,USD-M Futures,Funding Fee,USDT,-0.11670931,,,,,2025/9/5,,,
360673752,2025/9/5 8:00,USD-M Futures,Funding Fee,USDT,-0.15806886,,,,,2025/9/5,,,
360673752,2025/9/5 8:00,USD-M Futures,Funding Fee,USDT,-0.15806886,,,,,2025/9/5,,,
360673752,2025/9/5 16:00,USD-M Futures,Funding Fee,USDT,-0.1219695,,,,,2025/9/5,,,
360673752,2025/9/5 16:00,USD-M Futures,Funding Fee,USDT,-0.1219695,,,,,2025/9/5,,,
360673752,2025/9/6 0:00,USD-M Futures,Funding Fee,USDT,-0.02008545,,,,,2025/9/6,,,
360673752,2025/9/6 0:00,USD-M Futures,Funding Fee,USDT,-0.02008545,,,,,2025/9/6,,,
360673752,2025/9/6 8:00,USD-M Futures,Funding Fee,USDT,-0.08778199,,,,,2025/9/6,,,
360673752,2025/9/6 8:00,USD-M Futures,Funding Fee,USDT,-0.08778199,,,,,2025/9/6,,,
360673752,2025/9/6 16:00,USD-M Futures,Funding Fee,USDT,-0.07892593,,,,,2025/9/6,,,
360673752,2025/9/6 16:00,USD-M Futures,Funding Fee,USDT,-0.07892593,,,,,2025/9/6,,,
360673752,2025/9/7 0:00,USD-M Futures,Funding Fee,USDT,-0.03037531,,,,,2025/9/7,,,
360673752,2025/9/7 0:00,USD-M Futures,Funding Fee,USDT,-0.03037531,,,,,2025/9/7,,,
360673752,2025/9/7 8:00,USD-M Futures,Funding Fee,USDT,-0.05596873,,,,,2025/9/7,,,
360673752,2025/9/7 8:00,USD-M Futures,Funding Fee,USDT,-0.05596873,,,,,2025/9/7,,,
360673752,2025/9/7 16:00,USD-M Futures,Funding Fee,USDT,-0.10857209,,,,,2025/9/7,,,
360673752,2025/9/7 16:00,USD-M Futures,Funding Fee,USDT,-0.10857209,,,,,2025/9/7,,,
360673752,2025/9/8 0:00,USD-M Futures,Funding Fee,USDT,-0.14624253,,,,,2025/9/8,,,
360673752,2025/9/8 0:00,USD-M Futures,Funding Fee,USDT,-0.14624253,,,,,2025/9/8,,,
360673752,2025/9/8 4:30,Spot,Copy Portfolio - Commission Rebate,USDT,0.13325154,Binance Copy Trading,,,,2025/9/8,,,
360673752,2025/9/8 5:30,Spot,Copy Portfolio (Spot) - Leader Trading Fee Comission,USDT,0.38748603,Binance Copy Trading,,,,2025/9/8,,,
360673752,2025/9/8 8:00,USD-M Futures,Funding Fee,USDT,-0.10405942,,,,,2025/9/8,,,
360673752,2025/9/8 8:00,USD-M Futures,Funding Fee,USDT,-0.10405942,,,,,2025/9/8,,,
360673752,2025/9/8 16:00,USD-M Futures,Funding Fee,USDT,-0.11522414,,,,,2025/9/8,,,
360673752,2025/9/8 16:00,USD-M Futures,Funding Fee,USDT,-0.11522414,,,,,2025/9/8,,,
360673752,2025/9/9 0:00,USD-M Futures,Funding Fee,USDT,-0.05957635,,,,,2025/9/9,,,
360673752,2025/9/9 0:00,USD-M Futures,Funding Fee,USDT,-0.05957635,,,,,2025/9/9,,,
360673752,2025/9/9 8:00,USD-M Futures,Funding Fee,USDT,-0.15813303,,,,,2025/9/9,,,
360673752,2025/9/9 8:00,USD-M Futures,Funding Fee,USDT,-0.15813303,,,,,2025/9/9,,,
360673752,2025/9/9 16:00,USD-M Futures,Funding Fee,USDT,-0.15516214,,,,,2025/9/9,,,
360673752,2025/9/9 16:00,USD-M Futures,Funding Fee,USDT,-0.15516214,,,,,2025/9/9,,,
360673752,2025/9/10 0:00,USD-M Futures,Funding Fee,USDT,-0.09061605,,,,,2025/9/10,,,
360673752,2025/9/10 0:00,USD-M Futures,Funding Fee,USDT,-0.09061605,,,,,2025/9/10,,,
360673752,2025/9/10 8:00,USD-M Futures,Funding Fee,USDT,-0.07916218,,,,,2025/9/10,,,
360673752,2025/9/10 8:00,USD-M Futures,Funding Fee,USDT,-0.07916218,,,,,2025/9/10,,,
360673752,2025/9/10 16:00,USD-M Futures,Funding Fee,USDT,-0.15931384,,,,,2025/9/10,,,
360673752,2025/9/10 16:00,USD-M Futures,Funding Fee,USDT,-0.15931384,,,,,2025/9/10,,,
360673752,2025/9/11 0:00,USD-M Futures,Funding Fee,USDT,-0.09317238,,,,,2025/9/11,,,
360673752,2025/9/11 0:00,USD-M Futures,Funding Fee,USDT,-0.09317238,,,,,2025/9/11,,,
360673752,2025/9/11 8:00,USD-M Futures,Funding Fee,USDT,-0.06838066,,,,,2025/9/11,,,
360673752,2025/9/11 8:00,USD-M Futures,Funding Fee,USDT,-0.06838066,,,,,2025/9/11,,,
360673752,2025/9/11 15:05,Spot,Copy Portfolio (Spot) - Profit Sharing with Leader,USDT,2.15471408,Binance Copy Trading,,,,2025/9/11,,,
360673752,2025/9/11 16:00,USD-M Futures,Funding Fee,USDT,-0.05314501,,,,,2025/9/11,,,
360673752,2025/9/11 16:00,USD-M Futures,Funding Fee,USDT,-0.05314501,,,,,2025/9/11,,,
360673752,2025/9/11 18:28,Spot,Copy Portfolio (Spot) - Profit Sharing with Leader,USDT,0.15748044,Binance Copy Trading,,,,2025/9/11,,,
360673752,2025/9/12 0:00,USD-M Futures,Funding Fee,USDT,-0.09917248,,,,,2025/9/12,,,
360673752,2025/9/12 0:00,USD-M Futures,Funding Fee,USDT,-0.09917248,,,,,2025/9/12,,,
360673752,2025/9/12 8:00,USD-M Futures,Funding Fee,USDT,-0.06069064,,,,,2025/9/12,,,
360673752,2025/9/12 8:00,USD-M Futures,Funding Fee,USDT,-0.06069064,,,,,2025/9/12,,,
360673752,2025/9/12 16:00,USD-M Futures,Funding Fee,USDT,-0.11100761,,,,,2025/9/12,,,
360673752,2025/9/12 16:00,USD-M Futures,Funding Fee,USDT,-0.11100761,,,,,2025/9/12,,,
360673752,2025/9/12 16:32,Spot,Copy Portfolio (Spot) - Profit Sharing with Leader,USDT,0.51102351,Binance Copy Trading,,,,2025/9/12,,,
360673752,2025/9/12 17:28,Spot,Copy Portfolio (Spot) - Profit Sharing with Leader,USDT,0.61546589,Binance Copy Trading,,,,2025/9/12,,,
360673752,2025/9/13 0:00,USD-M Futures,Funding Fee,USDT,0.02523226,,,,,2025/9/13,,,
360673752,2025/9/13 0:00,USD-M Futures,Funding Fee,USDT,0.02523226,,,,,2025/9/13,,,
360673752,2025/9/13 8:00,USD-M Futures,Funding Fee,USDT,-0.03646779,,,,,2025/9/13,,,
360673752,2025/9/13 8:00,USD-M Futures,Funding Fee,USDT,-0.03646779,,,,,2025/9/13,,,
360673752,2025/9/13 12:53,Spot,Copy Portfolio (Spot) - Profit Sharing with Leader,USDT,0.12040239,Binance Copy Trading,,,,2025/9/13,,,
360673752,2025/9/13 16:00,USD-M Futures,Funding Fee,USDT,-0.05082248,,,,,2025/9/13,,,
360673752,2025/9/13 16:00,USD-M Futures,Funding Fee,USDT,-0.05082248,,,,,2025/9/13,,,
360673752,2025/9/13 20:23,Spot,Copy Portfolio (Spot) - Profit Sharing with Leader,USDT,0.08787507,Binance Copy Trading,,,,2025/9/13,,,
360673752,2025/9/14 0:00,USD-M Futures,Funding Fee,USDT,-0.13272174,,,,,2025/9/14,,,
360673752,2025/9/14 0:00,USD-M Futures,Funding Fee,USDT,-0.13272174,,,,,2025/9/14,,,
360673752,2025/9/14 6:15,Spot,Copy Portfolio (Spot) - Profit Sharing with Leader,USDT,0.08376077,Binance Copy Trading,,,,2025/9/14,,,
360673752,2025/9/14 8:00,USD-M Futures,Funding Fee,USDT,-0.07745853,,,,,2025/9/14,,,
360673752,2025/9/14 8:00,USD-M Futures,Funding Fee,USDT,-0.07745853,,,,,2025/9/14,,,
360673752,2025/9/14 16:00,USD-M Futures,Funding Fee,USDT,-0.05023491,,,,,2025/9/14,,,
360673752,2025/9/14 16:00,USD-M Futures,Funding Fee,USDT,-0.05023491,,,,,2025/9/14,,,
360673752,2025/9/14 18:23,Spot,Copy Portfolio (Spot) - Profit Sharing with Leader,USDT,1.76451499,Binance Copy Trading,,,,2025/9/14,,,
360673752,2025/9/15 0:00,USD-M Futures,Funding Fee,USDT,-0.10013068,,,,,2025/9/15,,,
360673752,2025/9/15 0:00,USD-M Futures,Funding Fee,USDT,-0.10013068,,,,,2025/9/15,,,
360673752,2025/9/15 5:31,Spot,Copy Portfolio (Spot) - Leader Trading Fee Comission,USDT,1.30697397,Binance Copy Trading,,,,2025/9/15,,,
360673752,2025/9/15 8:00,USD-M Futures,Funding Fee,USDT,-0.13385975,,,,,2025/9/15,,,
360673752,2025/9/15 8:00,USD-M Futures,Funding Fee,USDT,-0.13385975,,,,,2025/9/15,,,
360673752,2025/9/15 8:42,Spot,Copy Portfolio (Spot) - Profit Sharing with Leader,USDT,0.2322759,Binance Copy Trading,,,,2025/9/15,,,
360673752,2025/9/15 8:46,Spot,Copy Portfolio (Spot) - Profit Sharing with Leader,USDT,1.81399261,Binance Copy Trading,,,,2025/9/15,,,
360673752,2025/9/15 16:00,USD-M Futures,Funding Fee,USDT,-0.13161984,,,,,2025/9/15,,,
360673752,2025/9/15 16:00,USD-M Futures,Funding Fee,USDT,-0.13161984,,,,,2025/9/15,,,
360673752,2025/9/15 17:50,Spot,Copy Portfolio (Spot) - Profit Sharing with Leader,USDT,0.02168921,Binance Copy Trading,,,,2025/9/15,,,
360673752,2025/9/15 19:47,Spot,Copy Portfolio (Spot) - Profit Sharing with Leader,USDT,0.00574931,Binance Copy Trading,,,,2025/9/15,,,
360673752,2025/9/16 0:00,USD-M Futures,Funding Fee,USDT,-0.01609365,,,,,2025/9/16,,,
360673752,2025/9/16 0:00,USD-M Futures,Funding Fee,USDT,-0.01609365,,,,,2025/9/16,,,
360673752,2025/9/16 8:00,USD-M Futures,Funding Fee,USDT,-0.1133375,,,,,2025/9/16,,,
360673752,2025/9/16 8:00,USD-M Futures,Funding Fee,USDT,-0.1133375,,,,,2025/9/16,,,
360673752,2025/9/16 16:00,USD-M Futures,Funding Fee,USDT,-0.10499473,,,,,2025/9/16,,,
360673752,2025/9/16 16:00,USD-M Futures,Funding Fee,USDT,-0.10499473,,,,,2025/9/16,,,
360673752,2025/9/16 17:03,Spot,Copy Portfolio (Spot) - Profit Sharing with Leader,USDT,0.11865204,Binance Copy Trading,,,,2025/9/16,,,
360673752,2025/9/16 20:22,Spot,Copy Portfolio (Spot) - Profit Sharing with Leader,USDT,6.79936752,Binance Copy Trading,,,,2025/9/16,,,
360673752,2025/9/17 0:00,USD-M Futures,Funding Fee,USDT,-0.1139547,,,,,2025/9/17,,,
360673752,2025/9/17 0:00,USD-M Futures,Funding Fee,USDT,-0.1139547,,,,,2025/9/17,,,
360673752,2025/9/17 3:35,Spot,Copy Portfolio (Spot) - Profit Sharing with Leader,USDT,0.34149847,Binance Copy Trading,,,,2025/9/17,,,
360673752,2025/9/17 8:00,USD-M Futures,Funding Fee,USDT,-0.13840597,,,,,2025/9/17,,,
360673752,2025/9/17 8:00,USD-M Futures,Funding Fee,USDT,-0.13840597,,,,,2025/9/17,,,
360673752,2025/9/17 16:00,USD-M Futures,Funding Fee,USDT,-0.10220638,,,,,2025/9/17,,,
360673752,2025/9/17 16:00,USD-M Futures,Funding Fee,USDT,-0.10220638,,,,,2025/9/17,,,
360673752,2025/9/17 22:36,Spot,Copy Portfolio (Spot) - Profit Sharing with Leader,USDT,0.39627221,Binance Copy Trading,,,,2025/9/17,,,
360673752,2025/9/18 0:00,USD-M Futures,Funding Fee,USDT,-0.08052026,,,,,2025/9/18,,,
360673752,2025/9/18 0:00,USD-M Futures,Funding Fee,USDT,-0.08052026,,,,,2025/9/18,,,
360673752,2025/9/18 0:38,Spot,Copy Portfolio (Spot) - Profit Sharing with Leader,USDT,0.03387298,Binance Copy Trading,,,,2025/9/18,,,
360673752,2025/9/18 2:28,Spot,Copy Portfolio (Spot) - Profit Sharing with Leader,USDT,0.1407654,Binance Copy Trading,,,,2025/9/18,,,
360673752,2025/9/18 8:00,USD-M Futures,Funding Fee,USDT,-0.14629401,,,,,2025/9/18,,,
360673752,2025/9/18 8:00,USD-M Futures,Funding Fee,USDT,-0.14629401,,,,,2025/9/18,,,
360673752,2025/9/18 16:00,USD-M Futures,Funding Fee,USDT,-0.06923939,,,,,2025/9/18,,,
360673752,2025/9/18 16:00,USD-M Futures,Funding Fee,USDT,-0.06923939,,,,,2025/9/18,,,
360673752,2025/9/18 23:10,Spot,Copy Portfolio (Spot) - Profit Sharing with Leader,USDT,1.28130562,Binance Copy Trading,,,,2025/9/18,,,
360673752,2025/9/19 0:00,USD-M Futures,Funding Fee,USDT,0.00378434,,,,,2025/9/19,,,
360673752,2025/9/19 0:00,USD-M Futures,Funding Fee,USDT,0.00378434,,,,,2025/9/19,,,
360673752,2025/9/19 8:00,USD-M Futures,Funding Fee,USDT,-0.03450116,,,,,2025/9/19,,,
360673752,2025/9/19 8:00,USD-M Futures,Funding Fee,USDT,-0.03450116,,,,,2025/9/19,,,
360673752,2025/9/19 16:00,USD-M Futures,Funding Fee,USDT,-0.08535986,,,,,2025/9/19,,,
360673752,2025/9/19 16:00,USD-M Futures,Funding Fee,USDT,-0.08535986,,,,,2025/9/19,,,
360673752,2025/9/19 16:41,Spot,Copy Portfolio (Spot) - Profit Sharing with Leader,USDT,0.0023703,Binance Copy Trading,,,,2025/9/19,,,
360673752,2025/9/20 0:00,USD-M Futures,Funding Fee,USDT,-0.06078738,,,,,2025/9/20,,,
360673752,2025/9/20 0:00,USD-M Futures,Funding Fee,USDT,-0.06078738,,,,,2025/9/20,,,
360673752,2025/9/20 8:00,USD-M Futures,Funding Fee,USDT,0.00043813,,,,,2025/9/20,,,
360673752,2025/9/20 8:00,USD-M Futures,Funding Fee,USDT,0.00043813,,,,,2025/9/20,,,
360673752,2025/9/20 16:00,USD-M Futures,Funding Fee,USDT,0.01632735,,,,,2025/9/20,,,
360673752,2025/9/20 16:00,USD-M Futures,Funding Fee,USDT,0.01632735,,,,,2025/9/20,,,
360673752,2025/9/21 0:00,USD-M Futures,Funding Fee,USDT,0.08614987,,,,,2025/9/21,,,
360673752,2025/9/21 0:00,USD-M Futures,Funding Fee,USDT,0.08614987,,,,,2025/9/21,,,
360673752,2025/9/21 8:00,USD-M Futures,Funding Fee,USDT,-0.04154178,,,,,2025/9/21,,,
360673752,2025/9/21 8:00,USD-M Futures,Funding Fee,USDT,-0.04154178,,,,,2025/9/21,,,
360673752,2025/9/21 16:00,USD-M Futures,Funding Fee,USDT,-0.06049426,,,,,2025/9/21,,,
360673752,2025/9/21 16:00,USD-M Futures,Funding Fee,USDT,-0.06049426,,,,,2025/9/21,,,
360673752,2025/9/22 0:00,USD-M Futures,Funding Fee,USDT,-0.10747809,,,,,2025/9/22,,,
360673752,2025/9/22 0:00,USD-M Futures,Funding Fee,USDT,-0.10747809,,,,,2025/9/22,,,
360673752,2025/9/22 5:32,Spot,Copy Portfolio (Spot) - Leader Trading Fee Comission,USDT,1.99135042,Binance Copy Trading,,,,2025/9/22,,,
360673752,2025/9/22 8:00,USD-M Futures,Funding Fee,USDT,-0.02744108,,,,,2025/9/22,,,
360673752,2025/9/22 8:00,USD-M Futures,Funding Fee,USDT,-0.02744108,,,,,2025/9/22,,,
360673752,2025/9/22 16:00,USD-M Futures,Funding Fee,USDT,-0.07638049,,,,,2025/9/22,,,
360673752,2025/9/22 16:00,USD-M Futures,Funding Fee,USDT,-0.07638049,,,,,2025/9/22,,,
360673752,2025/9/23 0:00,USD-M Futures,Funding Fee,USDT,-0.11133001,,,,,2025/9/23,,,
360673752,2025/9/23 0:00,USD-M Futures,Funding Fee,USDT,-0.11133001,,,,,2025/9/23,,,
360673752,2025/9/23 8:00,USD-M Futures,Funding Fee,USDT,-0.11210075,,,,,2025/9/23,,,
360673752,2025/9/23 8:00,USD-M Futures,Funding Fee,USDT,-0.11210075,,,,,2025/9/23,,,
360673752,2025/9/23 16:00,USD-M Futures,Funding Fee,USDT,-0.11812308,,,,,2025/9/23,,,
360673752,2025/9/23 16:00,USD-M Futures,Funding Fee,USDT,-0.11812308,,,,,2025/9/23,,,
360673752,2025/9/24 0:00,USD-M Futures,Funding Fee,USDT,-0.090807,,,,,2025/9/24,,,
360673752,2025/9/24 0:00,USD-M Futures,Funding Fee,USDT,-0.090807,,,,,2025/9/24,,,
360673752,2025/9/24 8:00,USD-M Futures,Funding Fee,USDT,-0.09874446,,,,,2025/9/24,,,
360673752,2025/9/24 8:00,USD-M Futures,Funding Fee,USDT,-0.09874446,,,,,2025/9/24,,,
360673752,2025/9/24 16:00,USD-M Futures,Funding Fee,USDT,-0.07750173,,,,,2025/9/24,,,
360673752,2025/9/24 16:00,USD-M Futures,Funding Fee,USDT,-0.07750173,,,,,2025/9/24,,,
360673752,2025/9/25 0:00,USD-M Futures,Funding Fee,USDT,0.00348824,,,,,2025/9/25,,,
360673752,2025/9/25 0:00,USD-M Futures,Funding Fee,USDT,0.00348824,,,,,2025/9/25,,,
360673752,2025/9/25 8:00,USD-M Futures,Funding Fee,USDT,-0.02705669,,,,,2025/9/25,,,
360673752,2025/9/25 8:00,USD-M Futures,Funding Fee,USDT,-0.02705669,,,,,2025/9/25,,,
360673752,2025/9/25 16:00,USD-M Futures,Funding Fee,USDT,-0.14929317,,,,,2025/9/25,,,
360673752,2025/9/25 16:00,USD-M Futures,Funding Fee,USDT,-0.14929317,,,,,2025/9/25,,,
360673752,2025/9/26 0:00,USD-M Futures,Funding Fee,USDT,-0.04793789,,,,,2025/9/26,,,
360673752,2025/9/26 0:00,USD-M Futures,Funding Fee,USDT,-0.04793789,,,,,2025/9/26,,,
360673752,2025/9/26 8:00,USD-M Futures,Funding Fee,USDT,-0.06669065,,,,,2025/9/26,,,
360673752,2025/9/26 8:00,USD-M Futures,Funding Fee,USDT,-0.06669065,,,,,2025/9/26,,,
360673752,2025/9/26 9:06,Funding,P2P Trading,USDT,89.53,P2P - 22804815205855080448,,,,2025/9/26,,,
360673752,2025/9/26 9:08,Funding,Send,USDT,-89.53,Binance Pay - P_A1W4CX363R171115,,,,2025/9/26,,,
360673752,2025/9/26 16:00,USD-M Futures,Funding Fee,USDT,-0.11772797,,,,,2025/9/26,,,
360673752,2025/9/26 16:00,USD-M Futures,Funding Fee,USDT,-0.11772797,,,,,2025/9/26,,,
360673752,2025/9/27 0:00,USD-M Futures,Funding Fee,USDT,0.00015342,,,,,2025/9/27,,,
360673752,2025/9/27 0:00,USD-M Futures,Funding Fee,USDT,0.00015342,,,,,2025/9/27,,,
360673752,2025/9/27 8:00,USD-M Futures,Funding Fee,USDT,-0.05243567,,,,,2025/9/27,,,
360673752,2025/9/27 8:00,USD-M Futures,Funding Fee,USDT,-0.05243567,,,,,2025/9/27,,,
360673752,2025/9/27 16:00,USD-M Futures,Funding Fee,USDT,-0.1197299,,,,,2025/9/27,,,
360673752,2025/9/27 16:00,USD-M Futures,Funding Fee,USDT,-0.1197299,,,,,2025/9/27,,,
360673752,2025/9/28 0:00,USD-M Futures,Funding Fee,USDT,-0.05083949,,,,,2025/9/28,,,
360673752,2025/9/28 0:00,USD-M Futures,Funding Fee,USDT,-0.05083949,,,,,2025/9/28,,,
360673752,2025/9/28 8:00,USD-M Futures,Funding Fee,USDT,-0.07626013,,,,,2025/9/28,,,
360673752,2025/9/28 8:00,USD-M Futures,Funding Fee,USDT,-0.07626013,,,,,2025/9/28,,,
360673752,2025/9/28 16:00,USD-M Futures,Funding Fee,USDT,-0.08101196,,,,,2025/9/28,,,
360673752,2025/9/28 16:00,USD-M Futures,Funding Fee,USDT,-0.08101196,,,,,2025/9/28,,,
360673752,2025/9/29 0:00,USD-M Futures,Funding Fee,USDT,-0.03629087,,,,,2025/9/29,,,
360673752,2025/9/29 0:00,USD-M Futures,Funding Fee,USDT,-0.03629087,,,,,2025/9/29,,,
360673752,2025/9/29 5:30,Spot,Copy Portfolio (Spot) - Leader Trading Fee Comission,USDT,1.67813643,Binance Copy Trading,,,,2025/9/29,,,
360673752,2025/9/29 8:00,USD-M Futures,Funding Fee,USDT,-0.0204129,,,,,2025/9/29,,,
360673752,2025/9/29 8:00,USD-M Futures,Funding Fee,USDT,-0.0204129,,,,,2025/9/29,,,
360673752,2025/9/29 16:00,USD-M Futures,Funding Fee,USDT,-0.00050961,,,,,2025/9/29,,,
360673752,2025/9/29 16:00,USD-M Futures,Funding Fee,USDT,-0.00050961,,,,,2025/9/29,,,
360673752,2025/9/30 0:00,USD-M Futures,Funding Fee,USDT,-0.03764004,,,,,2025/9/30,,,
360673752,2025/9/30 0:00,USD-M Futures,Funding Fee,USDT,-0.03764004,,,,,2025/9/30,,,
360673752,2025/9/30 8:00,USD-M Futures,Funding Fee,USDT,-0.09377367,,,,,2025/9/30,,,
360673752,2025/9/30 8:00,USD-M Futures,Funding Fee,USDT,-0.09377367,,,,,2025/9/30,,,
360673752,2025/9/30 16:00,USD-M Futures,Funding Fee,USDT,-0.04089895,,,,,2025/9/30,,,
360673752,2025/9/30 16:00,USD-M Futures,Funding Fee,USDT,-0.04089895,,,,,2025/9/30,,,
360673752,2025/10/1 0:00,USD-M Futures,Funding Fee,USDT,-0.05354049,,,,,2025/10/1,,,
360673752,2025/10/1 0:00,USD-M Futures,Funding Fee,USDT,-0.05354049,,,,,2025/10/1,,,
360673752,2025/10/1 8:00,USD-M Futures,Funding Fee,USDT,-0.05541031,,,,,2025/10/1,,,
360673752,2025/10/1 8:00,USD-M Futures,Funding Fee,USDT,-0.05541031,,,,,2025/10/1,,,
360673752,2025/10/1 14:36,Spot,Copy Portfolio (Spot) - Profit Sharing with Leader,USDT,0.64046537,Binance Copy Trading,,,,2025/10/1,,,
360673752,2025/10/1 15:08,Spot,Copy Portfolio (Spot) - Profit Sharing with Leader,USDT,0.22165604,Binance Copy Trading,,,,2025/10/1,,,
360673752,2025/10/1 16:00,USD-M Futures,Funding Fee,USDT,-0.16431384,,,,,2025/10/1,,,
360673752,2025/10/1 16:00,USD-M Futures,Funding Fee,USDT,-0.16431384,,,,,2025/10/1,,,
360673752,2025/10/1 18:37,Spot,Copy Portfolio (Spot) - Profit Sharing with Leader,USDT,0.11729448,Binance Copy Trading,,,,2025/10/1,,,
360673752,2025/10/1 23:07,Spot,Copy Portfolio (Spot) - Profit Sharing with Leader,USDT,0.0471875,Binance Copy Trading,,,,2025/10/1,,,
360673752,2025/10/2 0:00,USD-M Futures,Funding Fee,USDT,-0.12919497,,,,,2025/10/2,,,
360673752,2025/10/2 0:00,USD-M Futures,Funding Fee,USDT,-0.12919497,,,,,2025/10/2,,,
360673752,2025/10/2 8:00,USD-M Futures,Funding Fee,USDT,-0.16582188,,,,,2025/10/2,,,
360673752,2025/10/2 8:00,USD-M Futures,Funding Fee,USDT,-0.16582188,,,,,2025/10/2,,,
360673752,2025/10/2 16:00,USD-M Futures,Funding Fee,USDT,-0.16015699,,,,,2025/10/2,,,
360673752,2025/10/2 16:00,USD-M Futures,Funding Fee,USDT,-0.16015699,,,,,2025/10/2,,,
360673752,2025/10/2 17:28,Spot,Copy Portfolio (Spot) - Profit Sharing with Leader,USDT,0.18907948,Binance Copy Trading,,,,2025/10/2,,,
360673752,2025/10/2 19:14,Spot,Copy Portfolio (Spot) - Profit Sharing with Leader,USDT,1.01936412,Binance Copy Trading,,,,2025/10/2,,,
360673752,2025/10/3 0:00,USD-M Futures,Funding Fee,USDT,-0.16742563,,,,,2025/10/3,,,
360673752,2025/10/3 0:00,USD-M Futures,Funding Fee,USDT,-0.16742563,,,,,2025/10/3,,,
360673752,2025/10/3 0:11,Spot,Copy Portfolio (Spot) - Profit Sharing with Leader,USDT,1.38332481,Binance Copy Trading,,,,2025/10/3,,,
360673752,2025/10/3 8:00,USD-M Futures,Funding Fee,USDT,-0.167468,,,,,2025/10/3,,,
360673752,2025/10/3 8:00,USD-M Futures,Funding Fee,USDT,-0.167468,,,,,2025/10/3,,,
360673752,2025/10/3 13:01,Spot,Copy Portfolio (Spot) - Profit Sharing with Leader,USDT,0.46553068,Binance Copy Trading,,,,2025/10/3,,,
360673752,2025/10/3 16:00,USD-M Futures,Funding Fee,USDT,-0.17113729,,,,,2025/10/3,,,
360673752,2025/10/3 16:00,USD-M Futures,Funding Fee,USDT,-0.17113729,,,,,2025/10/3,,,
360673752,2025/10/3 16:29,Spot,Copy Portfolio (Spot) - Profit Sharing with Leader,USDT,1.70701218,Binance Copy Trading,,,,2025/10/3,,,
360673752,2025/10/3 20:47,Spot,Copy Portfolio (Spot) - Profit Sharing with Leader,USDT,0.0237538,Binance Copy Trading,,,,2025/10/3,,,
360673752,2025/10/4 0:00,USD-M Futures,Funding Fee,USDT,-0.17105564,,,,,2025/10/4,,,
360673752,2025/10/4 0:00,USD-M Futures,Funding Fee,USDT,-0.17105564,,,,,2025/10/4,,,
360673752,2025/10/4 8:00,USD-M Futures,Funding Fee,USDT,-0.17118411,,,,,2025/10/4,,,
360673752,2025/10/4 8:00,USD-M Futures,Funding Fee,USDT,-0.17118411,,,,,2025/10/4,,,
360673752,2025/10/4 16:00,USD-M Futures,Funding Fee,USDT,-0.14166649,,,,,2025/10/4,,,
360673752,2025/10/4 16:00,USD-M Futures,Funding Fee,USDT,-0.14166649,,,,,2025/10/4,,,
360673752,2025/10/5 0:00,USD-M Futures,Funding Fee,USDT,-0.14812335,,,,,2025/10/5,,,
360673752,2025/10/5 0:00,USD-M Futures,Funding Fee,USDT,-0.14812335,,,,,2025/10/5,,,
360673752,2025/10/5 3:59,Spot,Copy Portfolio (Spot) - Profit Sharing with Leader,USDT,0.2301681,Binance Copy Trading,,,,2025/10/5,,,
360673752,2025/10/5 4:52,Spot,Copy Portfolio (Spot) - Profit Sharing with Leader,USDT,0.70244004,Binance Copy Trading,,,,2025/10/5,,,
360673752,2025/10/5 8:00,USD-M Futures,Funding Fee,USDT,-0.1745695,,,,,2025/10/5,,,
360673752,2025/10/5 8:00,USD-M Futures,Funding Fee,USDT,-0.1745695,,,,,2025/10/5,,,
360673752,2025/10/5 13:20,Spot,Copy Portfolio (Spot) - Profit Sharing with Leader,USDT,0.01659457,Binance Copy Trading,,,,2025/10/5,,,
360673752,2025/10/5 16:00,USD-M Futures,Funding Fee,USDT,-0.16439572,,,,,2025/10/5,,,
360673752,2025/10/5 16:00,USD-M Futures,Funding Fee,USDT,-0.16439572,,,,,2025/10/5,,,
360673752,2025/10/6 0:00,USD-M Futures,Funding Fee,USDT,-0.13257014,,,,,2025/10/6,,,
360673752,2025/10/6 0:00,USD-M Futures,Funding Fee,USDT,-0.13257014,,,,,2025/10/6,,,
360673752,2025/10/6 0:22,Spot,Copy Portfolio (Spot) - Profit Sharing with Leader,USDT,0.74729394,Binance Copy Trading,,,,2025/10/6,,,
360673752,2025/10/6 0:29,Spot,Copy Portfolio - Profit Sharing,USDT,22.49638686,Binance Copy Trading,,,,2025/10/6,,,
360673752,2025/10/6 0:46,Spot,Copy Portfolio - Profit Sharing,USDT,0.6336605,Binance Copy Trading,,,,2025/10/6,,,
360673752,2025/10/6 0:49,Spot,Copy Portfolio - Profit Sharing,USDT,0.03720729,Binance Copy Trading,,,,2025/10/6,,,
360673752,2025/10/6 5:04,Spot,Copy Portfolio (Spot) - Profit Sharing with Leader,USDT,0.74194265,Binance Copy Trading,,,,2025/10/6,,,
360673752,2025/10/6 5:30,Spot,Copy Portfolio (Spot) - Leader Trading Fee Comission,USDT,0.20228205,Binance Copy Trading,,,,2025/10/6,,,
360673752,2025/10/6 6:42,Spot,Copy Portfolio (Spot) - Profit Sharing with Leader,USDT,0.22628999,Binance Copy Trading,,,,2025/10/6,,,
360673752,2025/10/6 8:00,USD-M Futures,Funding Fee,USDT,-0.16763785,,,,,2025/10/6,,,
360673752,2025/10/6 8:00,USD-M Futures,Funding Fee,USDT,-0.16763785,,,,,2025/10/6,,,
360673752,2025/10/6 12:02,Spot,Copy Portfolio - Commission Rebate,USDT,0.04286633,Binance Copy Trading,,,,2025/10/6,,,
360673752,2025/10/6 16:00,USD-M Futures,Funding Fee,USDT,-0.10199858,,,,,2025/10/6,,,
360673752,2025/10/6 16:00,USD-M Futures,Funding Fee,USDT,-0.10199858,,,,,2025/10/6,,,
360673752,2025/10/6 17:40,Spot,Copy Portfolio - Profit Sharing,USDT,0.16068533,Binance Copy Trading,,,,2025/10/6,,,
360673752,2025/10/7 0:00,USD-M Futures,Funding Fee,USDT,-0.17446727,,,,,2025/10/7,,,
360673752,2025/10/7 0:00,USD-M Futures,Funding Fee,USDT,-0.17446727,,,,,2025/10/7,,,
360673752,2025/10/7 3:00,Spot,Copy Portfolio (Spot) - Profit Sharing with Leader,USDT,0.01831294,Binance Copy Trading,,,,2025/10/7,,,
360673752,2025/10/7 8:00,USD-M Futures,Funding Fee,USDT,-0.14898794,,,,,2025/10/7,,,
360673752,2025/10/7 8:00,USD-M Futures,Funding Fee,USDT,-0.14898794,,,,,2025/10/7,,,
360673752,2025/10/7 15:55,Spot,Copy Portfolio (Spot) - Profit Sharing with Leader,USDT,0.9472723,Binance Copy Trading,,,,2025/10/7,,,
360673752,2025/10/7 16:00,USD-M Futures,Funding Fee,USDT,-0.10563928,,,,,2025/10/7,,,
360673752,2025/10/7 16:00,USD-M Futures,Funding Fee,USDT,-0.10563928,,,,,2025/10/7,,,
360673752,2025/10/8 0:00,USD-M Futures,Funding Fee,USDT,-0.04316343,,,,,2025/10/8,,,
360673752,2025/10/8 0:00,USD-M Futures,Funding Fee,USDT,-0.04316343,,,,,2025/10/8,,,
360673752,2025/10/8 8:00,USD-M Futures,Funding Fee,USDT,-0.17017806,,,,,2025/10/8,,,
360673752,2025/10/8 8:00,USD-M Futures,Funding Fee,USDT,-0.17017806,,,,,2025/10/8,,,
360673752,2025/10/8 16:00,USD-M Futures,Funding Fee,USDT,-0.09226988,,,,,2025/10/8,,,
360673752,2025/10/8 16:00,USD-M Futures,Funding Fee,USDT,-0.09226988,,,,,2025/10/8,,,
360673752,2025/10/8 16:06,Spot,Copy Portfolio (Spot) - Profit Sharing with Leader,USDT,0.56979004,Binance Copy Trading,,,,2025/10/8,,,
360673752,2025/10/8 22:49,Spot,Copy Portfolio (Spot) - Profit Sharing with Leader,USDT,0.72223312,Binance Copy Trading,,,,2025/10/8,,,
360673752,2025/10/9 0:00,USD-M Futures,Funding Fee,USDT,-0.02318845,,,,,2025/10/9,,,
360673752,2025/10/9 0:00,USD-M Futures,Funding Fee,USDT,-0.02318845,,,,,2025/10/9,,,
360673752,2025/10/9 3:43,Spot,Copy Portfolio (Spot) - Profit Sharing with Leader,USDT,0.02203939,Binance Copy Trading,,,,2025/10/9,,,
360673752,2025/10/9 8:00,USD-M Futures,Funding Fee,USDT,-0.091264,,,,,2025/10/9,,,
360673752,2025/10/9 8:00,USD-M Futures,Funding Fee,USDT,-0.091264,,,,,2025/10/9,,,
360673752,2025/10/9 8:01,Spot Lead,Transaction Revenue,USDT,50884.69622,,,,,2025/10/9,,,
360673752,2025/10/9 8:01,Spot Lead,Transaction Fee,USDT,-50.88469622,,,,,2025/10/9,,,
360673752,2025/10/9 8:01,Spot Lead,Transaction Sold,BTC,-0.41745,,,,,2025/10/9,,,
360673752,2025/10/9 8:01,Spot Lead,Transaction Sold,BTC,-0.0246,,,,,2025/10/9,,,
360673752,2025/10/9 8:01,Spot Lead,Transaction Fee,USDT,-2.99859511,,,,,2025/10/9,,,
360673752,2025/10/9 8:01,Spot Lead,Transaction Revenue,USDT,2998.595106,,,,,2025/10/9,,,
360673752,2025/10/9 8:01,Spot Lead,Transaction Sold,BTC,-0.0246,,,,,2025/10/9,,,
360673752,2025/10/9 8:01,Spot Lead,Transaction Fee,USDT,-1.01050217,,,,,2025/10/9,,,
360673752,2025/10/9 8:01,Spot Lead,Transaction Sold,BTC,-0.02127,,,,,2025/10/9,,,
360673752,2025/10/9 8:01,Spot Lead,Transaction Revenue,USDT,2998.595106,,,,,2025/10/9,,,
360673752,2025/10/9 8:01,Spot Lead,Transaction Sold,BTC,-0.0246,,,,,2025/10/9,,,
360673752,2025/10/9 8:01,Spot Lead,Transaction Sold,BTC,-0.0246,,,,,2025/10/9,,,
360673752,2025/10/9 8:01,Spot Lead,Transaction Revenue,USDT,2998.595106,,,,,2025/10/9,,,
360673752,2025/10/9 8:01,Spot Lead,Transaction Sold,BTC,-0.0246,,,,,2025/10/9,,,
360673752,2025/10/9 8:01,Spot Lead,Transaction Revenue,USDT,2998.595106,,,,,2025/10/9,,,
360673752,2025/10/9 8:01,Spot Lead,Transaction Revenue,USDT,2998.595106,,,,,2025/10/9,,,
360673752,2025/10/9 8:01,Spot Lead,Transaction Revenue,USDT,2592.68772,,,,,2025/10/9,,,
360673752,2025/10/9 8:01,Spot Lead,Transaction Sold,BTC,-0.00548,,,,,2025/10/9,,,
360673752,2025/10/9 8:01,Spot Lead,Transaction Fee,USDT,-2.99859511,,,,,2025/10/9,,,
360673752,2025/10/9 8:01,Spot Lead,Transaction Revenue,USDT,18.2841165,,,,,2025/10/9,,,
360673752,2025/10/9 8:01,Spot Lead,Transaction Fee,USDT,-2.99859511,,,,,2025/10/9,,,
360673752,2025/10/9 8:01,Spot Lead,Transaction Sold,BTC,-0.0246,,,,,2025/10/9,,,
360673752,2025/10/9 8:01,Spot Lead,Transaction Fee,USDT,-2.99859511,,,,,2025/10/9,,,
360673752,2025/10/9 8:01,Spot Lead,Transaction Sold,BTC,-0.00015,,,,,2025/10/9,,,
360673752,2025/10/9 8:01,Spot Lead,Transaction Fee,USDT,-2.59268772,,,,,2025/10/9,,,
360673752,2025/10/9 8:01,Spot Lead,Transaction Revenue,USDT,2998.595106,,,,,2025/10/9,,,
360673752,2025/10/9 8:01,Spot Lead,Transaction Fee,USDT,-2.99859511,,,,,2025/10/9,,,
360673752,2025/10/9 8:01,Spot Lead,Transaction Revenue,USDT,2998.595106,,,,,2025/10/9,,,
360673752,2025/10/9 8:01,Spot Lead,Transaction Fee,USDT,-2.99859511,,,,,2025/10/9,,,
360673752,2025/10/9 8:01,Spot Lead,Transaction Sold,BTC,-0.0246,,,,,2025/10/9,,,
360673752,2025/10/9 8:01,Spot Lead,Transaction Sold,BTC,-0.0246,,,,,2025/10/9,,,
360673752,2025/10/9 8:01,Spot Lead,Transaction Revenue,USDT,2998.595106,,,,,2025/10/9,,,
360673752,2025/10/9 8:01,Spot Lead,Transaction Fee,USDT,-2.99859511,,,,,2025/10/9,,,
360673752,2025/10/9 8:01,Spot Lead,Transaction Revenue,USDT,1010.502172,,,,,2025/10/9,,,
360673752,2025/10/9 8:01,Spot Lead,Transaction Revenue,USDT,2998.595106,,,,,2025/10/9,,,
360673752,2025/10/9 8:01,Spot Lead,Transaction Fee,USDT,-2.99859511,,,,,2025/10/9,,,
360673752,2025/10/9 8:01,Spot Lead,Transaction Fee,USDT,-0.01828412,,,,,2025/10/9,,,
360673752,2025/10/9 8:01,Spot Lead,Transaction Revenue,USDT,2998.595106,,,,,2025/10/9,,,
360673752,2025/10/9 8:01,Spot Lead,Transaction Revenue,USDT,667.9797228,,,,,2025/10/9,,,
360673752,2025/10/9 8:01,Spot Lead,Transaction Sold,BTC,-0.00829,,,,,2025/10/9,,,
360673752,2025/10/9 8:01,Spot Lead,Transaction Fee,USDT,-0.66797972,,,,,2025/10/9,,,
360673752,2025/10/9 8:01,Spot Lead,Transaction Fee,USDT,-2.99859511,,,,,2025/10/9,,,
360673752,2025/10/9 8:01,Spot Lead,Transaction Fee,USDT,-2.99859511,,,,,2025/10/9,,,
360673752,2025/10/9 8:01,Spot Lead,Transaction Sold,BTC,-0.0246,,,,,2025/10/9,,,
360673752,2025/10/9 8:01,Spot Lead,Transaction Sold,BTC,-0.0246,,,,,2025/10/9,,,
360673752,2025/10/9 8:01,Spot Lead,Transaction Revenue,USDT,312.0489216,,,,,2025/10/9,,,
360673752,2025/10/9 8:01,Spot Lead,Transaction Fee,USDT,-0.28035645,,,,,2025/10/9,,,
360673752,2025/10/9 8:01,Spot Lead,Transaction Fee,USDT,-0.31204892,,,,,2025/10/9,,,
360673752,2025/10/9 8:01,Spot Lead,Transaction Revenue,USDT,43.8818796,,,,,2025/10/9,,,
360673752,2025/10/9 8:01,Spot Lead,Transaction Fee,USDT,-0.00853259,,,,,2025/10/9,,,
360673752,2025/10/9 8:01,Spot Lead,Transaction Revenue,USDT,280.356453,,,,,2025/10/9,,,
360673752,2025/10/9 8:01,Spot Lead,Transaction Sold,BTC,-0.00036,,,,,2025/10/9,,,
360673752,2025/10/9 8:01,Spot Lead,Transaction Fee,USDT,-0.04388188,,,,,2025/10/9,,,
360673752,2025/10/9 8:01,Spot Lead,Transaction Sold,BTC,-0.00256,,,,,2025/10/9,,,
360673752,2025/10/9 8:01,Spot Lead,Transaction Revenue,USDT,8.5325877,,,,,2025/10/9,,,
360673752,2025/10/9 8:01,Spot Lead,Transaction Sold,BTC,-0.00007,,,,,2025/10/9,,,
360673752,2025/10/9 8:01,Spot Lead,Transaction Sold,BTC,-0.0023,,,,,2025/10/9,,,
360673752,2025/10/9 8:01,Spot Lead,Transaction Fee,USDT,-0.00975153,,,,,2025/10/9,,,
360673752,2025/10/9 8:01,Spot Lead,Transaction Sold,BTC,-0.00005,,,,,2025/10/9,,,
360673752,2025/10/9 8:01,Spot Lead,Transaction Revenue,USDT,130.4266977,,,,,2025/10/9,,,
360673752,2025/10/9 8:01,Spot Lead,Transaction Fee,USDT,-0.00853259,,,,,2025/10/9,,,
360673752,2025/10/9 8:01,Spot Lead,Transaction Fee,USDT,-0.00609471,,,,,2025/10/9,,,
360673752,2025/10/9 8:01,Spot Lead,Transaction Revenue,USDT,9.7515288,,,,,2025/10/9,,,
360673752,2025/10/9 8:01,Spot Lead,Transaction Fee,USDT,-36.568233,,,,,2025/10/9,,,
360673752,2025/10/9 8:01,Spot Lead,Transaction Sold,BTC,-0.00008,,,,,2025/10/9,,,
360673752,2025/10/9 8:01,Spot Lead,Transaction Revenue,USDT,6.0947055,,,,,2025/10/9,,,
360673752,2025/10/9 8:01,Spot Lead,Transaction Revenue,USDT,276.6996297,,,,,2025/10/9,,,
360673752,2025/10/9 8:01,Spot Lead,Transaction Revenue,USDT,8.5325877,,,,,2025/10/9,,,
360673752,2025/10/9 8:01,Spot Lead,Transaction Sold,BTC,-0.00007,,,,,2025/10/9,,,
360673752,2025/10/9 8:01,Spot Lead,Transaction Fee,USDT,-0.68992066,,,,,2025/10/9,,,
360673752,2025/10/9 8:01,Spot Lead,Transaction Revenue,USDT,689.9206626,,,,,2025/10/9,,,
360673752,2025/10/9 8:01,Spot Lead,Transaction Sold,BTC,-0.00227,,,,,2025/10/9,,,
360673752,2025/10/9 8:01,Spot Lead,Transaction Revenue,USDT,36568.233,,,,,2025/10/9,,,
360673752,2025/10/9 8:01,Spot Lead,Transaction Sold,BTC,-0.00566,,,,,2025/10/9,,,
360673752,2025/10/9 8:01,Spot Lead,Transaction Fee,USDT,-0.27669963,,,,,2025/10/9,,,
360673752,2025/10/9 8:01,Spot Lead,Transaction Fee,USDT,-0.1304267,,,,,2025/10/9,,,
360673752,2025/10/9 8:01,Spot Lead,Transaction Sold,BTC,-0.00107,,,,,2025/10/9,,,
360673752,2025/10/9 8:01,Spot Lead,Transaction Sold,BTC,-0.3,,,,,2025/10/9,,,
360673752,2025/10/9 8:01,Spot Lead,Transaction Revenue,USDT,2998.595106,,,,,2025/10/9,,,
360673752,2025/10/9 8:01,Spot Lead,Transaction Fee,USDT,-0.05119553,,,,,2025/10/9,,,
360673752,2025/10/9 8:01,Spot Lead,Transaction Sold,BTC,-0.01894,,,,,2025/10/9,,,
360673752,2025/10/9 8:01,Spot Lead,Transaction Sold,BTC,-0.0246,,,,,2025/10/9,,,
360673752,2025/10/9 8:01,Spot Lead,Transaction Fee,USDT,-1.61753484,,,,,2025/10/9,,,
360673752,2025/10/9 8:01,Spot Lead,Transaction Revenue,USDT,6.0947055,,,,,2025/10/9,,,
360673752,2025/10/9 8:01,Spot Lead,Transaction Sold,BTC,-0.00007,,,,,2025/10/9,,,
360673752,2025/10/9 8:01,Spot Lead,Transaction Fee,USDT,-24.18622931,,,,,2025/10/9,,,
360673752,2025/10/9 8:01,Spot Lead,Transaction Sold,BTC,-0.01327,,,,,2025/10/9,,,
360673752,2025/10/9 8:01,Spot Lead,Transaction Sold,BTC,-0.0246,,,,,2025/10/9,,,
360673752,2025/10/9 8:01,Spot Lead,Transaction Fee,USDT,-0.00853259,,,,,2025/10/9,,,
360673752,2025/10/9 8:01,Spot Lead,Transaction Revenue,USDT,24186.22931,,,,,2025/10/9,,,
360673752,2025/10/9 8:01,Spot Lead,Transaction Fee,USDT,-2.99859511,,,,,2025/10/9,,,
360673752,2025/10/9 8:01,Spot Lead,Transaction Fee,USDT,-0.27182387,,,,,2025/10/9,,,
360673752,2025/10/9 8:01,Spot Lead,Transaction Revenue,USDT,2308.674443,,,,,2025/10/9,,,
360673752,2025/10/9 8:01,Spot Lead,Transaction Fee,USDT,-1.883264,,,,,2025/10/9,,,
360673752,2025/10/9 8:01,Spot Lead,Transaction Revenue,USDT,51.1955262,,,,,2025/10/9,,,
360673752,2025/10/9 8:01,Spot Lead,Transaction Revenue,USDT,2998.595106,,,,,2025/10/9,,,
360673752,2025/10/9 8:01,Spot Lead,Transaction Sold,BTC,-0.00005,,,,,2025/10/9,,,
360673752,2025/10/9 8:01,Spot Lead,Transaction Revenue,USDT,271.8238653,,,,,2025/10/9,,,
360673752,2025/10/9 8:01,Spot Lead,Transaction Sold,BTC,-0.00042,,,,,2025/10/9,,,
360673752,2025/10/9 8:01,Spot Lead,Transaction Fee,USDT,-2.30867444,,,,,2025/10/9,,,
360673752,2025/10/9 8:01,Spot Lead,Transaction Revenue,USDT,8.5325877,,,,,2025/10/9,,,
360673752,2025/10/9 8:01,Spot Lead,Transaction Sold,BTC,-0.0246,,,,,2025/10/9,,,
360673752,2025/10/9 8:01,Spot Lead,Transaction Revenue,USDT,2998.595106,,,,,2025/10/9,,,
360673752,2025/10/9 8:01,Spot Lead,Transaction Fee,USDT,-2.99859511,,,,,2025/10/9,,,
360673752,2025/10/9 8:01,Spot Lead,Transaction Revenue,USDT,1617.53484,,,,,2025/10/9,,,
360673752,2025/10/9 8:01,Spot Lead,Transaction Sold,BTC,-0.01545,,,,,2025/10/9,,,
360673752,2025/10/9 8:01,Spot Lead,Transaction Sold,BTC,-0.00223,,,,,2025/10/9,,,
360673752,2025/10/9 8:01,Spot Lead,Transaction Sold,BTC,-0.19842,,,,,2025/10/9,,,
360673752,2025/10/9 8:01,Spot Lead,Transaction Fee,USDT,-0.00609471,,,,,2025/10/9,,,
360673752,2025/10/9 8:01,Spot Lead,Transaction Fee,USDT,-2.99859511,,,,,2025/10/9,,,
360673752,2025/10/9 8:01,Spot Lead,Transaction Revenue,USDT,1883.264,,,,,2025/10/9,,,
360673752,2025/10/9 8:01,Spot Lead,Transaction Revenue,USDT,262.0723365,,,,,2025/10/9,,,
360673752,2025/10/9 8:01,Spot Lead,Transaction Fee,USDT,-0.26207234,,,,,2025/10/9,,,
360673752,2025/10/9 8:01,Spot Lead,Transaction Sold,BTC,-0.00215,,,,,2025/10/9,,,
360673752,2025/10/9 8:01,Spot Lead,Transaction Revenue,USDT,2998.595106,,,,,2025/10/9,,,
360673752,2025/10/9 8:01,Spot Lead,Transaction Sold,BTC,-0.0246,,,,,2025/10/9,,,
360673752,2025/10/9 8:01,Spot Lead,Transaction Sold,BTC,-0.00683,,,,,2025/10/9,,,
360673752,2025/10/9 8:01,Spot Lead,Transaction Fee,USDT,-2.94008593,,,,,2025/10/9,,,
360673752,2025/10/9 8:01,Spot Lead,Transaction Revenue,USDT,121.89411,,,,,2025/10/9,,,
360673752,2025/10/9 8:01,Spot Lead,Transaction Sold,BTC,-0.0246,,,,,2025/10/9,,,
360673752,2025/10/9 8:01,Spot Lead,Transaction Sold,BTC,-0.0066,,,,,2025/10/9,,,
360673752,2025/10/9 8:01,Spot Lead,Transaction Fee,USDT,-1.40056332,,,,,2025/10/9,,,
360673752,2025/10/9 8:01,Spot Lead,Transaction Sold,BTC,-0.001,,,,,2025/10/9,,,
360673752,2025/10/9 8:01,Spot Lead,Transaction Revenue,USDT,2998.595106,,,,,2025/10/9,,,
360673752,2025/10/9 8:01,Spot Lead,Transaction Sold,BTC,-0.0246,,,,,2025/10/9,,,
360673752,2025/10/9 8:01,Spot Lead,Transaction Sold,BTC,-0.01149,,,,,2025/10/9,,,
360673752,2025/10/9 8:01,Spot Lead,Transaction Sold,BTC,-0.00424,,,,,2025/10/9,,,
360673752,2025/10/9 8:01,Spot Lead,Transaction Revenue,USDT,2998.595106,,,,,2025/10/9,,,
360673752,2025/10/9 8:01,Spot Lead,Transaction Fee,USDT,-2.99859511,,,,,2025/10/9,,,
360673752,2025/10/9 8:01,Spot Lead,Transaction Sold,BTC,-0.0005,,,,,2025/10/9,,,
360673752,2025/10/9 8:01,Spot Lead,Transaction Fee,USDT,-0.83253677,,,,,2025/10/9,,,
360673752,2025/10/9 8:01,Spot Lead,Transaction Revenue,USDT,832.5367713,,,,,2025/10/9,,,
360673752,2025/10/9 8:01,Spot Lead,Transaction Revenue,USDT,1400.563324,,,,,2025/10/9,,,
360673752,2025/10/9 8:01,Spot Lead,Transaction Sold,BTC,-0.01724,,,,,2025/10/9,,,
360673752,2025/10/9 8:01,Spot Lead,Transaction Revenue,USDT,2998.595106,,,,,2025/10/9,,,
360673752,2025/10/9 8:01,Spot Lead,Transaction Sold,BTC,-0.0246,,,,,2025/10/9,,,
360673752,2025/10/9 8:01,Spot Lead,Transaction Fee,USDT,-2.99859511,,,,,2025/10/9,,,
360673752,2025/10/9 8:01,Spot Lead,Transaction Fee,USDT,-2.99859511,,,,,2025/10/9,,,
360673752,2025/10/9 8:01,Spot Lead,Transaction Revenue,USDT,516.8310264,,,,,2025/10/9,,,
360673752,2025/10/9 8:01,Spot Lead,Transaction Fee,USDT,-0.51683103,,,,,2025/10/9,,,
360673752,2025/10/9 8:01,Spot Lead,Transaction Sold,BTC,-0.0246,,,,,2025/10/9,,,
360673752,2025/10/9 8:01,Spot Lead,Transaction Revenue,USDT,60.947055,,,,,2025/10/9,,,
360673752,2025/10/9 8:01,Spot Lead,Transaction Sold,BTC,-0.0246,,,,,2025/10/9,,,
360673752,2025/10/9 8:01,Spot Lead,Transaction Sold,BTC,-0.0246,,,,,2025/10/9,,,
360673752,2025/10/9 8:01,Spot Lead,Transaction Revenue,USDT,2998.595106,,,,,2025/10/9,,,
360673752,2025/10/9 8:01,Spot Lead,Transaction Sold,BTC,-0.0246,,,,,2025/10/9,,,
360673752,2025/10/9 8:01,Spot Lead,Transaction Sold,BTC,-0.02412,,,,,2025/10/9,,,
360673752,2025/10/9 8:01,Spot Lead,Transaction Fee,USDT,-0.12189411,,,,,2025/10/9,,,
360673752,2025/10/9 8:01,Spot Lead,Transaction Fee,USDT,-0.06094706,,,,,2025/10/9,,,
360673752,2025/10/9 8:01,Spot Lead,Transaction Revenue,USDT,2998.595106,,,,,2025/10/9,,,
360673752,2025/10/9 8:01,Spot Lead,Transaction Fee,USDT,-2.99859511,,,,,2025/10/9,,,
360673752,2025/10/9 8:01,Spot Lead,Transaction Sold,BTC,-0.0246,,,,,2025/10/9,,,
360673752,2025/10/9 8:01,Spot Lead,Transaction Sold,BTC,-0.0246,,,,,2025/10/9,,,
360673752,2025/10/9 8:01,Spot Lead,Transaction Revenue,USDT,2998.595106,,,,,2025/10/9,,,
360673752,2025/10/9 8:01,Spot Lead,Transaction Fee,USDT,-2.10145446,,,,,2025/10/9,,,
360673752,2025/10/9 8:01,Spot Lead,Transaction Fee,USDT,-0.80450113,,,,,2025/10/9,,,
360673752,2025/10/9 8:01,Spot Lead,Transaction Fee,USDT,-2.99859511,,,,,2025/10/9,,,
360673752,2025/10/9 8:01,Spot Lead,Transaction Fee,USDT,-2.99859511,,,,,2025/10/9,,,
360673752,2025/10/9 8:01,Spot Lead,Transaction Revenue,USDT,2998.595106,,,,,2025/10/9,,,
360673752,2025/10/9 8:01,Spot Lead,Transaction Revenue,USDT,2940.085933,,,,,2025/10/9,,,
360673752,2025/10/9 8:01,Spot Lead,Transaction Revenue,USDT,2998.595106,,,,,2025/10/9,,,
360673752,2025/10/9 8:01,Spot Lead,Transaction Fee,USDT,-2.99859511,,,,,2025/10/9,,,
360673752,2025/10/9 8:01,Spot Lead,Transaction Fee,USDT,-2.99859511,,,,,2025/10/9,,,
360673752,2025/10/9 8:01,Spot Lead,Transaction Revenue,USDT,2101.454456,,,,,2025/10/9,,,
360673752,2025/10/9 8:01,Spot Lead,Transaction Revenue,USDT,804.501126,,,,,2025/10/9,,,
360673752,2025/10/9 8:01,Spot Lead,Transaction Fee,USDT,-2.99859511,,,,,2025/10/9,,,
360673752,2025/10/9 8:01,Spot Lead,Transaction Fee,USDT,-2.99859511,,,,,2025/10/9,,,
360673752,2025/10/9 8:01,Spot Lead,Transaction Revenue,USDT,2998.595106,,,,,2025/10/9,,,
360673752,2025/10/9 8:01,Spot Lead,Transaction Sold,BTC,-0.00076,,,,,2025/10/9,,,
360673752,2025/10/9 8:01,Spot Lead,Transaction Revenue,USDT,4.8757644,,,,,2025/10/9,,,
360673752,2025/10/9 8:01,Spot Lead,Transaction Revenue,USDT,92.6395236,,,,,2025/10/9,,,
360673752,2025/10/9 8:01,Spot Lead,Transaction Sold,BTC,-0.00016,,,,,2025/10/9,,,
360673752,2025/10/9 8:01,Spot Lead,Transaction Revenue,USDT,19.5030576,,,,,2025/10/9,,,
360673752,2025/10/9 8:01,Spot Lead,Transaction Sold,BTC,-0.00004,,,,,2025/10/9,,,
360673752,2025/10/9 8:01,Spot Lead,Transaction Fee,USDT,-0.01950306,,,,,2025/10/9,,,
360673752,2025/10/9 8:01,Spot Lead,Transaction Fee,USDT,-0.00487576,,,,,2025/10/9,,,
360673752,2025/10/9 8:01,Spot Lead,Transaction Fee,USDT,-0.09263952,,,,,2025/10/9,,,
360673752,2025/10/9 8:01,Spot Lead,Transaction Sold,BTC,-0.00082,,,,,2025/10/9,,,
360673752,2025/10/9 8:01,Spot Lead,Transaction Revenue,USDT,99.9531702,,,,,2025/10/9,,,
360673752,2025/10/9 8:01,Spot Lead,Transaction Fee,USDT,-0.09995317,,,,,2025/10/9,,,
360673752,2025/10/9 8:01,Spot Lead,Transaction Fee,USDT,-0.09995317,,,,,2025/10/9,,,
360673752,2025/10/9 8:01,Spot Lead,Transaction Fee,USDT,-0.0682607,,,,,2025/10/9,,,
360673752,2025/10/9 8:01,Spot Lead,Transaction Sold,BTC,-0.00021,,,,,2025/10/9,,,
360673752,2025/10/9 8:01,Spot Lead,Transaction Revenue,USDT,68.2607016,,,,,2025/10/9,,,
360673752,2025/10/9 8:01,Spot Lead,Transaction Fee,USDT,-0.02559776,,,,,2025/10/9,,,
360673752,2025/10/9 8:01,Spot Lead,Transaction Revenue,USDT,158.462343,,,,,2025/10/9,,,
360673752,2025/10/9 8:01,Spot Lead,Transaction Sold,BTC,-0.00056,,,,,2025/10/9,,,
360673752,2025/10/9 8:01,Spot Lead,Transaction Revenue,USDT,99.9531702,,,,,2025/10/9,,,
360673752,2025/10/9 8:01,Spot Lead,Transaction Sold,BTC,-0.00082,,,,,2025/10/9,,,
360673752,2025/10/9 8:01,Spot Lead,Transaction Fee,USDT,-0.15846234,,,,,2025/10/9,,,
360673752,2025/10/9 8:01,Spot Lead,Transaction Revenue,USDT,25.5977631,,,,,2025/10/9,,,
360673752,2025/10/9 8:01,Spot Lead,Transaction Sold,BTC,-0.0013,,,,,2025/10/9,,,
360673752,2025/10/9 8:01,Spot Lead,Transaction Revenue,USDT,28.0356453,,,,,2025/10/9,,,
360673752,2025/10/9 8:01,Spot Lead,Transaction Sold,BTC,-0.00024,,,,,2025/10/9,,,
360673752,2025/10/9 8:01,Spot Lead,Transaction Sold,BTC,-0.00023,,,,,2025/10/9,,,
360673752,2025/10/9 8:01,Spot Lead,Transaction Fee,USDT,-0.02925459,,,,,2025/10/9,,,
360673752,2025/10/9 8:01,Spot Lead,Transaction Revenue,USDT,29.2545864,,,,,2025/10/9,,,
360673752,2025/10/9 8:01,Spot Lead,Transaction Revenue,USDT,550.9613772,,,,,2025/10/9,,,
360673752,2025/10/9 8:01,Spot Lead,Transaction Fee,USDT,-0.55096138,,,,,2025/10/9,,,
360673752,2025/10/9 8:01,Spot Lead,Transaction Fee,USDT,-0.02803565,,,,,2025/10/9,,,
360673752,2025/10/9 8:01,Spot Lead,Transaction Sold,BTC,-0.00452,,,,,2025/10/9,,,
360673752,2025/10/9 8:01,Spot Lead,Transaction Sold,BTC,-0.00008,,,,,2025/10/9,,,
360673752,2025/10/9 8:01,Spot Lead,Transaction Fee,USDT,-0.00975153,,,,,2025/10/9,,,
360673752,2025/10/9 8:01,Spot Lead,Transaction Sold,BTC,-0.00013,,,,,2025/10/9,,,
360673752,2025/10/9 8:01,Spot Lead,Transaction Revenue,USDT,15.8462343,,,,,2025/10/9,,,
360673752,2025/10/9 8:01,Spot Lead,Transaction Revenue,USDT,9.7515288,,,,,2025/10/9,,,
360673752,2025/10/9 8:01,Spot Lead,Transaction Fee,USDT,-0.01584623,,,,,2025/10/9,,,
360673752,2025/10/9 8:01,Spot Lead,Transaction Fee,USDT,-12.78303532,,,,,2025/10/9,,,
360673752,2025/10/9 8:01,Spot Lead,Transaction Fee,USDT,-2.09170293,,,,,2025/10/9,,,
360673752,2025/10/9 8:01,Spot Lead,Transaction Fee,USDT,-12.78425426,,,,,2025/10/9,,,
360673752,2025/10/9 8:01,Spot Lead,Transaction Fee,USDT,-2.99859511,,,,,2025/10/9,,,
360673752,2025/10/9 8:01,Spot Lead,Transaction Sold,BTC,-0.00026,,,,,2025/10/9,,,
360673752,2025/10/9 8:01,Spot Lead,Transaction Fee,USDT,-0.23891246,,,,,2025/10/9,,,
360673752,2025/10/9 8:01,Spot Lead,Transaction Fee,USDT,-0.08654482,,,,,2025/10/9,,,
360673752,2025/10/9 8:01,Spot Lead,Transaction Sold,BTC,-0.10488,,,,,2025/10/9,,,
360673752,2025/10/9 8:01,Spot Lead,Transaction Sold,BTC,-0.10487,,,,,2025/10/9,,,
360673752,2025/10/9 8:01,Spot Lead,Transaction Fee,USDT,-12.78425426,,,,,2025/10/9,,,
360673752,2025/10/9 8:01,Spot Lead,Transaction Fee,USDT,-12.78303532,,,,,2025/10/9,,,
360673752,2025/10/9 8:01,Spot Lead,Transaction Revenue,USDT,12783.03532,,,,,2025/10/9,,,
360673752,2025/10/9 8:01,Spot Lead,Transaction Revenue,USDT,31.6924686,,,,,2025/10/9,,,
360673752,2025/10/9 8:01,Spot Lead,Transaction Revenue,USDT,12784.25426,,,,,2025/10/9,,,
360673752,2025/10/9 8:01,Spot Lead,Transaction Fee,USDT,-12.78425426,,,,,2025/10/9,,,
360673752,2025/10/9 8:01,Spot Lead,Transaction Fee,USDT,-2.99859511,,,,,2025/10/9,,,
360673752,2025/10/9 8:01,Spot Lead,Transaction Sold,BTC,-0.10487,,,,,2025/10/9,,,
360673752,2025/10/9 8:01,Spot Lead,Transaction Sold,BTC,-0.01649,,,,,2025/10/9,,,
360673752,2025/10/9 8:01,Spot Lead,Transaction Fee,USDT,-6.02400692,,,,,2025/10/9,,,
360673752,2025/10/9 8:01,Spot Lead,Transaction Sold,BTC,-0.0246,,,,,2025/10/9,,,
360673752,2025/10/9 8:01,Spot Lead,Transaction Sold,BTC,-0.10488,,,,,2025/10/9,,,
360673752,2025/10/9 8:01,Spot Lead,Transaction Revenue,USDT,86.5448181,,,,,2025/10/9,,,
360673752,2025/10/9 8:01,Spot Lead,Transaction Revenue,USDT,2091.702928,,,,,2025/10/9,,,
360673752,2025/10/9 8:01,Spot Lead,Transaction Revenue,USDT,2998.595106,,,,,2025/10/9,,,
360673752,2025/10/9 8:01,Spot Lead,Transaction Sold,BTC,-0.10488,,,,,2025/10/9,,,
360673752,2025/10/9 8:01,Spot Lead,Transaction Revenue,USDT,6024.006916,,,,,2025/10/9,,,
360673752,2025/10/9 8:01,Spot Lead,Transaction Revenue,USDT,12784.25426,,,,,2025/10/9,,,
360673752,2025/10/9 8:01,Spot Lead,Transaction Revenue,USDT,2637.78854,,,,,2025/10/9,,,
360673752,2025/10/9 8:01,Spot Lead,Transaction Sold,BTC,-0.0246,,,,,2025/10/9,,,
360673752,2025/10/9 8:01,Spot Lead,Transaction Fee,USDT,-0.03169247,,,,,2025/10/9,,,
360673752,2025/10/9 8:01,Spot Lead,Transaction Revenue,USDT,12784.25426,,,,,2025/10/9,,,
360673752,2025/10/9 8:01,Spot Lead,Transaction Fee,USDT,-2.01003387,,,,,2025/10/9,,,
360673752,2025/10/9 8:01,Spot Lead,Transaction Revenue,USDT,2010.033874,,,,,2025/10/9,,,
360673752,2025/10/9 8:01,Spot Lead,Transaction Revenue,USDT,2998.595106,,,,,2025/10/9,,,
360673752,2025/10/9 8:01,Spot Lead,Transaction Sold,BTC,-0.00071,,,,,2025/10/9,,,
360673752,2025/10/9 8:01,Spot Lead,Transaction Sold,BTC,-0.01716,,,,,2025/10/9,,,
360673752,2025/10/9 8:01,Spot Lead,Transaction Sold,BTC,-0.10487,,,,,2025/10/9,,,
360673752,2025/10/9 8:01,Spot Lead,Transaction Fee,USDT,-12.78303532,,,,,2025/10/9,,,
360673752,2025/10/9 8:01,Spot Lead,Transaction Sold,BTC,-0.02164,,,,,2025/10/9,,,
360673752,2025/10/9 8:01,Spot Lead,Transaction Sold,BTC,-0.00196,,,,,2025/10/9,,,
360673752,2025/10/9 8:01,Spot Lead,Transaction Sold,BTC,-0.04942,,,,,2025/10/9,,,
360673752,2025/10/9 8:01,Spot Lead,Transaction Revenue,USDT,12783.03532,,,,,2025/10/9,,,
360673752,2025/10/9 8:01,Spot Lead,Transaction Sold,BTC,-0.10487,,,,,2025/10/9,,,
360673752,2025/10/9 8:01,Spot Lead,Transaction Revenue,USDT,12783.03532,,,,,2025/10/9,,,
360673752,2025/10/9 8:01,Spot Lead,Transaction Fee,USDT,-12.78303532,,,,,2025/10/9,,,
360673752,2025/10/9 8:01,Spot Lead,Transaction Fee,USDT,-2.63778854,,,,,2025/10/9,,,
360673752,2025/10/9 8:01,Spot Lead,Transaction Revenue,USDT,12783.03532,,,,,2025/10/9,,,
360673752,2025/10/9 8:01,Spot Lead,Transaction Revenue,USDT,238.9124556,,,,,2025/10/9,,,
360673752,2025/10/9 8:02,USD-M Futures,Realized Profit and Loss,USDT,137.1395522,TradeID - 6697572980,,,,2025/10/9,,,
360673752,2025/10/9 8:02,USD-M Futures,Fee,USDT,-0.8533672,TradeID - 6697572980,,,,2025/10/9,,,
360673752,2025/10/9 8:03,USD-M Futures,Fee,USDT,-0.8531523,TradeID - 6697573883,,,,2025/10/9,,,
360673752,2025/10/9 8:03,USD-M Futures,Realized Profit and Loss,USDT,120.107,TradeID - 6697573883,,,,2025/10/9,,,
360673752,2025/10/9 8:05,Spot Lead,Transaction Revenue,USDT,663.2272832,,,,,2025/10/9,,,
360673752,2025/10/9 8:05,Spot Lead,Transaction Fee,USDT,-0.66322728,,,,,2025/10/9,,,
360673752,2025/10/9 8:05,Spot Lead,Transaction Sold,BTC,-0.00544,,,,,2025/10/9,,,
360673752,2025/10/10 18:01,Spot,Copy Portfolio (Spot) - Profit Sharing with Leader,USDT,0.16086821,Binance Copy Trading,,,,2025/10/10,,,
360673752,2025/10/10 21:37,Spot,Copy Portfolio (Spot) - Profit Sharing with Leader,USDT,0.25947221,Binance Copy Trading,,,,2025/10/10,,,
360673752,2025/10/10 23:49,Spot Lead,Transaction Buy,BTC,0.00005,,,,,2025/10/10,,,
360673752,2025/10/10 23:49,Spot Lead,Transaction Spend,USDT,-5.698904,,,,,2025/10/10,,,
360673752,2025/10/10 23:49,Spot Lead,Transaction Buy,BTC,0.00014,,,,,2025/10/10,,,
360673752,2025/10/10 23:49,Spot Lead,Transaction Spend,USDT,-975.6523648,,,,,2025/10/10,,,
360673752,2025/10/10 23:49,Spot Lead,Transaction Spend,USDT,-79.784656,,,,,2025/10/10,,,
360673752,2025/10/10 23:49,Spot Lead,Transaction Spend,USDT,-933.4804752,,,,,2025/10/10,,,
360673752,2025/10/10 23:49,Spot Lead,Transaction Fee,BTC,-1.00E-07,,,,,2025/10/10,,,
360673752,2025/10/10 23:49,Spot Lead,Transaction Buy,BTC,0.00068,,,,,2025/10/10,,,
360673752,2025/10/10 23:49,Spot Lead,Transaction Buy,BTC,0.05429,,,,,2025/10/10,,,
360673752,2025/10/10 23:49,Spot Lead,Transaction Spend,USDT,-2245.368176,,,,,2025/10/10,,,
360673752,2025/10/10 23:49,Spot Lead,Transaction Fee,BTC,-0.00000532,,,,,2025/10/10,,,
360673752,2025/10/10 23:49,Spot Lead,Transaction Spend,USDT,-5.698904,,,,,2025/10/10,,,
360673752,2025/10/10 23:49,Spot Lead,Transaction Buy,BTC,0.0007,,,,,2025/10/10,,,
360673752,2025/10/10 23:49,Spot Lead,Transaction Buy,BTC,0.00005,,,,,2025/10/10,,,
360673752,2025/10/10 23:49,Spot Lead,Transaction Buy,BTC,0.05264,,,,,2025/10/10,,,
360673752,2025/10/10 23:49,Spot Lead,Transaction Spend,USDT,-77.5050944,,,,,2025/10/10,,,
360673752,2025/10/10 23:49,Spot Lead,Transaction Spend,USDT,-51035.96488,,,,,2025/10/10,,,
360673752,2025/10/10 23:49,Spot Lead,Transaction Spend,USDT,-34031.57513,,,,,2025/10/10,,,
360673752,2025/10/10 23:49,Spot Lead,Transaction Fee,BTC,-5.00E-08,,,,,2025/10/10,,,
360673752,2025/10/10 23:49,Spot Lead,Transaction Buy,BTC,0.00005,,,,,2025/10/10,,,
360673752,2025/10/10 23:49,Spot Lead,Transaction Spend,USDT,-606.3633856,,,,,2025/10/10,,,
360673752,2025/10/10 23:49,Spot Lead,Transaction Fee,BTC,-0.00000325,,,,,2025/10/10,,,
360673752,2025/10/10 23:49,Spot Lead,Transaction Buy,BTC,0.03752,,,,,2025/10/10,,,
360673752,2025/10/10 23:49,Spot Lead,Transaction Spend,USDT,-5999.806131,,,,,2025/10/10,,,
360673752,2025/10/10 23:49,Spot Lead,Transaction Buy,BTC,0.00005,,,,,2025/10/10,,,
360673752,2025/10/10 23:49,Spot Lead,Transaction Fee,BTC,-1.40E-07,,,,,2025/10/10,,,
360673752,2025/10/10 23:49,Spot Lead,Transaction Fee,BTC,-0.00006892,,,,,2025/10/10,,,
360673752,2025/10/10 23:49,Spot Lead,Transaction Buy,BTC,0.00856,,,,,2025/10/10,,,
360673752,2025/10/10 23:49,Spot Lead,Transaction Spend,USDT,-5.698904,,,,,2025/10/10,,,
360673752,2025/10/10 23:49,Spot Lead,Transaction Buy,BTC,0.00532,,,,,2025/10/10,,,
360673752,2025/10/10 23:49,Spot Lead,Transaction Spend,USDT,-482.1272784,,,,,2025/10/10,,,
360673752,2025/10/10 23:49,Spot Lead,Transaction Buy,BTC,0.00005,,,,,2025/10/10,,,
360673752,2025/10/10 23:49,Spot Lead,Transaction Fee,BTC,-0.00005264,,,,,2025/10/10,,,
360673752,2025/10/10 23:49,Spot Lead,Transaction Spend,USDT,-6187.869963,,,,,2025/10/10,,,
360673752,2025/10/10 23:49,Spot Lead,Transaction Fee,BTC,-0.000413,,,,,2025/10/10,,,
360673752,2025/10/10 23:49,Spot Lead,Transaction Spend,USDT,-5.698904,,,,,2025/10/10,,,
360673752,2025/10/10 23:49,Spot Lead,Transaction Spend,USDT,-21772.09284,,,,,2025/10/10,,,
360673752,2025/10/10 23:49,Spot Lead,Transaction Spend,USDT,-912.9644208,,,,,2025/10/10,,,
360673752,2025/10/10 23:49,Spot Lead,Transaction Buy,BTC,0.00005,,,,,2025/10/10,,,
360673752,2025/10/10 23:49,Spot Lead,Transaction Spend,USDT,-79.784656,,,,,2025/10/10,,,
360673752,2025/10/10 23:49,Spot Lead,Transaction Buy,BTC,0.00005,,,,,2025/10/10,,,
360673752,2025/10/10 23:49,Spot Lead,Transaction Buy,BTC,0.0001,,,,,2025/10/10,,,
360673752,2025/10/10 23:49,Spot Lead,Transaction Fee,BTC,-5.00E-08,,,,,2025/10/10,,,
360673752,2025/10/10 23:49,Spot Lead,Transaction Buy,BTC,0.00133,,,,,2025/10/10,,,
360673752,2025/10/10 23:49,Spot Lead,Transaction Buy,BTC,0.1708,,,,,2025/10/10,,,
360673752,2025/10/10 23:49,Spot Lead,Transaction Spend,USDT,-7855.369274,,,,,2025/10/10,,,
360673752,2025/10/10 23:49,Spot Lead,Transaction Buy,BTC,0.04251,,,,,2025/10/10,,,
360673752,2025/10/10 23:49,Spot Lead,Transaction Buy,BTC,0.00005,,,,,2025/10/10,,,
360673752,2025/10/10 23:49,Spot Lead,Transaction Buy,BTC,0.0001,,,,,2025/10/10,,,
360673752,2025/10/10 23:49,Spot Lead,Transaction Spend,USDT,-5.698904,,,,,2025/10/10,,,
360673752,2025/10/10 23:49,Spot Lead,Transaction Spend,USDT,-583.5677696,,,,,2025/10/10,,,
360673752,2025/10/10 23:49,Spot Lead,Transaction Fee,BTC,-0.00000512,,,,,2025/10/10,,,
360673752,2025/10/10 23:49,Spot Lead,Transaction Spend,USDT,-5.698904,,,,,2025/10/10,,,
360673752,2025/10/10 23:49,Spot Lead,Transaction Fee,BTC,-0.00000856,,,,,2025/10/10,,,
360673752,2025/10/10 23:49,Spot Lead,Transaction Fee,BTC,-0.00000133,,,,,2025/10/10,,,
360673752,2025/10/10 23:49,Spot Lead,Transaction Spend,USDT,-5.698904,,,,,2025/10/10,,,
360673752,2025/10/10 23:49,Spot Lead,Transaction Fee,BTC,-5.00E-08,,,,,2025/10/10,,,
360673752,2025/10/10 23:49,Spot Lead,Transaction Spend,USDT,-370.42876,,,,,2025/10/10,,,
360673752,2025/10/10 23:49,Spot Lead,Transaction Spend,USDT,-4845.208181,,,,,2025/10/10,,,
360673752,2025/10/10 23:49,Spot Lead,Transaction Buy,BTC,0.44777,,,,,2025/10/10,,,
360673752,2025/10/10 23:49,Spot Lead,Transaction Buy,BTC,0.00512,,,,,2025/10/10,,,
360673752,2025/10/10 23:49,Spot Lead,Transaction Spend,USDT,-5999.806131,,,,,2025/10/10,,,
360673752,2025/10/10 23:49,Spot Lead,Transaction Spend,USDT,-50.1503552,,,,,2025/10/10,,,
360673752,2025/10/10 23:49,Spot Lead,Transaction Buy,BTC,0.02797,,,,,2025/10/10,,,
360673752,2025/10/10 23:49,Spot Lead,Transaction Buy,BTC,0.00005,,,,,2025/10/10,,,
360673752,2025/10/10 23:49,Spot Lead,Transaction Fee,BTC,-0.00004251,,,,,2025/10/10,,,
360673752,2025/10/10 23:49,Spot Lead,Transaction Fee,BTC,-5.00E-08,,,,,2025/10/10,,,
360673752,2025/10/10 23:49,Spot Lead,Transaction Buy,BTC,0.00801,,,,,2025/10/10,,,
360673752,2025/10/10 23:49,Spot Lead,Transaction Buy,BTC,0.00005,,,,,2025/10/10,,,
360673752,2025/10/10 23:49,Spot Lead,Transaction Fee,BTC,-5.00E-08,,,,,2025/10/10,,,
360673752,2025/10/10 23:49,Spot Lead,Transaction Buy,BTC,0.00008,,,,,2025/10/10,,,
360673752,2025/10/10 23:49,Spot Lead,Transaction Buy,BTC,0.29858,,,,,2025/10/10,,,
360673752,2025/10/10 23:49,Spot Lead,Transaction Spend,USDT,-3187.966898,,,,,2025/10/10,,,
360673752,2025/10/10 23:49,Spot Lead,Transaction Fee,BTC,-7.00E-07,,,,,2025/10/10,,,
360673752,2025/10/10 23:49,Spot Lead,Transaction Fee,BTC,-5.00E-08,,,,,2025/10/10,,,
360673752,2025/10/10 23:49,Spot Lead,Transaction Spend,USDT,-5.698904,,,,,2025/10/10,,,
360673752,2025/10/10 23:49,Spot Lead,Transaction Spend,USDT,-34.193424,,,,,2025/10/10,,,
360673752,2025/10/10 23:49,Spot Lead,Transaction Fee,BTC,-0.00004674,,,,,2025/10/10,,,
360673752,2025/10/10 23:49,Spot Lead,Transaction Spend,USDT,-8291.90532,,,,,2025/10/10,,,
360673752,2025/10/10 23:49,Spot Lead,Transaction Buy,BTC,0.05264,,,,,2025/10/10,,,
360673752,2025/10/10 23:49,Spot Lead,Transaction Fee,BTC,-0.00019102,,,,,2025/10/10,,,
360673752,2025/10/10 23:49,Spot Lead,Transaction Fee,BTC,-5.00E-08,,,,,2025/10/10,,,
360673752,2025/10/10 23:49,Spot Lead,Transaction Spend,USDT,-11218.86241,,,,,2025/10/10,,,
360673752,2025/10/10 23:49,Spot Lead,Transaction Fee,BTC,-1.00E-07,,,,,2025/10/10,,,
360673752,2025/10/10 23:49,Spot Lead,Transaction Buy,BTC,0.00423,,,,,2025/10/10,,,
360673752,2025/10/10 23:49,Spot Lead,Transaction Fee,BTC,-0.00009843,,,,,2025/10/10,,,
360673752,2025/10/10 23:49,Spot Lead,Transaction Buy,BTC,0.19102,,,,,2025/10/10,,,
360673752,2025/10/10 23:49,Spot Lead,Transaction Fee,BTC,-0.00002797,,,,,2025/10/10,,,
360673752,2025/10/10 23:49,Spot Lead,Transaction Fee,BTC,-0.0000197,,,,,2025/10/10,,,
360673752,2025/10/10 23:49,Spot Lead,Transaction Buy,BTC,0.0001,,,,,2025/10/10,,,
360673752,2025/10/10 23:49,Spot Lead,Transaction Spend,USDT,-34193.424,,,,,2025/10/10,,,
360673752,2025/10/10 23:49,Spot Lead,Transaction Fee,BTC,-4.40E-07,,,,,2025/10/10,,,
360673752,2025/10/10 23:49,Spot Lead,Transaction Buy,BTC,0.09843,,,,,2025/10/10,,,
360673752,2025/10/10 23:49,Spot Lead,Transaction Spend,USDT,-19467.45606,,,,,2025/10/10,,,
360673752,2025/10/10 23:49,Spot Lead,Transaction Spend,USDT,-11.397808,,,,,2025/10/10,,,
360673752,2025/10/10 23:49,Spot Lead,Transaction Fee,BTC,-0.0001708,,,,,2025/10/10,,,
360673752,2025/10/10 23:49,Spot Lead,Transaction Fee,BTC,-0.00005429,,,,,2025/10/10,,,
360673752,2025/10/10 23:49,Spot Lead,Transaction Spend,USDT,-11.397808,,,,,2025/10/10,,,
360673752,2025/10/10 23:49,Spot Lead,Transaction Buy,BTC,0.27631,,,,,2025/10/10,,,
360673752,2025/10/10 23:49,Spot Lead,Transaction Fee,BTC,-5.00E-08,,,,,2025/10/10,,,
360673752,2025/10/10 23:49,Spot Lead,Transaction Fee,BTC,-5.00E-08,,,,,2025/10/10,,,
360673752,2025/10/10 23:49,Spot Lead,Transaction Spend,USDT,-1267.43625,,,,,2025/10/10,,,
360673752,2025/10/10 23:49,Spot Lead,Transaction Spend,USDT,-11.397808,,,,,2025/10/10,,,
360673752,2025/10/10 23:49,Spot Lead,Transaction Spend,USDT,-4276.457562,,,,,2025/10/10,,,
360673752,2025/10/10 23:49,Spot Lead,Transaction Fee,BTC,-8.00E-08,,,,,2025/10/10,,,
360673752,2025/10/10 23:49,Spot Lead,Transaction Fee,BTC,-0.00029858,,,,,2025/10/10,,,
360673752,2025/10/10 23:49,Spot Lead,Transaction Spend,USDT,-9.1182464,,,,,2025/10/10,,,
360673752,2025/10/10 23:49,Spot Lead,Transaction Fee,BTC,-5.00E-08,,,,,2025/10/10,,,
360673752,2025/10/10 23:49,Spot Lead,Transaction Fee,BTC,-0.00044777,,,,,2025/10/10,,,
360673752,2025/10/10 23:49,Spot Lead,Transaction Fee,BTC,-3.00E-07,,,,,2025/10/10,,,
360673752,2025/10/10 23:49,Spot Lead,Transaction Buy,BTC,0.00005,,,,,2025/10/10,,,
360673752,2025/10/10 23:49,Spot Lead,Transaction Fee,BTC,-0.00000819,,,,,2025/10/10,,,
360673752,2025/10/10 23:49,Spot Lead,Transaction Spend,USDT,-151.5908464,,,,,2025/10/10,,,
360673752,2025/10/10 23:49,Spot Lead,Transaction Fee,BTC,-0.00000423,,,,,2025/10/10,,,
360673752,2025/10/10 23:49,Spot Lead,Transaction Fee,BTC,-5.00E-08,,,,,2025/10/10,,,
360673752,2025/10/10 23:49,Spot Lead,Transaction Fee,BTC,-0.00001112,,,,,2025/10/10,,,
360673752,2025/10/10 23:49,Spot Lead,Transaction Buy,BTC,0.06892,,,,,2025/10/10,,,
360673752,2025/10/10 23:49,Spot Lead,Transaction Buy,BTC,0.01112,,,,,2025/10/10,,,
360673752,2025/10/10 23:49,Spot Lead,Transaction Buy,BTC,0.0003,,,,,2025/10/10,,,
360673752,2025/10/10 23:49,Spot Lead,Transaction Fee,BTC,-1.00E-07,,,,,2025/10/10,,,
360673752,2025/10/10 23:49,Spot Lead,Transaction Buy,BTC,0.3,,,,,2025/10/10,,,
360673752,2025/10/10 23:49,Spot Lead,Transaction Buy,BTC,0.0007,,,,,2025/10/10,,,
360673752,2025/10/10 23:49,Spot Lead,Transaction Fee,BTC,-7.00E-07,,,,,2025/10/10,,,
360673752,2025/10/10 23:49,Spot Lead,Transaction Spend,USDT,-5.698904,,,,,2025/10/10,,,
360673752,2025/10/10 23:49,Spot Lead,Transaction Fee,BTC,-0.00007275,,,,,2025/10/10,,,
360673752,2025/10/10 23:49,Spot Lead,Transaction Buy,BTC,0.0197,,,,,2025/10/10,,,
360673752,2025/10/10 23:49,Spot Lead,Transaction Buy,BTC,0.04674,,,,,2025/10/10,,,
360673752,2025/10/10 23:49,Spot Lead,Transaction Spend,USDT,-31493.28328,,,,,2025/10/10,,,
360673752,2025/10/10 23:49,Spot Lead,Transaction Fee,BTC,-0.00005264,,,,,2025/10/10,,,
360673752,2025/10/10 23:49,Spot Lead,Transaction Buy,BTC,0.413,,,,,2025/10/10,,,
360673752,2025/10/10 23:49,Spot Lead,Transaction Buy,BTC,0.00325,,,,,2025/10/10,,,
360673752,2025/10/10 23:49,Spot Lead,Transaction Spend,USDT,-47072.94704,,,,,2025/10/10,,,
360673752,2025/10/10 23:49,Spot Lead,Transaction Fee,BTC,-0.00027631,,,,,2025/10/10,,,
360673752,2025/10/10 23:49,Spot Lead,Transaction Spend,USDT,-5327.335459,,,,,2025/10/10,,,
360673752,2025/10/10 23:49,Spot Lead,Transaction Spend,USDT,-5.698904,,,,,2025/10/10,,,
360673752,2025/10/10 23:49,Spot Lead,Transaction Buy,BTC,0.00044,,,,,2025/10/10,,,
360673752,2025/10/10 23:49,Spot Lead,Transaction Fee,BTC,-0.00000801,,,,,2025/10/10,,,
360673752,2025/10/10 23:49,Spot Lead,Transaction Spend,USDT,-15.9569312,,,,,2025/10/10,,,
360673752,2025/10/10 23:49,Spot Lead,Transaction Fee,BTC,-6.80E-07,,,,,2025/10/10,,,
360673752,2025/10/10 23:49,Spot Lead,Transaction Fee,BTC,-0.00003752,,,,,2025/10/10,,,
360673752,2025/10/10 23:49,Spot Lead,Transaction Buy,BTC,0.07275,,,,,2025/10/10,,,
360673752,2025/10/10 23:49,Spot Lead,Transaction Spend,USDT,-5.698904,,,,,2025/10/10,,,
360673752,2025/10/10 23:49,Spot Lead,Transaction Fee,BTC,-0.0003,,,,,2025/10/10,,,
360673752,2025/10/10 23:49,Spot Lead,Transaction Buy,BTC,0.00819,,,,,2025/10/10,,,
360673752,2025/10/10 23:49,USD-M Futures,Fee,USDT,-0.8514495,TradeID - 6709611584,,,,2025/10/10,,,
360673752,2025/10/10 23:50,USD-M Futures,Fee,USDT,-0.850581,TradeID - 6709619004,,,,2025/10/10,,,
360673752,2025/10/10 23:51,Spot Lead,Transaction Spend,USDT,-663.3109665,,,,,2025/10/10,,,
360673752,2025/10/10 23:51,Spot Lead,Transaction Fee,BTC,-0.00000585,,,,,2025/10/10,,,
360673752,2025/10/10 23:51,Spot Lead,Transaction Buy,BTC,0.00585,,,,,2025/10/10,,,
360673752,2025/10/11 0:00,USD-M Futures,Funding Fee,USDT,-0.1690752,,,,,2025/10/11,,,
360673752,2025/10/11 0:00,USD-M Futures,Funding Fee,USDT,-0.1690752,,,,,2025/10/11,,,
360673752,2025/10/11 2:45,Funding,P2P Trading,USDT,547.19,P2P - 22810156489582645248,,,,2025/10/11,,,
360673752,2025/10/11 2:47,Funding,Send,USDT,-547.19,Binance Pay - P_A1WE3RRMHND71112,,,,2025/10/11,,,
360673752,2025/10/11 8:00,USD-M Futures,Funding Fee,USDT,-0.16549787,,,,,2025/10/11,,,
360673752,2025/10/11 8:00,USD-M Futures,Funding Fee,USDT,-0.16549787,,,,,2025/10/11,,,
360673752,2025/10/11 12:24,Spot,Copy Portfolio (Spot) - Profit Sharing with Leader,USDT,3.95594718,Binance Copy Trading,,,,2025/10/11,,,
360673752,2025/10/11 16:00,USD-M Futures,Funding Fee,USDT,-0.00782769,,,,,2025/10/11,,,
360673752,2025/10/11 16:00,USD-M Futures,Funding Fee,USDT,-0.00782769,,,,,2025/10/11,,,
360673752,2025/10/11 19:44,Spot,Copy Portfolio (Spot) - Profit Sharing with Leader,USDT,31.60729036,Binance Copy Trading,,,,2025/10/11,,,
360673752,2025/10/11 22:41,Spot,Copy Portfolio (Spot) - Profit Sharing with Leader,USDT,0.95032003,Binance Copy Trading,,,,2025/10/11,,,
360673752,2025/10/12 0:00,USD-M Futures,Funding Fee,USDT,0.05067287,,,,,2025/10/12,,,
360673752,2025/10/12 0:00,USD-M Futures,Funding Fee,USDT,0.05067287,,,,,2025/10/12,,,
360673752,2025/10/12 8:00,USD-M Futures,Funding Fee,USDT,-0.04790341,,,,,2025/10/12,,,
360673752,2025/10/12 8:00,USD-M Futures,Funding Fee,USDT,-0.04790341,,,,,2025/10/12,,,
360673752,2025/10/12 16:00,USD-M Futures,Funding Fee,USDT,0.18521207,,,,,2025/10/12,,,
360673752,2025/10/12 16:00,USD-M Futures,Funding Fee,USDT,0.18521207,,,,,2025/10/12,,,
360673752,2025/10/12 17:22,Spot,Copy Portfolio (Spot) - Profit Sharing with Leader,USDT,0.14792376,Binance Copy Trading,,,,2025/10/12,,,
360673752,2025/10/12 22:45,Spot,Copy Portfolio (Spot) - Profit Sharing with Leader,USDT,3.91454522,Binance Copy Trading,,,,2025/10/12,,,
360673752,2025/10/12 23:34,Spot,Copy Portfolio (Spot) - Profit Sharing with Leader,USDT,0.17003317,Binance Copy Trading,,,,2025/10/12,,,
360673752,2025/10/13 0:00,USD-M Futures,Funding Fee,USDT,0.06793705,,,,,2025/10/13,,,
360673752,2025/10/13 0:00,USD-M Futures,Funding Fee,USDT,0.06793705,,,,,2025/10/13,,,
360673752,2025/10/13 0:21,Spot,Copy Portfolio (Spot) - Profit Sharing with Leader,USDT,0.07195481,Binance Copy Trading,,,,2025/10/13,,,
360673752,2025/10/13 0:21,Spot,Copy Portfolio (Spot) - Profit Sharing with Leader,USDT,0.04796987,Binance Copy Trading,,,,2025/10/13,,,
360673752,2025/10/13 0:21,Spot,Copy Portfolio (Spot) - Profit Sharing with Leader,USDT,0.04796987,Binance Copy Trading,,,,2025/10/13,,,
360673752,2025/10/13 0:21,Spot,Copy Portfolio (Spot) - Profit Sharing with Leader,USDT,0.04796987,Binance Copy Trading,,,,2025/10/13,,,
360673752,2025/10/13 0:21,Spot,Copy Portfolio (Spot) - Profit Sharing with Leader,USDT,0.04796987,Binance Copy Trading,,,,2025/10/13,,,
360673752,2025/10/13 0:22,Spot,Copy Portfolio (Spot) - Profit Sharing with Leader,USDT,0.01486682,Binance Copy Trading,,,,2025/10/13,,,
360673752,2025/10/13 0:22,Spot,Copy Portfolio (Spot) - Profit Sharing with Leader,USDT,1.1152995,Binance Copy Trading,,,,2025/10/13,,,
360673752,2025/10/13 0:22,Spot,Copy Portfolio (Spot) - Profit Sharing with Leader,USDT,0.55165352,Binance Copy Trading,,,,2025/10/13,,,
360673752,2025/10/13 0:22,Spot,Copy Portfolio (Spot) - Profit Sharing with Leader,USDT,1.1152995,Binance Copy Trading,,,,2025/10/13,,,
360673752,2025/10/13 0:22,Spot,Copy Portfolio (Spot) - Profit Sharing with Leader,USDT,0.83347651,Binance Copy Trading,,,,2025/10/13,,,
360673752,2025/10/13 0:22,Spot,Copy Portfolio (Spot) - Profit Sharing with Leader,USDT,0.2594722,Binance Copy Trading,,,,2025/10/13,,,
360673752,2025/10/13 0:22,Spot,Copy Portfolio (Spot) - Profit Sharing with Leader,USDT,0.55165352,Binance Copy Trading,,,,2025/10/13,,,
360673752,2025/10/13 0:22,Spot,Copy Portfolio (Spot) - Profit Sharing with Leader,USDT,0.71954807,Binance Copy Trading,,,,2025/10/13,,,
360673752,2025/10/13 0:22,Spot,Copy Portfolio (Spot) - Profit Sharing with Leader,USDT,0.55165352,Binance Copy Trading,,,,2025/10/13,,,
360673752,2025/10/13 0:22,Spot,Copy Portfolio (Spot) - Profit Sharing with Leader,USDT,0.55764975,Binance Copy Trading,,,,2025/10/13,,,
360673752,2025/10/13 0:22,Spot,Copy Portfolio (Spot) - Profit Sharing with Leader,USDT,0.10193598,Binance Copy Trading,,,,2025/10/13,,,
360673752,2025/10/13 0:22,Spot,Copy Portfolio (Spot) - Profit Sharing with Leader,USDT,0.07756139,Binance Copy Trading,,,,2025/10/13,,,
360673752,2025/10/13 0:22,Spot,Copy Portfolio (Spot) - Profit Sharing with Leader,USDT,0.17898942,Binance Copy Trading,,,,2025/10/13,,,
360673752,2025/10/13 0:23,Spot,Copy Portfolio (Spot) - Profit Sharing with Leader,USDT,0.14990585,Binance Copy Trading,,,,2025/10/13,,,
360673752,2025/10/13 0:23,Spot,Copy Portfolio (Spot) - Profit Sharing with Leader,USDT,0.33933351,Binance Copy Trading,,,,2025/10/13,,,
360673752,2025/10/13 0:23,Spot,Copy Portfolio (Spot) - Profit Sharing with Leader,USDT,0.80949158,Binance Copy Trading,,,,2025/10/13,,,
360673752,2025/10/13 0:23,Spot,Copy Portfolio (Spot) - Profit Sharing with Leader,USDT,0.02277895,Binance Copy Trading,,,,2025/10/13,,,
360673752,2025/10/13 0:23,Spot,Copy Portfolio (Spot) - Profit Sharing with Leader,USDT,0.25947221,Binance Copy Trading,,,,2025/10/13,,,
360673752,2025/10/13 0:23,Spot,Copy Portfolio (Spot) - Profit Sharing with Leader,USDT,0.4156461,Binance Copy Trading,,,,2025/10/13,,,
360673752,2025/10/13 0:23,Spot,Copy Portfolio (Spot) - Profit Sharing with Leader,USDT,0.06251189,Binance Copy Trading,,,,2025/10/13,,,
360673752,2025/10/13 0:23,Spot,Copy Portfolio (Spot) - Profit Sharing with Leader,USDT,0.25947221,Binance Copy Trading,,,,2025/10/13,,,
360673752,2025/10/13 0:23,Spot,Copy Portfolio (Spot) - Profit Sharing with Leader,USDT,0.32027001,Binance Copy Trading,,,,2025/10/13,,,
360673752,2025/10/13 0:23,Spot,Copy Portfolio (Spot) - Profit Sharing with Leader,USDT,0.80949158,Binance Copy Trading,,,,2025/10/13,,,
360673752,2025/10/13 0:23,Spot,Copy Portfolio (Spot) - Profit Sharing with Leader,USDT,0.38943467,Binance Copy Trading,,,,2025/10/13,,,
360673752,2025/10/13 0:23,Spot,Copy Portfolio (Spot) - Profit Sharing with Leader,USDT,0.21410111,Binance Copy Trading,,,,2025/10/13,,,
360673752,2025/10/13 0:23,Spot,Copy Portfolio (Spot) - Profit Sharing with Leader,USDT,0.10906651,Binance Copy Trading,,,,2025/10/13,,,
360673752,2025/10/13 0:23,Spot,Copy Portfolio (Spot) - Profit Sharing with Leader,USDT,1.60699069,Binance Copy Trading,,,,2025/10/13,,,
360673752,2025/10/13 0:23,Spot,Copy Portfolio (Spot) - Profit Sharing with Leader,USDT,0.39389192,Binance Copy Trading,,,,2025/10/13,,,
360673752,2025/10/13 0:23,Spot,Copy Portfolio (Spot) - Profit Sharing with Leader,USDT,0.39389192,Binance Copy Trading,,,,2025/10/13,,,
360673752,2025/10/13 0:23,Spot,Copy Portfolio (Spot) - Profit Sharing with Leader,USDT,0.39389192,Binance Copy Trading,,,,2025/10/13,,,
360673752,2025/10/13 0:23,Spot,Copy Portfolio (Spot) - Profit Sharing with Leader,USDT,0.5677827,Binance Copy Trading,,,,2025/10/13,,,
360673752,2025/10/13 0:23,Spot,Copy Portfolio (Spot) - Profit Sharing with Leader,USDT,0.39389192,Binance Copy Trading,,,,2025/10/13,,,
360673752,2025/10/13 0:23,Spot,Copy Portfolio (Spot) - Profit Sharing with Leader,USDT,0.42959424,Binance Copy Trading,,,,2025/10/13,,,
360673752,2025/10/13 0:23,Spot,Copy Portfolio (Spot) - Profit Sharing with Leader,USDT,0.39389192,Binance Copy Trading,,,,2025/10/13,,,
360673752,2025/10/13 0:23,Spot,Copy Portfolio (Spot) - Profit Sharing with Leader,USDT,0.13768801,Binance Copy Trading,,,,2025/10/13,,,
360673752,2025/10/13 0:23,Spot,Copy Portfolio (Spot) - Profit Sharing with Leader,USDT,0.13768801,Binance Copy Trading,,,,2025/10/13,,,
360673752,2025/10/13 0:23,Spot,Copy Portfolio (Spot) - Profit Sharing with Leader,USDT,0.41188062,Binance Copy Trading,,,,2025/10/13,,,
360673752,2025/10/13 0:23,Spot,Copy Portfolio (Spot) - Profit Sharing with Leader,USDT,0.39389192,Binance Copy Trading,,,,2025/10/13,,,
360673752,2025/10/13 0:23,Spot,Copy Portfolio (Spot) - Profit Sharing with Leader,USDT,0.25072049,Binance Copy Trading,,,,2025/10/13,,,
360673752,2025/10/13 0:23,Spot,Copy Portfolio (Spot) - Profit Sharing with Leader,USDT,0.51275959,Binance Copy Trading,,,,2025/10/13,,,
360673752,2025/10/13 0:23,Spot,Copy Portfolio (Spot) - Profit Sharing with Leader,USDT,0.02812165,Binance Copy Trading,,,,2025/10/13,,,
360673752,2025/10/13 0:23,Spot,Copy Portfolio (Spot) - Profit Sharing with Leader,USDT,0.3932968,Binance Copy Trading,,,,2025/10/13,,,
360673752,2025/10/13 0:23,Spot,Copy Portfolio (Spot) - Profit Sharing with Leader,USDT,0.19240474,Binance Copy Trading,,,,2025/10/13,,,
360673752,2025/10/13 0:23,Spot,Copy Portfolio (Spot) - Profit Sharing with Leader,USDT,0.3932968,Binance Copy Trading,,,,2025/10/13,,,
360673752,2025/10/13 0:23,Spot,Copy Portfolio (Spot) - Profit Sharing with Leader,USDT,0.3932968,Binance Copy Trading,,,,2025/10/13,,,
360673752,2025/10/13 0:23,Spot,Copy Portfolio (Spot) - Profit Sharing with Leader,USDT,0.65083729,Binance Copy Trading,,,,2025/10/13,,,
360673752,2025/10/13 0:23,Spot,Copy Portfolio (Spot) - Profit Sharing with Leader,USDT,0.0135093,Binance Copy Trading,,,,2025/10/13,,,
360673752,2025/10/13 0:23,Spot,Copy Portfolio (Spot) - Profit Sharing with Leader,USDT,0.0237612,Binance Copy Trading,,,,2025/10/13,,,
360673752,2025/10/13 0:23,Spot,Copy Portfolio (Spot) - Profit Sharing with Leader,USDT,0.03232269,Binance Copy Trading,,,,2025/10/13,,,
360673752,2025/10/13 0:23,Spot,Copy Portfolio (Spot) - Profit Sharing with Leader,USDT,0.7172422,Binance Copy Trading,,,,2025/10/13,,,
360673752,2025/10/13 0:23,Spot,Copy Portfolio (Spot) - Profit Sharing with Leader,USDT,0.64875025,Binance Copy Trading,,,,2025/10/13,,,
360673752,2025/10/13 0:23,Spot,Copy Portfolio (Spot) - Profit Sharing with Leader,USDT,0.0896835,Binance Copy Trading,,,,2025/10/13,,,
360673752,2025/10/13 0:23,Spot,Copy Portfolio (Spot) - Profit Sharing with Leader,USDT,0.08971814,Binance Copy Trading,,,,2025/10/13,,,
360673752,2025/10/13 0:23,Spot,Copy Portfolio (Spot) - Profit Sharing with Leader,USDT,0.23232361,Binance Copy Trading,,,,2025/10/13,,,
360673752,2025/10/13 0:23,Spot,Copy Portfolio (Spot) - Profit Sharing with Leader,USDT,0.09710372,Binance Copy Trading,,,,2025/10/13,,,
360673752,2025/10/13 0:23,Spot,Copy Portfolio (Spot) - Profit Sharing with Leader,USDT,0.67443473,Binance Copy Trading,,,,2025/10/13,,,
360673752,2025/10/13 0:23,Spot,Copy Portfolio (Spot) - Profit Sharing with Leader,USDT,0.01347466,Binance Copy Trading,,,,2025/10/13,,,
360673752,2025/10/13 0:23,Spot,Copy Portfolio (Spot) - Profit Sharing with Leader,USDT,0.02119154,Binance Copy Trading,,,,2025/10/13,,,
360673752,2025/10/13 0:23,Spot,Copy Portfolio (Spot) - Profit Sharing with Leader,USDT,0.60430596,Binance Copy Trading,,,,2025/10/13,,,
360673752,2025/10/13 0:23,Spot,Copy Portfolio (Spot) - Profit Sharing with Leader,USDT,0.18202395,Binance Copy Trading,,,,2025/10/13,,,
360673752,2025/10/13 0:23,Spot,Copy Portfolio (Spot) - Profit Sharing with Leader,USDT,0.11053968,Binance Copy Trading,,,,2025/10/13,,,
360673752,2025/10/13 0:23,Spot,Copy Portfolio (Spot) - Profit Sharing with Leader,USDT,0.60422766,Binance Copy Trading,,,,2025/10/13,,,
360673752,2025/10/13 0:23,Spot,Copy Portfolio (Spot) - Profit Sharing with Leader,USDT,0.60422766,Binance Copy Trading,,,,2025/10/13,,,
360673752,2025/10/13 0:23,Spot,Copy Portfolio (Spot) - Profit Sharing with Leader,USDT,0.02118434,Binance Copy Trading,,,,2025/10/13,,,
360673752,2025/10/13 0:23,Spot,Copy Portfolio (Spot) - Profit Sharing with Leader,USDT,0.60422766,Binance Copy Trading,,,,2025/10/13,,,
360673752,2025/10/13 0:23,Spot,Copy Portfolio (Spot) - Profit Sharing with Leader,USDT,14.54370764,Binance Copy Trading,,,,2025/10/13,,,
360673752,2025/10/13 0:23,Spot,Copy Portfolio (Spot) - Profit Sharing with Leader,USDT,0.60422766,Binance Copy Trading,,,,2025/10/13,,,
360673752,2025/10/13 0:23,Spot,Copy Portfolio (Spot) - Profit Sharing with Leader,USDT,0.18202395,Binance Copy Trading,,,,2025/10/13,,,
360673752,2025/10/13 0:23,Spot,Copy Portfolio (Spot) - Profit Sharing with Leader,USDT,0.09832454,Binance Copy Trading,,,,2025/10/13,,,
360673752,2025/10/13 0:24,Spot,Copy Portfolio (Spot) - Profit Sharing with Leader,USDT,0.60422766,Binance Copy Trading,,,,2025/10/13,,,
360673752,2025/10/13 0:24,Spot,Copy Portfolio (Spot) - Profit Sharing with Leader,USDT,3.54165495,Binance Copy Trading,,,,2025/10/13,,,
360673752,2025/10/13 0:24,Spot,Copy Portfolio (Spot) - Profit Sharing with Leader,USDT,0.02008019,Binance Copy Trading,,,,2025/10/13,,,
360673752,2025/10/13 0:24,Spot,Copy Portfolio (Spot) - Profit Sharing with Leader,USDT,0.01165824,Binance Copy Trading,,,,2025/10/13,,,
360673752,2025/10/13 0:24,Spot,Copy Portfolio (Spot) - Profit Sharing with Leader,USDT,1.33858448,Binance Copy Trading,,,,2025/10/13,,,
360673752,2025/10/13 0:24,Spot,Copy Portfolio (Spot) - Profit Sharing with Leader,USDT,0.93800987,Binance Copy Trading,,,,2025/10/13,,,
360673752,2025/10/13 0:24,Spot,Copy Portfolio (Spot) - Profit Sharing with Leader,USDT,0.60422766,Binance Copy Trading,,,,2025/10/13,,,
360673752,2025/10/13 1:18,Spot,Copy Portfolio (Spot) - Profit Sharing with Leader,USDT,16.61890928,Binance Copy Trading,,,,2025/10/13,,,
360673752,2025/10/13 5:30,Spot,Copy Portfolio (Spot) - Leader Trading Fee Comission,USDT,9.97091707,Binance Copy Trading,,,,2025/10/13,,,
360673752,2025/10/13 5:31,Spot,Copy Portfolio (Spot) - Leader Trading Fee Comission,BTC,0.00013129,Binance Copy Trading,,,,2025/10/13,,,
360673752,2025/10/13 8:00,USD-M Futures,Funding Fee,USDT,-0.04358189,,,,,2025/10/13,,,
360673752,2025/10/13 8:00,USD-M Futures,Funding Fee,USDT,-0.04358189,,,,,2025/10/13,,,
360673752,2025/10/13 13:37,Spot,Copy Portfolio (Spot) - Profit Sharing with Leader,USDT,0.03685366,Binance Copy Trading,,,,2025/10/13,,,
360673752,2025/10/13 13:58,Spot,Copy Portfolio (Spot) - Profit Sharing with Leader,USDT,0.01286125,Binance Copy Trading,,,,2025/10/13,,,
360673752,2025/10/13 16:00,USD-M Futures,Funding Fee,USDT,0.03950567,,,,,2025/10/13,,,
360673752,2025/10/13 16:00,USD-M Futures,Funding Fee,USDT,0.03950567,,,,,2025/10/13,,,
360673752,2025/10/13 22:04,Spot,Copy Portfolio (Spot) - Profit Sharing with Leader,USDT,2.04850503,Binance Copy Trading,,,,2025/10/13,,,
360673752,2025/10/14 0:00,USD-M Futures,Funding Fee,USDT,0.06977513,,,,,2025/10/14,,,
360673752,2025/10/14 0:00,USD-M Futures,Funding Fee,USDT,0.06977513,,,,,2025/10/14,,,
360673752,2025/10/14 8:00,USD-M Futures,Funding Fee,USDT,-0.0119271,,,,,2025/10/14,,,
360673752,2025/10/14 8:00,USD-M Futures,Funding Fee,USDT,-0.0119271,,,,,2025/10/14,,,
360673752,2025/10/14 16:00,USD-M Futures,Funding Fee,USDT,0.07611786,,,,,2025/10/14,,,
360673752,2025/10/14 16:00,USD-M Futures,Funding Fee,USDT,0.07611786,,,,,2025/10/14,,,
360673752,2025/10/15 0:00,USD-M Futures,Funding Fee,USDT,0.09194134,,,,,2025/10/15,,,
360673752,2025/10/15 0:00,USD-M Futures,Funding Fee,USDT,0.09194134,,,,,2025/10/15,,,
360673752,2025/10/15 8:00,USD-M Futures,Funding Fee,USDT,-0.06705994,,,,,2025/10/15,,,
360673752,2025/10/15 8:00,USD-M Futures,Funding Fee,USDT,-0.06705994,,,,,2025/10/15,,,
360673752,2025/10/15 16:00,USD-M Futures,Funding Fee,USDT,-0.00373806,,,,,2025/10/15,,,
360673752,2025/10/15 16:00,USD-M Futures,Funding Fee,USDT,-0.00373806,,,,,2025/10/15,,,
360673752,2025/10/16 0:00,USD-M Futures,Funding Fee,USDT,0.04551477,,,,,2025/10/16,,,
360673752,2025/10/16 0:00,USD-M Futures,Funding Fee,USDT,0.04551477,,,,,2025/10/16,,,
360673752,2025/10/16 8:00,USD-M Futures,Funding Fee,USDT,0.03697122,,,,,2025/10/16,,,
360673752,2025/10/16 8:00,USD-M Futures,Funding Fee,USDT,0.03697122,,,,,2025/10/16,,,
360673752,2025/10/16 16:00,USD-M Futures,Funding Fee,USDT,0.04888721,,,,,2025/10/16,,,
360673752,2025/10/16 16:00,USD-M Futures,Funding Fee,USDT,0.04888721,,,,,2025/10/16,,,
360673752,2025/10/17 0:00,USD-M Futures,Funding Fee,USDT,0.00462265,,,,,2025/10/17,,,
360673752,2025/10/17 0:00,USD-M Futures,Funding Fee,USDT,0.00462265,,,,,2025/10/17,,,
360673752,2025/10/17 8:00,USD-M Futures,Funding Fee,USDT,0.01004049,,,,,2025/10/17,,,
360673752,2025/10/17 8:00,USD-M Futures,Funding Fee,USDT,0.01004049,,,,,2025/10/17,,,
360673752,2025/10/17 16:00,USD-M Futures,Funding Fee,USDT,0.00466028,,,,,2025/10/17,,,
360673752,2025/10/17 16:00,USD-M Futures,Funding Fee,USDT,0.00466028,,,,,2025/10/17,,,
360673752,2025/10/18 0:00,USD-M Futures,Funding Fee,USDT,0.07689582,,,,,2025/10/18,,,
360673752,2025/10/18 0:00,USD-M Futures,Funding Fee,USDT,0.07689582,,,,,2025/10/18,,,
360673752,2025/10/18 8:00,USD-M Futures,Funding Fee,USDT,0.10199323,,,,,2025/10/18,,,
360673752,2025/10/18 8:00,USD-M Futures,Funding Fee,USDT,0.10199323,,,,,2025/10/18,,,
360673752,2025/10/18 16:00,USD-M Futures,Funding Fee,USDT,0.05902313,,,,,2025/10/18,,,
360673752,2025/10/18 16:00,USD-M Futures,Funding Fee,USDT,0.05902313,,,,,2025/10/18,,,
360673752,2025/10/19 0:00,USD-M Futures,Funding Fee,USDT,0.02267141,,,,,2025/10/19,,,
360673752,2025/10/19 0:00,USD-M Futures,Funding Fee,USDT,0.02267141,,,,,2025/10/19,,,
360673752,2025/10/19 8:00,USD-M Futures,Funding Fee,USDT,-0.02420711,,,,,2025/10/19,,,
360673752,2025/10/19 8:00,USD-M Futures,Funding Fee,USDT,-0.02420711,,,,,2025/10/19,,,
360673752,2025/10/19 13:20,Spot,Copy Portfolio (Spot) - Profit Sharing with Leader,USDT,0.71596129,Binance Copy Trading,,,,2025/10/19,,,
360673752,2025/10/19 16:00,USD-M Futures,Funding Fee,USDT,-0.04533116,,,,,2025/10/19,,,
360673752,2025/10/19 16:00,USD-M Futures,Funding Fee,USDT,-0.04533116,,,,,2025/10/19,,,
360673752,2025/10/20 0:00,USD-M Futures,Funding Fee,USDT,0.03578606,,,,,2025/10/20,,,
360673752,2025/10/20 0:00,USD-M Futures,Funding Fee,USDT,0.03578606,,,,,2025/10/20,,,
360673752,2025/10/20 0:23,Spot,Copy Portfolio (Spot) - Profit Sharing with Leader,USDT,18.20792968,Binance Copy Trading,,,,2025/10/20,,,
360673752,2025/10/20 0:23,Spot,Copy Portfolio (Spot) - Profit Sharing with Leader,USDT,0.63162726,Binance Copy Trading,,,,2025/10/20,,,
360673752,2025/10/20 5:30,Spot,Copy Portfolio (Spot) - Leader Trading Fee Comission,USDT,1.63311444,Binance Copy Trading,,,,2025/10/20,,,
360673752,2025/10/20 8:00,USD-M Futures,Funding Fee,USDT,0.01108666,,,,,2025/10/20,,,
360673752,2025/10/20 8:00,USD-M Futures,Funding Fee,USDT,0.01108666,,,,,2025/10/20,,,
360673752,2025/10/20 16:00,USD-M Futures,Funding Fee,USDT,0.00029991,,,,,2025/10/20,,,
360673752,2025/10/20 16:00,USD-M Futures,Funding Fee,USDT,0.00029991,,,,,2025/10/20,,,
360673752,2025/10/21 0:00,USD-M Futures,Funding Fee,USDT,0.09224788,,,,,2025/10/21,,,
360673752,2025/10/21 0:00,USD-M Futures,Funding Fee,USDT,0.09224788,,,,,2025/10/21,,,
360673752,2025/10/21 8:00,USD-M Futures,Funding Fee,USDT,-0.03600977,,,,,2025/10/21,,,
360673752,2025/10/21 8:00,USD-M Futures,Funding Fee,USDT,-0.03600977,,,,,2025/10/21,,,
360673752,2025/10/21 16:00,USD-M Futures,Funding Fee,USDT,0.04261025,,,,,2025/10/21,,,
360673752,2025/10/21 16:00,USD-M Futures,Funding Fee,USDT,0.04261025,,,,,2025/10/21,,,
360673752,2025/10/21 18:57,Spot,Copy Portfolio - Profit Sharing,USDT,0.02704824,Binance Copy Trading,,,,2025/10/21,,,
360673752,2025/10/22 0:00,USD-M Futures,Funding Fee,USDT,0.06839674,,,,,2025/10/22,,,
360673752,2025/10/22 0:00,USD-M Futures,Funding Fee,USDT,0.06839674,,,,,2025/10/22,,,
360673752,2025/10/22 8:00,USD-M Futures,Funding Fee,USDT,-0.03971353,,,,,2025/10/22,,,
360673752,2025/10/22 8:00,USD-M Futures,Funding Fee,USDT,-0.03971353,,,,,2025/10/22,,,
360673752,2025/10/22 16:00,USD-M Futures,Funding Fee,USDT,-0.09269314,,,,,2025/10/22,,,
360673752,2025/10/22 16:00,USD-M Futures,Funding Fee,USDT,-0.09269314,,,,,2025/10/22,,,
360673752,2025/10/23 0:00,USD-M Futures,Funding Fee,USDT,-0.14373264,,,,,2025/10/23,,,
360673752,2025/10/23 0:00,USD-M Futures,Funding Fee,USDT,-0.14373264,,,,,2025/10/23,,,
360673752,2025/10/23 8:00,USD-M Futures,Funding Fee,USDT,-0.04379574,,,,,2025/10/23,,,
360673752,2025/10/23 8:00,USD-M Futures,Funding Fee,USDT,-0.04379574,,,,,2025/10/23,,,
360673752,2025/10/23 16:00,USD-M Futures,Funding Fee,USDT,-0.06480541,,,,,2025/10/23,,,
360673752,2025/10/23 16:00,USD-M Futures,Funding Fee,USDT,-0.06480541,,,,,2025/10/23,,,
360673752,2025/10/24 0:00,USD-M Futures,Funding Fee,USDT,-0.05596784,,,,,2025/10/24,,,
360673752,2025/10/24 0:00,USD-M Futures,Funding Fee,USDT,-0.05596784,,,,,2025/10/24,,,
360673752,2025/10/24 8:00,USD-M Futures,Funding Fee,USDT,-0.02969072,,,,,2025/10/24,,,
360673752,2025/10/24 8:00,USD-M Futures,Funding Fee,USDT,-0.02969072,,,,,2025/10/24,,,
360673752,2025/10/24 16:00,USD-M Futures,Funding Fee,USDT,-0.05320073,,,,,2025/10/24,,,
360673752,2025/10/24 16:00,USD-M Futures,Funding Fee,USDT,-0.05320073,,,,,2025/10/24,,,
360673752,2025/10/25 0:00,USD-M Futures,Funding Fee,USDT,-0.0835569,,,,,2025/10/25,,,
360673752,2025/10/25 0:00,USD-M Futures,Funding Fee,USDT,-0.0835569,,,,,2025/10/25,,,
360673752,2025/10/25 8:00,USD-M Futures,Funding Fee,USDT,-0.02480774,,,,,2025/10/25,,,
360673752,2025/10/25 8:00,USD-M Futures,Funding Fee,USDT,-0.02480774,,,,,2025/10/25,,,
360673752,2025/10/25 15:09,Spot,Copy Portfolio (Spot) - Profit Sharing with Leader,USDT,0.28889961,Binance Copy Trading,,,,2025/10/25,,,
360673752,2025/10/25 16:00,USD-M Futures,Funding Fee,USDT,-0.09302555,,,,,2025/10/25,,,
360673752,2025/10/25 16:00,USD-M Futures,Funding Fee,USDT,-0.09302555,,,,,2025/10/25,,,
360673752,2025/10/26 0:00,USD-M Futures,Funding Fee,USDT,-0.03185431,,,,,2025/10/26,,,
360673752,2025/10/26 0:00,USD-M Futures,Funding Fee,USDT,-0.03185431,,,,,2025/10/26,,,
360673752,2025/10/26 8:00,USD-M Futures,Funding Fee,USDT,-0.00896175,,,,,2025/10/26,,,
360673752,2025/10/26 8:00,USD-M Futures,Funding Fee,USDT,-0.00896175,,,,,2025/10/26,,,
360673752,2025/10/26 16:00,USD-M Futures,Funding Fee,USDT,-0.1176979,,,,,2025/10/26,,,
360673752,2025/10/26 16:00,USD-M Futures,Funding Fee,USDT,-0.1176979,,,,,2025/10/26,,,
360673752,2025/10/27 0:00,USD-M Futures,Funding Fee,USDT,-0.17175858,,,,,2025/10/27,,,
360673752,2025/10/27 0:00,USD-M Futures,Funding Fee,USDT,-0.17175858,,,,,2025/10/27,,,
360673752,2025/10/27 1:00,Spot,Copy Portfolio (Spot) - Profit Sharing with Leader,USDT,1.52183752,Binance Copy Trading,,,,2025/10/27,,,
360673752,2025/10/27 5:30,Spot,Copy Portfolio (Spot) - Leader Trading Fee Comission,USDT,0.51385269,Binance Copy Trading,,,,2025/10/27,,,
360673752,2025/10/27 8:00,USD-M Futures,Funding Fee,USDT,-0.1732836,,,,,2025/10/27,,,
360673752,2025/10/27 8:00,USD-M Futures,Funding Fee,USDT,-0.1732836,,,,,2025/10/27,,,
360673752,2025/10/27 16:00,USD-M Futures,Funding Fee,USDT,-0.12590032,,,,,2025/10/27,,,
360673752,2025/10/27 16:00,USD-M Futures,Funding Fee,USDT,-0.12590032,,,,,2025/10/27,,,
360673752,2025/10/28 0:00,USD-M Futures,Funding Fee,USDT,-0.10366715,,,,,2025/10/28,,,
360673752,2025/10/28 0:00,USD-M Futures,Funding Fee,USDT,-0.10366715,,,,,2025/10/28,,,
360673752,2025/10/28 8:00,USD-M Futures,Funding Fee,USDT,-0.13363818,,,,,2025/10/28,,,
360673752,2025/10/28 8:00,USD-M Futures,Funding Fee,USDT,-0.13363818,,,,,2025/10/28,,,
360673752,2025/10/28 11:15,Spot,Copy Portfolio (Spot) - Profit Sharing with Leader,USDT,0.04118369,Binance Copy Trading,,,,2025/10/28,,,
360673752,2025/10/28 13:52,Spot,Copy Portfolio (Spot) - Profit Sharing with Leader,USDT,0.07685089,Binance Copy Trading,,,,2025/10/28,,,
360673752,2025/10/28 16:00,USD-M Futures,Funding Fee,USDT,-0.05142354,,,,,2025/10/28,,,
360673752,2025/10/28 16:00,USD-M Futures,Funding Fee,USDT,-0.05142354,,,,,2025/10/28,,,
360673752,2025/10/29 0:00,USD-M Futures,Funding Fee,USDT,0.00054163,,,,,2025/10/29,,,
360673752,2025/10/29 0:00,USD-M Futures,Funding Fee,USDT,0.00054163,,,,,2025/10/29,,,
360673752,2025/10/29 5:56,Funding,P2P Trading,USDT,1398.6,P2P - 22816727500579852288,,,,2025/10/29,,,
360673752,2025/10/29 5:56,Funding,Transfer Between Main and Funding Wallet,USDT,-1398.6,,,,,2025/10/29,,,
360673752,2025/10/29 5:56,Spot,Transfer Between Main and Funding Wallet,USDT,1398.6,,,,,2025/10/29,,,
360673752,2025/10/29 5:58,Spot,Transaction Fee,BTC,-0.00000904,,,,,2025/10/29,,,
360673752,2025/10/29 5:58,Spot,Transaction Fee,BTC,-0.00000333,,,,,2025/10/29,,,
360673752,2025/10/29 5:58,Spot,Transaction Buy,BTC,0.00904,,,,,2025/10/29,,,
360673752,2025/10/29 5:58,Spot,Transaction Buy,BTC,0.00333,,,,,2025/10/29,,,
360673752,2025/10/29 5:58,Spot,Transaction Spend,USDT,-1022.24546,,,,,2025/10/29,,,
360673752,2025/10/29 5:58,Spot,Transaction Spend,USDT,-376.5572325,,,,,2025/10/29,,,
360673752,2025/10/29 8:00,USD-M Futures,Funding Fee,USDT,-0.06109215,,,,,2025/10/29,,,
360673752,2025/10/29 8:00,USD-M Futures,Funding Fee,USDT,-0.06109215,,,,,2025/10/29,,,
360673752,2025/10/29 16:00,USD-M Futures,Funding Fee,USDT,-0.0836456,,,,,2025/10/29,,,
360673752,2025/10/29 16:00,USD-M Futures,Funding Fee,USDT,-0.0836456,,,,,2025/10/29,,,
360673752,2025/10/30 0:00,USD-M Futures,Funding Fee,USDT,-0.01809818,,,,,2025/10/30,,,
360673752,2025/10/30 0:00,USD-M Futures,Funding Fee,USDT,-0.01809818,,,,,2025/10/30,,,
360673752,2025/10/30 8:00,USD-M Futures,Funding Fee,USDT,-0.05759106,,,,,2025/10/30,,,
360673752,2025/10/30 8:00,USD-M Futures,Funding Fee,USDT,-0.05759106,,,,,2025/10/30,,,
360673752,2025/10/30 16:00,USD-M Futures,Funding Fee,USDT,-0.05752834,,,,,2025/10/30,,,
360673752,2025/10/30 16:00,USD-M Futures,Funding Fee,USDT,-0.05752834,,,,,2025/10/30,,,
360673752,2025/10/31 0:00,USD-M Futures,Funding Fee,USDT,-0.00345901,,,,,2025/10/31,,,
360673752,2025/10/31 0:00,USD-M Futures,Funding Fee,USDT,-0.00345901,,,,,2025/10/31,,,
360673752,2025/10/31 1:10,Spot,Copy Portfolio (Spot) - Profit Sharing with Leader,USDT,0.25485379,Binance Copy Trading,,,,2025/10/31,,,
360673752,2025/10/31 8:00,USD-M Futures,Funding Fee,USDT,-0.1641,,,,,2025/10/31,,,
360673752,2025/10/31 8:00,USD-M Futures,Funding Fee,USDT,-0.1641,,,,,2025/10/31,,,
360673752,2025/10/31 16:00,USD-M Futures,Funding Fee,USDT,-0.16526067,,,,,2025/10/31,,,
360673752,2025/10/31 16:00,USD-M Futures,Funding Fee,USDT,-0.16526067,,,,,2025/10/31,,,
360673752,2025/11/1 0:00,USD-M Futures,Funding Fee,USDT,-0.16433595,,,,,2025/11/1,,,
360673752,2025/11/1 0:00,USD-M Futures,Funding Fee,USDT,-0.16433595,,,,,2025/11/1,,,
360673752,2025/11/1 8:00,USD-M Futures,Funding Fee,USDT,-0.16503795,,,,,2025/11/1,,,
360673752,2025/11/1 8:00,USD-M Futures,Funding Fee,USDT,-0.16503795,,,,,2025/11/1,,,
360673752,2025/11/1 16:00,USD-M Futures,Funding Fee,USDT,-0.16178728,,,,,2025/11/1,,,
360673752,2025/11/1 16:00,USD-M Futures,Funding Fee,USDT,-0.16178728,,,,,2025/11/1,,,
360673752,2025/11/2 0:00,USD-M Futures,Funding Fee,USDT,-0.13536373,,,,,2025/11/2,,,
360673752,2025/11/2 0:00,USD-M Futures,Funding Fee,USDT,-0.13536373,,,,,2025/11/2,,,
360673752,2025/11/2 8:00,USD-M Futures,Funding Fee,USDT,-0.13550971,,,,,2025/11/2,,,
360673752,2025/11/2 8:00,USD-M Futures,Funding Fee,USDT,-0.13550971,,,,,2025/11/2,,,
360673752,2025/11/2 16:00,USD-M Futures,Funding Fee,USDT,-0.09303337,,,,,2025/11/2,,,
360673752,2025/11/2 16:00,USD-M Futures,Funding Fee,USDT,-0.09303337,,,,,2025/11/2,,,
360673752,2025/11/3 0:00,USD-M Futures,Funding Fee,USDT,-0.10107251,,,,,2025/11/3,,,
360673752,2025/11/3 0:00,USD-M Futures,Funding Fee,USDT,-0.10107251,,,,,2025/11/3,,,
360673752,2025/11/3 0:23,Spot,Copy Portfolio (Spot) - Profit Sharing with Leader,USDT,0.00744926,Binance Copy Trading,,,,2025/11/3,,,
360673752,2025/11/3 5:30,Spot,Copy Portfolio (Spot) - Leader Trading Fee Comission,USDT,0.57405663,Binance Copy Trading,,,,2025/11/3,,,
360673752,2025/11/3 8:00,USD-M Futures,Funding Fee,USDT,-0.11043373,,,,,2025/11/3,,,
360673752,2025/11/3 8:00,USD-M Futures,Funding Fee,USDT,-0.11043373,,,,,2025/11/3,,,
360673752,2025/11/3 16:00,USD-M Futures,Funding Fee,USDT,-0.08450632,,,,,2025/11/3,,,
360673752,2025/11/3 16:00,USD-M Futures,Funding Fee,USDT,-0.08450632,,,,,2025/11/3,,,
360673752,2025/11/4 0:00,USD-M Futures,Funding Fee,USDT,-0.159816,,,,,2025/11/4,,,
360673752,2025/11/4 0:00,USD-M Futures,Funding Fee,USDT,-0.159816,,,,,2025/11/4,,,
360673752,2025/11/4 8:00,USD-M Futures,Funding Fee,USDT,-0.09099346,,,,,2025/11/4,,,
360673752,2025/11/4 8:00,USD-M Futures,Funding Fee,USDT,-0.09099346,,,,,2025/11/4,,,
360673752,2025/11/4 16:00,USD-M Futures,Funding Fee,USDT,-0.09808702,,,,,2025/11/4,,,
360673752,2025/11/4 16:00,USD-M Futures,Funding Fee,USDT,-0.09808702,,,,,2025/11/4,,,
360673752,2025/11/5 0:00,USD-M Futures,Funding Fee,USDT,-0.10851762,,,,,2025/11/5,,,
360673752,2025/11/5 0:00,USD-M Futures,Funding Fee,USDT,-0.10851762,,,,,2025/11/5,,,
360673752,2025/11/5 8:00,USD-M Futures,Funding Fee,USDT,-0.04329141,,,,,2025/11/5,,,
360673752,2025/11/5 8:00,USD-M Futures,Funding Fee,USDT,-0.04329141,,,,,2025/11/5,,,
360673752,2025/11/5 16:00,USD-M Futures,Funding Fee,USDT,-0.04378927,,,,,2025/11/5,,,
360673752,2025/11/5 16:00,USD-M Futures,Funding Fee,USDT,-0.04378927,,,,,2025/11/5,,,
360673752,2025/11/6 0:00,USD-M Futures,Funding Fee,USDT,-0.06207474,,,,,2025/11/6,,,
360673752,2025/11/6 0:00,USD-M Futures,Funding Fee,USDT,-0.06207474,,,,,2025/11/6,,,
360673752,2025/11/6 8:00,USD-M Futures,Funding Fee,USDT,-0.1224737,,,,,2025/11/6,,,
360673752,2025/11/6 8:00,USD-M Futures,Funding Fee,USDT,-0.1224737,,,,,2025/11/6,,,
360673752,2025/11/6 16:00,USD-M Futures,Funding Fee,USDT,-0.06875017,,,,,2025/11/6,,,
360673752,2025/11/6 16:00,USD-M Futures,Funding Fee,USDT,-0.06875017,,,,,2025/11/6,,,
360673752,2025/11/7 0:00,USD-M Futures,Funding Fee,USDT,-0.07149642,,,,,2025/11/7,,,
360673752,2025/11/7 0:00,USD-M Futures,Funding Fee,USDT,-0.07149642,,,,,2025/11/7,,,
360673752,2025/11/7 8:00,USD-M Futures,Funding Fee,USDT,-0.06465965,,,,,2025/11/7,,,
360673752,2025/11/7 8:00,USD-M Futures,Funding Fee,USDT,-0.06465965,,,,,2025/11/7,,,
360673752,2025/11/7 16:00,USD-M Futures,Funding Fee,USDT,-0.13044647,,,,,2025/11/7,,,
360673752,2025/11/7 16:00,USD-M Futures,Funding Fee,USDT,-0.13044647,,,,,2025/11/7,,,
360673752,2025/11/8 0:00,USD-M Futures,Funding Fee,USDT,-0.12049518,,,,,2025/11/8,,,
360673752,2025/11/8 0:00,USD-M Futures,Funding Fee,USDT,-0.12049518,,,,,2025/11/8,,,
360673752,2025/11/8 8:00,USD-M Futures,Funding Fee,USDT,-0.04676288,,,,,2025/11/8,,,
360673752,2025/11/8 8:00,USD-M Futures,Funding Fee,USDT,-0.04676288,,,,,2025/11/8,,,
360673752,2025/11/8 16:00,USD-M Futures,Funding Fee,USDT,-0.05704141,,,,,2025/11/8,,,
360673752,2025/11/8 16:00,USD-M Futures,Funding Fee,USDT,-0.05704141,,,,,2025/11/8,,,
360673752,2025/11/9 0:00,USD-M Futures,Funding Fee,USDT,0.02515822,,,,,2025/11/9,,,
360673752,2025/11/9 0:00,USD-M Futures,Funding Fee,USDT,0.02515822,,,,,2025/11/9,,,
360673752,2025/11/9 8:00,USD-M Futures,Funding Fee,USDT,-0.06399716,,,,,2025/11/9,,,
360673752,2025/11/9 8:00,USD-M Futures,Funding Fee,USDT,-0.06399716,,,,,2025/11/9,,,
360673752,2025/11/9 16:00,USD-M Futures,Funding Fee,USDT,-0.13921011,,,,,2025/11/9,,,
360673752,2025/11/9 16:00,USD-M Futures,Funding Fee,USDT,-0.13921011,,,,,2025/11/9,,,
360673752,2025/11/10 0:00,USD-M Futures,Funding Fee,USDT,-0.13926436,,,,,2025/11/10,,,
360673752,2025/11/10 0:00,USD-M Futures,Funding Fee,USDT,-0.13926436,,,,,2025/11/10,,,
360673752,2025/11/10 5:30,Spot,Copy Portfolio (Spot) - Leader Trading Fee Comission,USDT,0.58190396,Binance Copy Trading,,,,2025/11/10,,,
360673752,2025/11/10 8:00,USD-M Futures,Funding Fee,USDT,-0.11740971,,,,,2025/11/10,,,
360673752,2025/11/10 8:00,USD-M Futures,Funding Fee,USDT,-0.11740971,,,,,2025/11/10,,,
360673752,2025/11/10 16:00,USD-M Futures,Funding Fee,USDT,-0.07843271,,,,,2025/11/10,,,
360673752,2025/11/10 16:00,USD-M Futures,Funding Fee,USDT,-0.07843271,,,,,2025/11/10,,,
360673752,2025/11/11 0:00,USD-M Futures,Funding Fee,USDT,-0.04479191,,,,,2025/11/11,,,
360673752,2025/11/11 0:00,USD-M Futures,Funding Fee,USDT,-0.04479191,,,,,2025/11/11,,,
360673752,2025/11/11 8:00,USD-M Futures,Funding Fee,USDT,0.04359677,,,,,2025/11/11,,,
360673752,2025/11/11 8:00,USD-M Futures,Funding Fee,USDT,0.04359677,,,,,2025/11/11,,,
360673752,2025/11/11 16:00,USD-M Futures,Funding Fee,USDT,-0.09033308,,,,,2025/11/11,,,
360673752,2025/11/11 16:00,USD-M Futures,Funding Fee,USDT,-0.09033308,,,,,2025/11/11,,,
360673752,2025/11/12 0:00,USD-M Futures,Funding Fee,USDT,-0.03804068,,,,,2025/11/12,,,
360673752,2025/11/12 0:00,USD-M Futures,Funding Fee,USDT,-0.03804068,,,,,2025/11/12,,,
360673752,2025/11/12 8:00,USD-M Futures,Funding Fee,USDT,-0.01062136,,,,,2025/11/12,,,
360673752,2025/11/12 8:00,USD-M Futures,Funding Fee,USDT,-0.01062136,,,,,2025/11/12,,,
360673752,2025/11/12 16:00,USD-M Futures,Funding Fee,USDT,-0.08866204,,,,,2025/11/12,,,
360673752,2025/11/12 16:00,USD-M Futures,Funding Fee,USDT,-0.08866204,,,,,2025/11/12,,,
360673752,2025/11/13 0:00,USD-M Futures,Funding Fee,USDT,-0.01641443,,,,,2025/11/13,,,
360673752,2025/11/13 0:00,USD-M Futures,Funding Fee,USDT,-0.01641443,,,,,2025/11/13,,,
360673752,2025/11/13 8:00,USD-M Futures,Funding Fee,USDT,-0.145093,,,,,2025/11/13,,,
360673752,2025/11/13 8:00,USD-M Futures,Funding Fee,USDT,-0.145093,,,,,2025/11/13,,,
360673752,2025/11/13 16:00,USD-M Futures,Funding Fee,USDT,-0.1132215,,,,,2025/11/13,,,
360673752,2025/11/13 16:00,USD-M Futures,Funding Fee,USDT,-0.1132215,,,,,2025/11/13,,,
360673752,2025/11/14 0:00,USD-M Futures,Funding Fee,USDT,-0.12810289,,,,,2025/11/14,,,
360673752,2025/11/14 0:00,USD-M Futures,Funding Fee,USDT,-0.12810289,,,,,2025/11/14,,,
360673752,2025/11/14 8:00,USD-M Futures,Funding Fee,USDT,-0.13292352,,,,,2025/11/14,,,
360673752,2025/11/14 8:00,USD-M Futures,Funding Fee,USDT,-0.13292352,,,,,2025/11/14,,,
360673752,2025/11/14 16:00,USD-M Futures,Funding Fee,USDT,-0.13174801,,,,,2025/11/14,,,
360673752,2025/11/14 16:00,USD-M Futures,Funding Fee,USDT,-0.13174801,,,,,2025/11/14,,,
360673752,2025/11/15 0:00,USD-M Futures,Funding Fee,USDT,-0.12064401,,,,,2025/11/15,,,
360673752,2025/11/15 0:00,USD-M Futures,Funding Fee,USDT,-0.12064401,,,,,2025/11/15,,,
360673752,2025/11/15 8:00,USD-M Futures,Funding Fee,USDT,-0.14443856,,,,,2025/11/15,,,
360673752,2025/11/15 8:00,USD-M Futures,Funding Fee,USDT,-0.14443856,,,,,2025/11/15,,,
360673752,2025/11/15 16:00,USD-M Futures,Funding Fee,USDT,-0.08548861,,,,,2025/11/15,,,
360673752,2025/11/15 16:00,USD-M Futures,Funding Fee,USDT,-0.08548861,,,,,2025/11/15,,,
360673752,2025/11/16 0:00,USD-M Futures,Funding Fee,USDT,-0.11101717,,,,,2025/11/16,,,
360673752,2025/11/16 0:00,USD-M Futures,Funding Fee,USDT,-0.11101717,,,,,2025/11/16,,,
360673752,2025/11/16 8:00,USD-M Futures,Funding Fee,USDT,-0.14409796,,,,,2025/11/16,,,
360673752,2025/11/16 8:00,USD-M Futures,Funding Fee,USDT,-0.14409796,,,,,2025/11/16,,,
360673752,2025/11/16 16:00,USD-M Futures,Funding Fee,USDT,-0.10010366,,,,,2025/11/16,,,
360673752,2025/11/16 16:00,USD-M Futures,Funding Fee,USDT,-0.10010366,,,,,2025/11/16,,,
360673752,2025/11/17 0:00,USD-M Futures,Funding Fee,USDT,-0.14135164,,,,,2025/11/17,,,
360673752,2025/11/17 0:00,USD-M Futures,Funding Fee,USDT,-0.14135164,,,,,2025/11/17,,,
360673752,2025/11/17 5:30,Spot,Copy Portfolio (Spot) - Leader Trading Fee Comission,USDT,1.35509985,Binance Copy Trading,,,,2025/11/17,,,
360673752,2025/11/17 8:00,USD-M Futures,Funding Fee,USDT,-0.13720445,,,,,2025/11/17,,,
360673752,2025/11/17 8:00,USD-M Futures,Funding Fee,USDT,-0.13720445,,,,,2025/11/17,,,
360673752,2025/11/17 16:00,USD-M Futures,Funding Fee,USDT,-0.10154358,,,,,2025/11/17,,,
360673752,2025/11/17 16:00,USD-M Futures,Funding Fee,USDT,-0.10154358,,,,,2025/11/17,,,
360673752,2025/11/18 0:00,USD-M Futures,Funding Fee,USDT,-0.13825455,,,,,2025/11/18,,,
360673752,2025/11/18 0:00,USD-M Futures,Funding Fee,USDT,-0.13825455,,,,,2025/11/18,,,
360673752,2025/11/18 8:00,USD-M Futures,Funding Fee,USDT,-0.13569528,,,,,2025/11/18,,,
360673752,2025/11/18 8:00,USD-M Futures,Funding Fee,USDT,-0.13569528,,,,,2025/11/18,,,
360673752,2025/11/18 16:00,USD-M Futures,Funding Fee,USDT,-0.05188375,,,,,2025/11/18,,,
360673752,2025/11/18 16:00,USD-M Futures,Funding Fee,USDT,-0.05188375,,,,,2025/11/18,,,
360673752,2025/11/19 0:00,USD-M Futures,Funding Fee,USDT,-0.10447576,,,,,2025/11/19,,,
360673752,2025/11/19 0:00,USD-M Futures,Funding Fee,USDT,-0.10447576,,,,,2025/11/19,,,
360673752,2025/11/19 8:00,USD-M Futures,Funding Fee,USDT,-0.06903914,,,,,2025/11/19,,,
360673752,2025/11/19 8:00,USD-M Futures,Funding Fee,USDT,-0.06903914,,,,,2025/11/19,,,
360673752,2025/11/19 8:44,Funding,P2P Trading,USDT,139.66,P2P - 22824378522080296960,,,,2025/11/19,,,
360673752,2025/11/19 8:45,Funding,Transfer Between Main and Funding Wallet,USDT,-139.66,,,,,2025/11/19,,,
360673752,2025/11/19 8:45,Spot,Transfer Between Main and Funding Wallet,USDT,139.66,,,,,2025/11/19,,,
360673752,2025/11/19 8:46,Spot,Transaction Spend,USDT,-136.4164136,,,,,2025/11/19,,,
360673752,2025/11/19 8:46,Spot,Transaction Fee,BTC,-0.00000149,,,,,2025/11/19,,,
360673752,2025/11/19 8:46,Spot,Transaction Buy,BTC,0.00149,,,,,2025/11/19,,,
360673752,2025/11/19 8:55,Spot,Transaction Buy,BTC,0.00007,,,,,2025/11/19,,,
360673752,2025/11/19 8:55,Spot,Transaction Fee,BTC,-1.20E-07,,,,,2025/11/19,,,
360673752,2025/11/19 8:55,Spot,Transaction Fee,BTC,-7.00E-08,,,,,2025/11/19,,,
360673752,2025/11/19 8:55,Spot,Transaction Spend,USDT,-6.4020082,,,,,2025/11/19,,,
360673752,2025/11/19 8:55,Spot,Transaction Spend,USDT,-10.9748712,,,,,2025/11/19,,,
360673752,2025/11/19 8:55,Spot,Transaction Fee,BTC,-7.00E-08,,,,,2025/11/19,,,
360673752,2025/11/19 8:55,Spot,Transaction Buy,BTC,0.00012,,,,,2025/11/19,,,
360673752,2025/11/19 8:55,Spot,Transaction Buy,BTC,0.00007,,,,,2025/11/19,,,
360673752,2025/11/19 8:55,Spot,Transaction Buy,BTC,0.00007,,,,,2025/11/19,,,
360673752,2025/11/19 8:55,Spot,Transaction Fee,BTC,-7.00E-08,,,,,2025/11/19,,,
360673752,2025/11/19 8:55,Spot,Transaction Buy,BTC,0.00007,,,,,2025/11/19,,,
360673752,2025/11/19 8:55,Spot,Transaction Fee,BTC,-7.00E-08,,,,,2025/11/19,,,
360673752,2025/11/19 8:55,Spot,Transaction Spend,USDT,-6.4020082,,,,,2025/11/19,,,
360673752,2025/11/19 8:55,Spot,Transaction Fee,BTC,-2.70E-07,,,,,2025/11/19,,,
360673752,2025/11/19 8:55,Spot,Transaction Spend,USDT,-6.4020082,,,,,2025/11/19,,,
360673752,2025/11/19 8:55,Spot,Transaction Fee,BTC,-7.00E-08,,,,,2025/11/19,,,
360673752,2025/11/19 8:55,Spot,Transaction Spend,USDT,-51.2160656,,,,,2025/11/19,,,
360673752,2025/11/19 8:55,Spot,Transaction Buy,BTC,0.00012,,,,,2025/11/19,,,
360673752,2025/11/19 8:55,Spot,Transaction Buy,BTC,0.00007,,,,,2025/11/19,,,
360673752,2025/11/19 8:55,Spot,Transaction Spend,USDT,-10.9748712,,,,,2025/11/19,,,
360673752,2025/11/19 8:55,Spot,Transaction Spend,USDT,-24.6934602,,,,,2025/11/19,,,
360673752,2025/11/19 8:55,Spot,Transaction Spend,USDT,-10.9748712,,,,,2025/11/19,,,
360673752,2025/11/19 8:55,Spot,Transaction Fee,BTC,-7.00E-08,,,,,2025/11/19,,,
360673752,2025/11/19 8:55,Spot,Transaction Buy,BTC,0.00007,,,,,2025/11/19,,,
360673752,2025/11/19 8:55,Spot,Transaction Buy,BTC,0.00027,,,,,2025/11/19,,,
360673752,2025/11/19 8:55,Spot,Transaction Fee,BTC,-1.20E-07,,,,,2025/11/19,,,
360673752,2025/11/19 8:55,Spot,Transaction Spend,USDT,-10.9748712,,,,,2025/11/19,,,
360673752,2025/11/19 8:55,Spot,Transaction Spend,USDT,-6.4020082,,,,,2025/11/19,,,
360673752,2025/11/19 8:55,Spot,Transaction Spend,USDT,-10.9748712,,,,,2025/11/19,,,
360673752,2025/11/19 8:55,Spot,Transaction Buy,BTC,0.00007,,,,,2025/11/19,,,
360673752,2025/11/19 8:55,Spot,Transaction Fee,BTC,-1.10E-07,,,,,2025/11/19,,,
360673752,2025/11/19 8:55,Spot,Transaction Fee,BTC,-1.20E-07,,,,,2025/11/19,,,
360673752,2025/11/19 8:55,Spot,Transaction Fee,BTC,-7.00E-08,,,,,2025/11/19,,,
360673752,2025/11/19 8:55,Spot,Transaction Buy,BTC,0.00012,,,,,2025/11/19,,,
360673752,2025/11/19 8:55,Spot,Transaction Buy,BTC,0.00012,,,,,2025/11/19,,,
360673752,2025/11/19 8:55,Spot,Transaction Buy,BTC,0.00056,,,,,2025/11/19,,,
360673752,2025/11/19 8:55,Spot,Transaction Buy,BTC,0.00007,,,,,2025/11/19,,,
360673752,2025/11/19 8:55,Spot,Transaction Spend,USDT,-6.4020082,,,,,2025/11/19,,,
360673752,2025/11/19 8:55,Spot,Transaction Buy,BTC,0.00012,,,,,2025/11/19,,,
360673752,2025/11/19 8:55,Spot,Transaction Spend,USDT,-10.0602986,,,,,2025/11/19,,,
360673752,2025/11/19 8:55,Spot,Transaction Spend,USDT,-6.4020082,,,,,2025/11/19,,,
360673752,2025/11/19 8:55,Spot,Transaction Spend,USDT,-6.4020082,,,,,2025/11/19,,,
360673752,2025/11/19 8:55,Spot,Transaction Fee,BTC,-1.20E-07,,,,,2025/11/19,,,
360673752,2025/11/19 8:55,Spot,Transaction Fee,BTC,-1.20E-07,,,,,2025/11/19,,,
360673752,2025/11/19 8:55,Spot,Transaction Buy,BTC,0.00012,,,,,2025/11/19,,,
360673752,2025/11/19 8:55,Spot,Transaction Spend,USDT,-6.4020082,,,,,2025/11/19,,,
360673752,2025/11/19 8:55,Spot,Transaction Fee,BTC,-7.00E-08,,,,,2025/11/19,,,
360673752,2025/11/19 8:55,Spot,Transaction Buy,BTC,0.00011,,,,,2025/11/19,,,
360673752,2025/11/19 8:55,Spot,Transaction Spend,USDT,-10.9748712,,,,,2025/11/19,,,
360673752,2025/11/19 8:55,Spot,Transaction Fee,BTC,-5.60E-07,,,,,2025/11/19,,,
360673752,2025/11/19 8:55,Spot,Transaction Fee,BTC,-1.20E-07,,,,,2025/11/19,,,
360673752,2025/11/19 9:56,Spot,Send,BTC,-0.001499,Binance Pay - P_A1X7ZPDU69W7111B,,,,2025/11/19,,,
360673752,2025/11/19 16:00,USD-M Futures,Funding Fee,USDT,-0.0536734,,,,,2025/11/19,,,
360673752,2025/11/19 16:00,USD-M Futures,Funding Fee,USDT,-0.0536734,,,,,2025/11/19,,,
360673752,2025/11/20 0:00,USD-M Futures,Funding Fee,USDT,-0.05846904,,,,,2025/11/20,,,
360673752,2025/11/20 0:00,USD-M Futures,Funding Fee,USDT,-0.05846904,,,,,2025/11/20,,,
360673752,2025/11/20 8:00,USD-M Futures,Funding Fee,USDT,-0.13840285,,,,,2025/11/20,,,
360673752,2025/11/20 8:00,USD-M Futures,Funding Fee,USDT,-0.13840285,,,,,2025/11/20,,,
360673752,2025/11/20 16:00,USD-M Futures,Funding Fee,USDT,-0.12127835,,,,,2025/11/20,,,
360673752,2025/11/20 16:00,USD-M Futures,Funding Fee,USDT,-0.12127835,,,,,2025/11/20,,,
360673752,2025/11/21 0:00,USD-M Futures,Funding Fee,USDT,-0.05549555,,,,,2025/11/21,,,
360673752,2025/11/21 0:00,USD-M Futures,Funding Fee,USDT,-0.05549555,,,,,2025/11/21,,,
360673752,2025/11/21 8:00,USD-M Futures,Funding Fee,USDT,-0.05701791,,,,,2025/11/21,,,
360673752,2025/11/21 8:00,USD-M Futures,Funding Fee,USDT,-0.05701791,,,,,2025/11/21,,,
360673752,2025/11/21 16:00,USD-M Futures,Funding Fee,USDT,-0.03285188,,,,,2025/11/21,,,
360673752,2025/11/21 16:00,USD-M Futures,Funding Fee,USDT,-0.03285188,,,,,2025/11/21,,,
360673752,2025/11/22 0:00,USD-M Futures,Funding Fee,USDT,-0.017525,,,,,2025/11/22,,,
360673752,2025/11/22 0:00,USD-M Futures,Funding Fee,USDT,-0.017525,,,,,2025/11/22,,,
360673752,2025/11/22 8:00,USD-M Futures,Funding Fee,USDT,-0.0854038,,,,,2025/11/22,,,
360673752,2025/11/22 8:00,USD-M Futures,Funding Fee,USDT,-0.0854038,,,,,2025/11/22,,,
360673752,2025/11/22 16:00,USD-M Futures,Funding Fee,USDT,-0.06390138,,,,,2025/11/22,,,
360673752,2025/11/22 16:00,USD-M Futures,Funding Fee,USDT,-0.06390138,,,,,2025/11/22,,,
360673752,2025/11/23 0:00,USD-M Futures,Funding Fee,USDT,-0.04842638,,,,,2025/11/23,,,
360673752,2025/11/23 0:00,USD-M Futures,Funding Fee,USDT,-0.04842638,,,,,2025/11/23,,,
360673752,2025/11/23 8:00,USD-M Futures,Funding Fee,USDT,-0.00196786,,,,,2025/11/23,,,
360673752,2025/11/23 8:00,USD-M Futures,Funding Fee,USDT,-0.00196786,,,,,2025/11/23,,,
360673752,2025/11/23 16:00,USD-M Futures,Funding Fee,USDT,0.01165948,,,,,2025/11/23,,,
360673752,2025/11/23 16:00,USD-M Futures,Funding Fee,USDT,0.01165948,,,,,2025/11/23,,,
360673752,2025/11/24 0:00,USD-M Futures,Funding Fee,USDT,0.00007812,,,,,2025/11/24,,,
360673752,2025/11/24 0:00,USD-M Futures,Funding Fee,USDT,0.00007812,,,,,2025/11/24,,,
360673752,2025/11/24 5:30,Spot,Copy Portfolio (Spot) - Leader Trading Fee Comission,USDT,0.70107818,Binance Copy Trading,,,,2025/11/24,,,
360673752,2025/11/24 8:00,USD-M Futures,Funding Fee,USDT,0.00174879,,,,,2025/11/24,,,
360673752,2025/11/24 8:00,USD-M Futures,Funding Fee,USDT,0.00174879,,,,,2025/11/24,,,
360673752,2025/11/24 16:00,USD-M Futures,Funding Fee,USDT,-0.0655003,,,,,2025/11/24,,,
360673752,2025/11/24 16:00,USD-M Futures,Funding Fee,USDT,-0.0655003,,,,,2025/11/24,,,
360673752,2025/11/25 0:00,USD-M Futures,Funding Fee,USDT,0.07002466,,,,,2025/11/25,,,
360673752,2025/11/25 0:00,USD-M Futures,Funding Fee,USDT,0.07002466,,,,,2025/11/25,,,
360673752,2025/11/25 8:00,USD-M Futures,Funding Fee,USDT,-0.02615624,,,,,2025/11/25,,,
360673752,2025/11/25 8:00,USD-M Futures,Funding Fee,USDT,-0.02615624,,,,,2025/11/25,,,
360673752,2025/11/25 9:49,Funding,P2P Trading,USDT,7012.62,P2P - 22826566551501348864,,,,2025/11/25,,,
360673752,2025/11/25 9:49,Spot,Transfer Between Main and Funding Wallet,USDT,7012.62,,,,,2025/11/25,,,
360673752,2025/11/25 9:49,Funding,Transfer Between Main and Funding Wallet,USDT,-7012.62,,,,,2025/11/25,,,
360673752,2025/11/25 9:50,Spot Lead,Lead Portfolio (Spot) - Deposit,USDT,7013.521253,Binance Copy Trading,,,,2025/11/25,,,
360673752,2025/11/25 9:50,Spot,Lead Portfolio (Spot) - Deposit,USDT,-7013.521253,Binance Copy Trading,,,,2025/11/25,,,
360673752,2025/11/25 9:50,Spot Lead,Transaction Fee,BTC,-0.00008191,,,,,2025/11/25,,,
360673752,2025/11/25 9:50,Spot Lead,Transaction Buy,BTC,0.08191,,,,,2025/11/25,,,
360673752,2025/11/25 9:50,Spot Lead,Transaction Spend,USDT,-7126.876064,,,,,2025/11/25,,,
360673752,2025/11/25 16:00,USD-M Futures,Funding Fee,USDT,0.03937372,,,,,2025/11/25,,,
360673752,2025/11/25 16:00,USD-M Futures,Funding Fee,USDT,0.03937372,,,,,2025/11/25,,,
360673752,2025/11/26 0:00,USD-M Futures,Funding Fee,USDT,-0.0528922,,,,,2025/11/26,,,
360673752,2025/11/26 0:00,USD-M Futures,Funding Fee,USDT,-0.0528922,,,,,2025/11/26,,,
360673752,2025/11/26 7:13,Funding,P2P Trading,USDT,10955.05,P2P - 22826891921523486720,,,,2025/11/26,,,
360673752,2025/11/26 7:14,Funding,Transfer Between Main and Funding Wallet,USDT,-10955.05,,,,,2025/11/26,,,
360673752,2025/11/26 7:14,Spot,Transfer Between Main and Funding Wallet,USDT,10955.05,,,,,2025/11/26,,,
360673752,2025/11/26 7:14,Spot Lead,Lead Portfolio (Spot) - Deposit,USDT,10955.05,Binance Copy Trading,,,,2025/11/26,,,
360673752,2025/11/26 7:14,Spot,Lead Portfolio (Spot) - Deposit,USDT,-10955.05,Binance Copy Trading,,,,2025/11/26,,,
360673752,2025/11/26 7:15,Spot Lead,Transaction Fee,BTC,-1.20E-07,,,,,2025/11/26,,,
360673752,2025/11/26 7:15,Spot Lead,Transaction Buy,BTC,0.00012,,,,,2025/11/26,,,
360673752,2025/11/26 7:15,Spot Lead,Transaction Buy,BTC,0.00012,,,,,2025/11/26,,,
360673752,2025/11/26 7:15,Spot Lead,Transaction Buy,BTC,0.00012,,,,,2025/11/26,,,
360673752,2025/11/26 7:15,Spot Lead,Transaction Fee,BTC,-7.00E-08,,,,,2025/11/26,,,
360673752,2025/11/26 7:15,Spot Lead,Transaction Fee,BTC,-0.00002887,,,,,2025/11/26,,,
360673752,2025/11/26 7:15,Spot Lead,Transaction Buy,BTC,0.00006,,,,,2025/11/26,,,
360673752,2025/11/26 7:15,Spot Lead,Transaction Spend,USDT,-10.53888,,,,,2025/11/26,,,
360673752,2025/11/26 7:15,Spot Lead,Transaction Spend,USDT,-10.53888,,,,,2025/11/26,,,
360673752,2025/11/26 7:15,Spot Lead,Transaction Fee,BTC,-1.20E-07,,,,,2025/11/26,,,
360673752,2025/11/26 7:15,Spot Lead,Transaction Fee,BTC,-0.000002,,,,,2025/11/26,,,
360673752,2025/11/26 7:15,Spot Lead,Transaction Spend,USDT,-6.14768,,,,,2025/11/26,,,
360673752,2025/11/26 7:15,Spot Lead,Transaction Spend,USDT,-6.14768,,,,,2025/11/26,,,
360673752,2025/11/26 7:15,Spot Lead,Transaction Spend,USDT,-5.26944,,,,,2025/11/26,,,
360673752,2025/11/26 7:15,Spot Lead,Transaction Buy,BTC,0.00012,,,,,2025/11/26,,,
360673752,2025/11/26 7:15,Spot Lead,Transaction Spend,USDT,-10.53888,,,,,2025/11/26,,,
360673752,2025/11/26 7:15,Spot Lead,Transaction Buy,BTC,0.00007,,,,,2025/11/26,,,
360673752,2025/11/26 7:15,Spot Lead,Transaction Fee,BTC,-7.00E-08,,,,,2025/11/26,,,
360673752,2025/11/26 7:15,Spot Lead,Transaction Buy,BTC,0.00012,,,,,2025/11/26,,,
360673752,2025/11/26 7:15,Spot Lead,Transaction Fee,BTC,-7.00E-08,,,,,2025/11/26,,,
360673752,2025/11/26 7:15,Spot Lead,Transaction Buy,BTC,0.00007,,,,,2025/11/26,,,
360673752,2025/11/26 7:15,Spot Lead,Transaction Buy,BTC,0.00012,,,,,2025/11/26,,,
360673752,2025/11/26 7:15,Spot Lead,Transaction Spend,USDT,-175.648,,,,,2025/11/26,,,
360673752,2025/11/26 7:15,Spot Lead,Transaction Fee,BTC,-1.20E-07,,,,,2025/11/26,,,
360673752,2025/11/26 7:15,Spot Lead,Transaction Spend,USDT,-6.14768,,,,,2025/11/26,,,
360673752,2025/11/26 7:15,Spot Lead,Transaction Spend,USDT,-10.53888,,,,,2025/11/26,,,
360673752,2025/11/26 7:15,Spot Lead,Transaction Fee,BTC,-1.20E-07,,,,,2025/11/26,,,
360673752,2025/11/26 7:15,Spot Lead,Transaction Buy,BTC,0.00012,,,,,2025/11/26,,,
360673752,2025/11/26 7:15,Spot Lead,Transaction Spend,USDT,-10.53888,,,,,2025/11/26,,,
360673752,2025/11/26 7:15,Spot Lead,Transaction Fee,BTC,-0.00007632,,,,,2025/11/26,,,
360673752,2025/11/26 7:15,Spot Lead,Transaction Fee,BTC,-6.00E-08,,,,,2025/11/26,,,
360673752,2025/11/26 7:15,Spot Lead,Transaction Spend,USDT,-2535.47888,,,,,2025/11/26,,,
360673752,2025/11/26 7:15,Spot Lead,Transaction Spend,USDT,-10.53888,,,,,2025/11/26,,,
360673752,2025/11/26 7:15,Spot Lead,Transaction Spend,USDT,-1435.04416,,,,,2025/11/26,,,
360673752,2025/11/26 7:15,Spot Lead,Transaction Buy,BTC,0.07632,,,,,2025/11/26,,,
360673752,2025/11/26 7:15,Spot Lead,Transaction Fee,BTC,-1.20E-07,,,,,2025/11/26,,,
360673752,2025/11/26 7:15,Spot Lead,Transaction Fee,BTC,-0.00001634,,,,,2025/11/26,,,
360673752,2025/11/26 7:15,Spot Lead,Transaction Spend,USDT,-6702.72768,,,,,2025/11/26,,,
360673752,2025/11/26 7:15,Spot Lead,Transaction Buy,BTC,0.00012,,,,,2025/11/26,,,
360673752,2025/11/26 7:15,Spot Lead,Transaction Fee,BTC,-1.20E-07,,,,,2025/11/26,,,
360673752,2025/11/26 7:15,Spot Lead,Transaction Buy,BTC,0.02887,,,,,2025/11/26,,,
360673752,2025/11/26 7:15,Spot Lead,Transaction Fee,BTC,-1.20E-07,,,,,2025/11/26,,,
360673752,2025/11/26 7:15,Spot Lead,Transaction Buy,BTC,0.002,,,,,2025/11/26,,,
360673752,2025/11/26 7:15,Spot Lead,Transaction Fee,BTC,-1.20E-07,,,,,2025/11/26,,,
360673752,2025/11/26 7:15,Spot Lead,Transaction Spend,USDT,-10.53888,,,,,2025/11/26,,,
360673752,2025/11/26 7:15,Spot Lead,Transaction Spend,USDT,-10.53888,,,,,2025/11/26,,,
360673752,2025/11/26 7:15,Spot Lead,Transaction Buy,BTC,0.01634,,,,,2025/11/26,,,
360673752,2025/11/26 7:15,Spot Lead,Transaction Buy,BTC,0.00007,,,,,2025/11/26,,,
360673752,2025/11/26 8:00,USD-M Futures,Funding Fee,USDT,-0.07103885,,,,,2025/11/26,,,
360673752,2025/11/26 8:00,USD-M Futures,Funding Fee,USDT,-0.07103885,,,,,2025/11/26,,,
360673752,2025/11/26 16:00,USD-M Futures,Funding Fee,USDT,0.00546333,,,,,2025/11/26,,,
360673752,2025/11/26 16:00,USD-M Futures,Funding Fee,USDT,0.00546333,,,,,2025/11/26,,,
360673752,2025/11/27 0:00,USD-M Futures,Funding Fee,USDT,0.03525807,,,,,2025/11/27,,,
360673752,2025/11/27 0:00,USD-M Futures,Funding Fee,USDT,0.03525807,,,,,2025/11/27,,,
360673752,2025/11/27 8:00,USD-M Futures,Funding Fee,USDT,-0.03300018,,,,,2025/11/27,,,
360673752,2025/11/27 8:00,USD-M Futures,Funding Fee,USDT,-0.03300018,,,,,2025/11/27,,,
360673752,2025/11/27 16:00,USD-M Futures,Funding Fee,USDT,-0.06305725,,,,,2025/11/27,,,
360673752,2025/11/27 16:00,USD-M Futures,Funding Fee,USDT,-0.06305725,,,,,2025/11/27,,,
360673752,2025/11/28 0:00,USD-M Futures,Funding Fee,USDT,-0.02425187,,,,,2025/11/28,,,
360673752,2025/11/28 0:00,USD-M Futures,Funding Fee,USDT,-0.02425187,,,,,2025/11/28,,,
360673752,2025/11/28 8:00,USD-M Futures,Funding Fee,USDT,-0.08188526,,,,,2025/11/28,,,
360673752,2025/11/28 8:00,USD-M Futures,Funding Fee,USDT,-0.08188526,,,,,2025/11/28,,,
360673752,2025/11/28 16:00,USD-M Futures,Funding Fee,USDT,0.02358076,,,,,2025/11/28,,,
360673752,2025/11/28 16:00,USD-M Futures,Funding Fee,USDT,0.02358076,,,,,2025/11/28,,,
360673752,2025/11/29 0:00,USD-M Futures,Funding Fee,USDT,0.02700905,,,,,2025/11/29,,,
360673752,2025/11/29 0:00,USD-M Futures,Funding Fee,USDT,0.02700905,,,,,2025/11/29,,,
360673752,2025/11/29 8:00,USD-M Futures,Funding Fee,USDT,-0.02414261,,,,,2025/11/29,,,
360673752,2025/11/29 8:00,USD-M Futures,Funding Fee,USDT,-0.02414261,,,,,2025/11/29,,,
360673752,2025/11/29 16:00,USD-M Futures,Funding Fee,USDT,-0.03597956,,,,,2025/11/29,,,
360673752,2025/11/29 16:00,USD-M Futures,Funding Fee,USDT,-0.03597956,,,,,2025/11/29,,,
360673752,2025/11/30 0:00,USD-M Futures,Funding Fee,USDT,-0.0828049,,,,,2025/11/30,,,
360673752,2025/11/30 0:00,USD-M Futures,Funding Fee,USDT,-0.0828049,,,,,2025/11/30,,,
360673752,2025/11/30 8:00,USD-M Futures,Funding Fee,USDT,-0.04849918,,,,,2025/11/30,,,
360673752,2025/11/30 8:00,USD-M Futures,Funding Fee,USDT,-0.04849918,,,,,2025/11/30,,,
360673752,2025/11/30 16:00,USD-M Futures,Funding Fee,USDT,-0.05320143,,,,,2025/11/30,,,
360673752,2025/11/30 16:00,USD-M Futures,Funding Fee,USDT,-0.05320143,,,,,2025/11/30,,,
360673752,2025/12/1 0:00,USD-M Futures,Funding Fee,USDT,-0.04868183,,,,,2025/12/1,,,
360673752,2025/12/1 0:00,USD-M Futures,Funding Fee,USDT,-0.04868183,,,,,2025/12/1,,,
360673752,2025/12/1 5:30,Spot,Copy Portfolio (Spot) - Leader Trading Fee Comission,USDT,0.0375587,Binance Copy Trading,,,,2025/12/1,,,
360673752,2025/12/1 5:30,Spot,Copy Portfolio (Spot) - Leader Trading Fee Comission,BTC,0.00000729,Binance Copy Trading,,,,2025/12/1,,,
360673752,2025/12/1 8:00,USD-M Futures,Funding Fee,USDT,-0.04090965,,,,,2025/12/1,,,
360673752,2025/12/1 8:00,USD-M Futures,Funding Fee,USDT,-0.04090965,,,,,2025/12/1,,,
360673752,2025/12/1 16:00,USD-M Futures,Funding Fee,USDT,-0.01893214,,,,,2025/12/1,,,
360673752,2025/12/1 16:00,USD-M Futures,Funding Fee,USDT,-0.01893214,,,,,2025/12/1,,,
360673752,2025/12/2 0:00,USD-M Futures,Funding Fee,USDT,0.01305418,,,,,2025/12/2,,,
360673752,2025/12/2 0:00,USD-M Futures,Funding Fee,USDT,0.01305418,,,,,2025/12/2,,,
360673752,2025/12/2 8:00,USD-M Futures,Funding Fee,USDT,-0.03447832,,,,,2025/12/2,,,
360673752,2025/12/2 8:00,USD-M Futures,Funding Fee,USDT,-0.03447832,,,,,2025/12/2,,,
360673752,2025/12/2 16:00,USD-M Futures,Funding Fee,USDT,-0.05447651,,,,,2025/12/2,,,
360673752,2025/12/2 16:00,USD-M Futures,Funding Fee,USDT,-0.05447651,,,,,2025/12/2,,,
360673752,2025/12/3 0:00,USD-M Futures,Funding Fee,USDT,0.02370651,,,,,2025/12/3,,,
360673752,2025/12/3 0:00,USD-M Futures,Funding Fee,USDT,0.02370651,,,,,2025/12/3,,,
360673752,2025/12/3 8:00,USD-M Futures,Funding Fee,USDT,-0.05865477,,,,,2025/12/3,,,
360673752,2025/12/3 8:00,USD-M Futures,Funding Fee,USDT,-0.05865477,,,,,2025/12/3,,,
360673752,2025/12/3 16:00,USD-M Futures,Funding Fee,USDT,0.01225731,,,,,2025/12/3,,,
360673752,2025/12/3 16:00,USD-M Futures,Funding Fee,USDT,0.01225731,,,,,2025/12/3,,,
360673752,2025/12/4 0:00,USD-M Futures,Funding Fee,USDT,0.00553287,,,,,2025/12/4,,,
360673752,2025/12/4 0:00,USD-M Futures,Funding Fee,USDT,0.00553287,,,,,2025/12/4,,,
360673752,2025/12/4 8:00,USD-M Futures,Funding Fee,USDT,-0.10412093,,,,,2025/12/4,,,
360673752,2025/12/4 8:00,USD-M Futures,Funding Fee,USDT,-0.10412093,,,,,2025/12/4,,,
360673752,2025/12/4 16:00,USD-M Futures,Funding Fee,USDT,-0.05476334,,,,,2025/12/4,,,
360673752,2025/12/4 16:00,USD-M Futures,Funding Fee,USDT,-0.05476334,,,,,2025/12/4,,,
360673752,2025/12/5 0:00,USD-M Futures,Funding Fee,USDT,-0.06677731,,,,,2025/12/5,,,
360673752,2025/12/5 0:00,USD-M Futures,Funding Fee,USDT,-0.06677731,,,,,2025/12/5,,,
360673752,2025/12/5 7:25,Spot,Copy Portfolio (Spot) - Profit Sharing with Leader,USDT,2.95596118,Binance Copy Trading,,,,2025/12/5,,,
360673752,2025/12/5 8:00,USD-M Futures,Funding Fee,USDT,-0.06838983,,,,,2025/12/5,,,
360673752,2025/12/5 8:00,USD-M Futures,Funding Fee,USDT,-0.06838983,,,,,2025/12/5,,,
360673752,2025/12/5 16:00,USD-M Futures,Funding Fee,USDT,-0.00530278,,,,,2025/12/5,,,
360673752,2025/12/5 16:00,USD-M Futures,Funding Fee,USDT,-0.00530278,,,,,2025/12/5,,,
360673752,2025/12/6 0:00,USD-M Futures,Funding Fee,USDT,-0.04946157,,,,,2025/12/6,,,
360673752,2025/12/6 0:00,USD-M Futures,Funding Fee,USDT,-0.04946157,,,,,2025/12/6,,,
360673752,2025/12/6 8:00,USD-M Futures,Funding Fee,USDT,-0.02577685,,,,,2025/12/6,,,
360673752,2025/12/6 8:00,USD-M Futures,Funding Fee,USDT,-0.02577685,,,,,2025/12/6,,,
360673752,2025/12/6 16:00,USD-M Futures,Funding Fee,USDT,0.02451867,,,,,2025/12/6,,,
360673752,2025/12/6 16:00,USD-M Futures,Funding Fee,USDT,0.02451867,,,,,2025/12/6,,,
360673752,2025/12/7 0:00,USD-M Futures,Funding Fee,USDT,-0.05608279,,,,,2025/12/7,,,
360673752,2025/12/7 0:00,USD-M Futures,Funding Fee,USDT,-0.05608279,,,,,2025/12/7,,,
360673752,2025/12/7 8:00,USD-M Futures,Funding Fee,USDT,-0.02232555,,,,,2025/12/7,,,
360673752,2025/12/7 8:00,USD-M Futures,Funding Fee,USDT,-0.02232555,,,,,2025/12/7,,,
360673752,2025/12/7 16:00,USD-M Futures,Funding Fee,USDT,-0.06997849,,,,,2025/12/7,,,
360673752,2025/12/7 16:00,USD-M Futures,Funding Fee,USDT,-0.06997849,,,,,2025/12/7,,,
360673752,2025/12/8 0:00,USD-M Futures,Funding Fee,USDT,0.00730456,,,,,2025/12/8,,,
360673752,2025/12/8 0:00,USD-M Futures,Funding Fee,USDT,0.00730456,,,,,2025/12/8,,,
360673752,2025/12/8 5:30,Spot,Copy Portfolio (Spot) - Leader Trading Fee Comission,USDT,0.0625741,Binance Copy Trading,,,,2025/12/8,,,
360673752,2025/12/8 8:00,USD-M Futures,Funding Fee,USDT,-0.08984956,,,,,2025/12/8,,,
360673752,2025/12/8 8:00,USD-M Futures,Funding Fee,USDT,-0.08984956,,,,,2025/12/8,,,
360673752,2025/12/8 16:00,USD-M Futures,Funding Fee,USDT,-0.04579244,,,,,2025/12/8,,,
360673752,2025/12/8 16:00,USD-M Futures,Funding Fee,USDT,-0.04579244,,,,,2025/12/8,,,
360673752,2025/12/9 0:00,USD-M Futures,Funding Fee,USDT,-0.01158004,,,,,2025/12/9,,,
360673752,2025/12/9 0:00,USD-M Futures,Funding Fee,USDT,-0.01158004,,,,,2025/12/9,,,
360673752,2025/12/9 8:00,USD-M Futures,Funding Fee,USDT,-0.08653512,,,,,2025/12/9,,,
360673752,2025/12/9 8:00,USD-M Futures,Funding Fee,USDT,-0.08653512,,,,,2025/12/9,,,
360673752,2025/12/9 16:00,USD-M Futures,Funding Fee,USDT,-0.07565841,,,,,2025/12/9,,,
360673752,2025/12/9 16:00,USD-M Futures,Funding Fee,USDT,-0.07565841,,,,,2025/12/9,,,
360673752,2025/12/10 0:00,USD-M Futures,Funding Fee,USDT,-0.03858848,,,,,2025/12/10,,,
360673752,2025/12/10 0:00,USD-M Futures,Funding Fee,USDT,-0.03858848,,,,,2025/12/10,,,
360673752,2025/12/10 8:00,USD-M Futures,Funding Fee,USDT,-0.02776776,,,,,2025/12/10,,,
360673752,2025/12/10 8:00,USD-M Futures,Funding Fee,USDT,-0.02776776,,,,,2025/12/10,,,
360673752,2025/12/10 16:00,USD-M Futures,Funding Fee,USDT,-0.04424318,,,,,2025/12/10,,,
360673752,2025/12/10 16:00,USD-M Futures,Funding Fee,USDT,-0.04424318,,,,,2025/12/10,,,
360673752,2025/12/10 21:19,Spot,Copy Portfolio (Spot) - Profit Sharing with Leader,USDT,0.51156636,Binance Copy Trading,,,,2025/12/10,,,
360673752,2025/12/11 0:00,USD-M Futures,Funding Fee,USDT,-0.03573471,,,,,2025/12/11,,,
360673752,2025/12/11 0:00,USD-M Futures,Funding Fee,USDT,-0.03573471,,,,,2025/12/11,,,
360673752,2025/12/11 8:00,USD-M Futures,Funding Fee,USDT,0.02134423,,,,,2025/12/11,,,
360673752,2025/12/11 8:00,USD-M Futures,Funding Fee,USDT,0.02134423,,,,,2025/12/11,,,
360673752,2025/12/11 16:00,USD-M Futures,Funding Fee,USDT,-0.08220241,,,,,2025/12/11,,,
360673752,2025/12/11 16:00,USD-M Futures,Funding Fee,USDT,-0.08220241,,,,,2025/12/11,,,
360673752,2025/12/12 0:00,USD-M Futures,Funding Fee,USDT,-0.0959108,,,,,2025/12/12,,,
360673752,2025/12/12 0:00,USD-M Futures,Funding Fee,USDT,-0.0959108,,,,,2025/12/12,,,
360673752,2025/12/12 8:00,USD-M Futures,Funding Fee,USDT,-0.0651089,,,,,2025/12/12,,,
360673752,2025/12/12 8:00,USD-M Futures,Funding Fee,USDT,-0.0651089,,,,,2025/12/12,,,
360673752,2025/12/12 16:00,USD-M Futures,Funding Fee,USDT,-0.04562243,,,,,2025/12/12,,,
360673752,2025/12/12 16:00,USD-M Futures,Funding Fee,USDT,-0.04562243,,,,,2025/12/12,,,
360673752,2025/12/13 0:00,USD-M Futures,Funding Fee,USDT,-0.00163766,,,,,2025/12/13,,,
360673752,2025/12/13 0:00,USD-M Futures,Funding Fee,USDT,-0.00163766,,,,,2025/12/13,,,
360673752,2025/12/13 8:00,USD-M Futures,Funding Fee,USDT,-0.08152532,,,,,2025/12/13,,,
360673752,2025/12/13 8:00,USD-M Futures,Funding Fee,USDT,-0.08152532,,,,,2025/12/13,,,
360673752,2025/12/13 16:00,USD-M Futures,Funding Fee,USDT,-0.0816037,,,,,2025/12/13,,,
360673752,2025/12/13 16:00,USD-M Futures,Funding Fee,USDT,-0.0816037,,,,,2025/12/13,,,
360673752,2025/12/14 0:00,USD-M Futures,Funding Fee,USDT,-0.1352955,,,,,2025/12/14,,,
360673752,2025/12/14 0:00,USD-M Futures,Funding Fee,USDT,-0.1352955,,,,,2025/12/14,,,
360673752,2025/12/14 8:00,USD-M Futures,Funding Fee,USDT,-0.03921211,,,,,2025/12/14,,,
360673752,2025/12/14 8:00,USD-M Futures,Funding Fee,USDT,-0.03921211,,,,,2025/12/14,,,
360673752,2025/12/14 16:00,USD-M Futures,Funding Fee,USDT,-0.05036117,,,,,2025/12/14,,,
360673752,2025/12/14 16:00,USD-M Futures,Funding Fee,USDT,-0.05036117,,,,,2025/12/14,,,
360673752,2025/12/15 0:00,USD-M Futures,Funding Fee,USDT,-0.00251108,,,,,2025/12/15,,,
360673752,2025/12/15 0:00,USD-M Futures,Funding Fee,USDT,-0.00251108,,,,,2025/12/15,,,
360673752,2025/12/15 5:30,Spot,Copy Portfolio (Spot) - Leader Trading Fee Comission,USDT,0.02831145,Binance Copy Trading,,,,2025/12/15,,,
360673752,2025/12/15 8:00,USD-M Futures,Funding Fee,USDT,0.01201571,,,,,2025/12/15,,,
360673752,2025/12/15 8:00,USD-M Futures,Funding Fee,USDT,0.01201571,,,,,2025/12/15,,,
360673752,2025/12/15 16:00,USD-M Futures,Funding Fee,USDT,-0.04020514,,,,,2025/12/15,,,
360673752,2025/12/15 16:00,USD-M Futures,Funding Fee,USDT,-0.04020514,,,,,2025/12/15,,,
360673752,2025/12/16 0:00,USD-M Futures,Funding Fee,USDT,-0.09676111,,,,,2025/12/16,,,
360673752,2025/12/16 0:00,USD-M Futures,Funding Fee,USDT,-0.09676111,,,,,2025/12/16,,,
360673752,2025/12/16 8:00,USD-M Futures,Funding Fee,USDT,-0.01740775,,,,,2025/12/16,,,
360673752,2025/12/16 8:00,USD-M Futures,Funding Fee,USDT,-0.01740775,,,,,2025/12/16,,,
360673752,2025/12/16 16:00,USD-M Futures,Funding Fee,USDT,-0.05393824,,,,,2025/12/16,,,
360673752,2025/12/16 16:00,USD-M Futures,Funding Fee,USDT,-0.05393824,,,,,2025/12/16,,,
360673752,2025/12/17 0:00,USD-M Futures,Funding Fee,USDT,-0.08195511,,,,,2025/12/17,,,
360673752,2025/12/17 0:00,USD-M Futures,Funding Fee,USDT,-0.08195511,,,,,2025/12/17,,,
360673752,2025/12/17 8:00,USD-M Futures,Funding Fee,USDT,-0.11729436,,,,,2025/12/17,,,
360673752,2025/12/17 8:00,USD-M Futures,Funding Fee,USDT,-0.11729436,,,,,2025/12/17,,,
360673752,2025/12/17 16:00,USD-M Futures,Funding Fee,USDT,-0.07739285,,,,,2025/12/17,,,
360673752,2025/12/17 16:00,USD-M Futures,Funding Fee,USDT,-0.07739285,,,,,2025/12/17,,,
360673752,2025/12/18 0:00,USD-M Futures,Funding Fee,USDT,-0.08056019,,,,,2025/12/18,,,
360673752,2025/12/18 0:00,USD-M Futures,Funding Fee,USDT,-0.08056019,,,,,2025/12/18,,,
360673752,2025/12/18 8:00,USD-M Futures,Funding Fee,USDT,0.01128671,,,,,2025/12/18,,,
360673752,2025/12/18 8:00,USD-M Futures,Funding Fee,USDT,0.01128671,,,,,2025/12/18,,,
360673752,2025/12/18 16:00,USD-M Futures,Funding Fee,USDT,-0.11089633,,,,,2025/12/18,,,
360673752,2025/12/18 16:00,USD-M Futures,Funding Fee,USDT,-0.11089633,,,,,2025/12/18,,,
360673752,2025/12/19 0:00,USD-M Futures,Funding Fee,USDT,-0.07040042,,,,,2025/12/19,,,
360673752,2025/12/19 0:00,USD-M Futures,Funding Fee,USDT,-0.07040042,,,,,2025/12/19,,,
360673752,2025/12/19 8:00,USD-M Futures,Funding Fee,USDT,-0.13187085,,,,,2025/12/19,,,
360673752,2025/12/19 8:00,USD-M Futures,Funding Fee,USDT,-0.13187085,,,,,2025/12/19,,,
360673752,2025/12/19 16:00,USD-M Futures,Funding Fee,USDT,-0.13190427,,,,,2025/12/19,,,
360673752,2025/12/19 16:00,USD-M Futures,Funding Fee,USDT,-0.13190427,,,,,2025/12/19,,,
360673752,2025/12/20 0:00,USD-M Futures,Funding Fee,USDT,-0.13215007,,,,,2025/12/20,,,
360673752,2025/12/20 0:00,USD-M Futures,Funding Fee,USDT,-0.13215007,,,,,2025/12/20,,,
360673752,2025/12/20 8:00,USD-M Futures,Funding Fee,USDT,-0.0163332,,,,,2025/12/20,,,
360673752,2025/12/20 8:00,USD-M Futures,Funding Fee,USDT,-0.0163332,,,,,2025/12/20,,,
360673752,2025/12/20 16:00,USD-M Futures,Funding Fee,USDT,-0.09480198,,,,,2025/12/20,,,
360673752,2025/12/20 16:00,USD-M Futures,Funding Fee,USDT,-0.09480198,,,,,2025/12/20,,,
360673752,2025/12/21 0:00,USD-M Futures,Funding Fee,USDT,-0.12826829,,,,,2025/12/21,,,
360673752,2025/12/21 0:00,USD-M Futures,Funding Fee,USDT,-0.12826829,,,,,2025/12/21,,,
360673752,2025/12/21 8:00,USD-M Futures,Funding Fee,USDT,-0.11731186,,,,,2025/12/21,,,
360673752,2025/12/21 8:00,USD-M Futures,Funding Fee,USDT,-0.11731186,,,,,2025/12/21,,,
360673752,2025/12/21 16:00,USD-M Futures,Funding Fee,USDT,-0.05251113,,,,,2025/12/21,,,
360673752,2025/12/21 16:00,USD-M Futures,Funding Fee,USDT,-0.05251113,,,,,2025/12/21,,,
360673752,2025/12/21 16:28,Spot,Copy Portfolio (Spot) - Profit Sharing with Leader,USDT,0.04038618,Binance Copy Trading,,,,2025/12/21,,,
360673752,2025/12/22 0:00,USD-M Futures,Funding Fee,USDT,-0.05834383,,,,,2025/12/22,,,
360673752,2025/12/22 0:00,USD-M Futures,Funding Fee,USDT,-0.05834383,,,,,2025/12/22,,,
360673752,2025/12/22 0:21,Spot,Copy Portfolio (Spot) - Profit Sharing with Leader,USDT,0.3108184,Binance Copy Trading,,,,2025/12/22,,,
360673752,2025/12/22 5:30,Spot,Copy Portfolio (Spot) - Leader Trading Fee Comission,USDT,0.12023429,Binance Copy Trading,,,,2025/12/22,,,
360673752,2025/12/22 8:00,USD-M Futures,Funding Fee,USDT,-0.06048526,,,,,2025/12/22,,,
360673752,2025/12/22 8:00,USD-M Futures,Funding Fee,USDT,-0.06048526,,,,,2025/12/22,,,
360673752,2025/12/22 16:00,USD-M Futures,Funding Fee,USDT,-0.08951809,,,,,2025/12/22,,,
360673752,2025/12/22 16:00,USD-M Futures,Funding Fee,USDT,-0.08951809,,,,,2025/12/22,,,
360673752,2025/12/23 0:00,USD-M Futures,Funding Fee,USDT,-0.03498463,,,,,2025/12/23,,,
360673752,2025/12/23 0:00,USD-M Futures,Funding Fee,USDT,-0.03498463,,,,,2025/12/23,,,
360673752,2025/12/23 8:00,USD-M Futures,Funding Fee,USDT,-0.06868167,,,,,2025/12/23,,,
360673752,2025/12/23 8:00,USD-M Futures,Funding Fee,USDT,-0.06868167,,,,,2025/12/23,,,
360673752,2025/12/23 16:00,USD-M Futures,Funding Fee,USDT,-0.02353438,,,,,2025/12/23,,,
360673752,2025/12/23 16:00,USD-M Futures,Funding Fee,USDT,-0.02353438,,,,,2025/12/23,,,
360673752,2025/12/24 0:00,USD-M Futures,Funding Fee,USDT,-0.1311945,,,,,2025/12/24,,,
360673752,2025/12/24 0:00,USD-M Futures,Funding Fee,USDT,-0.1311945,,,,,2025/12/24,,,
360673752,2025/12/24 8:00,USD-M Futures,Funding Fee,USDT,-0.11016831,,,,,2025/12/24,,,
360673752,2025/12/24 8:00,USD-M Futures,Funding Fee,USDT,-0.11016831,,,,,2025/12/24,,,
360673752,2025/12/24 16:00,USD-M Futures,Funding Fee,USDT,-0.07736289,,,,,2025/12/24,,,
360673752,2025/12/24 16:00,USD-M Futures,Funding Fee,USDT,-0.07736289,,,,,2025/12/24,,,
360673752,2025/12/25 0:00,USD-M Futures,Funding Fee,USDT,-0.07824679,,,,,2025/12/25,,,
360673752,2025/12/25 0:00,USD-M Futures,Funding Fee,USDT,-0.07824679,,,,,2025/12/25,,,
360673752,2025/12/25 8:00,USD-M Futures,Funding Fee,USDT,-0.10473611,,,,,2025/12/25,,,
360673752,2025/12/25 8:00,USD-M Futures,Funding Fee,USDT,-0.10473611,,,,,2025/12/25,,,
360673752,2025/12/25 16:00,USD-M Futures,Funding Fee,USDT,-0.11025884,,,,,2025/12/25,,,
360673752,2025/12/25 16:00,USD-M Futures,Funding Fee,USDT,-0.11025884,,,,,2025/12/25,,,
360673752,2025/12/26 0:00,USD-M Futures,Funding Fee,USDT,-0.05725484,,,,,2025/12/26,,,
360673752,2025/12/26 0:00,USD-M Futures,Funding Fee,USDT,-0.05725484,,,,,2025/12/26,,,
360673752,2025/12/26 6:41,Spot,Send,BTC,-0.0088,Binance Pay - P_A1XZAADH7TW71114,,,,2025/12/26,,,
360673752,2025/12/26 8:00,USD-M Futures,Funding Fee,USDT,-0.07198888,,,,,2025/12/26,,,
360673752,2025/12/26 8:00,USD-M Futures,Funding Fee,USDT,-0.07198888,,,,,2025/12/26,,,
360673752,2025/12/26 16:00,USD-M Futures,Funding Fee,USDT,-0.13065,,,,,2025/12/26,,,
360673752,2025/12/26 16:00,USD-M Futures,Funding Fee,USDT,-0.13065,,,,,2025/12/26,,,
360673752,2025/12/27 0:00,USD-M Futures,Funding Fee,USDT,-0.02369701,,,,,2025/12/27,,,
360673752,2025/12/27 0:00,USD-M Futures,Funding Fee,USDT,-0.02369701,,,,,2025/12/27,,,
360673752,2025/12/27 8:00,USD-M Futures,Funding Fee,USDT,-0.03658869,,,,,2025/12/27,,,
360673752,2025/12/27 8:00,USD-M Futures,Funding Fee,USDT,-0.03658869,,,,,2025/12/27,,,
360673752,2025/12/27 16:00,USD-M Futures,Funding Fee,USDT,-0.0767902,,,,,2025/12/27,,,
360673752,2025/12/27 16:00,USD-M Futures,Funding Fee,USDT,-0.0767902,,,,,2025/12/27,,,
360673752,2025/12/28 0:00,USD-M Futures,Funding Fee,USDT,0.00047429,,,,,2025/12/28,,,
360673752,2025/12/28 0:00,USD-M Futures,Funding Fee,USDT,0.00047429,,,,,2025/12/28,,,
360673752,2025/12/28 8:00,USD-M Futures,Funding Fee,USDT,-0.10464545,,,,,2025/12/28,,,
360673752,2025/12/28 8:00,USD-M Futures,Funding Fee,USDT,-0.10464545,,,,,2025/12/28,,,
360673752,2025/12/28 16:00,USD-M Futures,Funding Fee,USDT,-0.12463747,,,,,2025/12/28,,,
360673752,2025/12/28 16:00,USD-M Futures,Funding Fee,USDT,-0.12463747,,,,,2025/12/28,,,
360673752,2025/12/29 0:00,USD-M Futures,Funding Fee,USDT,-0.13188075,,,,,2025/12/29,,,
360673752,2025/12/29 0:00,USD-M Futures,Funding Fee,USDT,-0.13188075,,,,,2025/12/29,,,
360673752,2025/12/29 8:00,USD-M Futures,Funding Fee,USDT,-0.1343745,,,,,2025/12/29,,,
360673752,2025/12/29 8:00,USD-M Futures,Funding Fee,USDT,-0.1343745,,,,,2025/12/29,,,
360673752,2025/12/29 16:00,USD-M Futures,Funding Fee,USDT,-0.06344532,,,,,2025/12/29,,,
360673752,2025/12/29 16:00,USD-M Futures,Funding Fee,USDT,-0.06344532,,,,,2025/12/29,,,
360673752,2025/12/30 0:00,USD-M Futures,Funding Fee,USDT,-0.13081356,,,,,2025/12/30,,,
360673752,2025/12/30 0:00,USD-M Futures,Funding Fee,USDT,-0.13081356,,,,,2025/12/30,,,
360673752,2025/12/30 8:00,USD-M Futures,Funding Fee,USDT,-0.06051621,,,,,2025/12/30,,,
360673752,2025/12/30 8:00,USD-M Futures,Funding Fee,USDT,-0.06051621,,,,,2025/12/30,,,
360673752,2025/12/30 16:00,USD-M Futures,Funding Fee,USDT,-0.11136419,,,,,2025/12/30,,,
360673752,2025/12/30 16:00,USD-M Futures,Funding Fee,USDT,-0.11136419,,,,,2025/12/30,,,
360673752,2025/12/31 0:00,USD-M Futures,Funding Fee,USDT,-0.03876995,,,,,2025/12/31,,,
360673752,2025/12/31 0:00,USD-M Futures,Funding Fee,USDT,-0.03876995,,,,,2025/12/31,,,
360673752,2025/12/31 8:00,USD-M Futures,Funding Fee,USDT,-0.01930361,,,,,2025/12/31,,,
360673752,2025/12/31 8:00,USD-M Futures,Funding Fee,USDT,-0.01930361,,,,,2025/12/31,,,
360673752,2025/12/31 16:00,USD-M Futures,Funding Fee,USDT,-0.04944881,,,,,2025/12/31,,,
360673752,2025/12/31 16:00,USD-M Futures,Funding Fee,USDT,-0.04944881,,,,,2025/12/31,,,
